valid_time_utc,split,forecast_wind_mps,forecast_direction_deg,actual_wind_mps,actual_direction_deg,speed_error_mps,u_error_mps,v_error_mps,vector_error_mps
2024-01-01T00:00,calibration,0.95,162,2.73,188,1.78,-0.67351,-1.79993,1.92181
2024-01-01T01:00,calibration,1.5,94,2.0,177,0.5,-1.39167,-1.89262,2.34921
2024-01-01T02:00,calibration,0.76,113,2.04,169,1.28,-0.31033,-1.70556,1.73357
2024-01-01T03:00,calibration,1.21,66,2.25,201,1.04,-1.91172,-2.59271,3.2213
2024-01-01T04:00,calibration,1.82,171,2.41,222,0.59,-1.89732,0.00661,1.89733
2024-01-01T05:00,calibration,1.84,193,2.33,239,0.49,-1.58329,0.5928,1.69063
2024-01-01T06:00,calibration,1.97,204,2.28,232,0.31,-0.99539,0.39598,1.07126
2024-01-01T07:00,calibration,3.24,236,3.53,245,0.29,-0.51318,0.31994,0.60475
2024-01-01T08:00,calibration,4.21,242,3.59,257,-0.62,0.21922,1.1689,1.18928
2024-01-01T09:00,calibration,4.52,242,3.67,253,-0.85,0.48128,1.04901,1.15415
2024-01-01T10:00,calibration,3.69,237,3.81,247,0.12,-0.41243,0.52103,0.66451
2024-01-01T11:00,calibration,3.42,249,3.53,245,0.11,-0.00642,-0.26622,0.2663
2024-01-01T12:00,calibration,2.8,235,3.36,240,0.56,-0.61622,-0.07399,0.62065
2024-01-01T13:00,calibration,3.18,226,3.22,234,0.04,-0.31753,0.31635,0.44822
2024-01-01T14:00,calibration,3.0,240,3.44,234,0.44,-0.18494,-0.52198,0.55378
2024-01-01T15:00,calibration,3.26,227,3.31,245,0.05,-0.61567,0.82445,1.02896
2024-01-01T16:00,calibration,3.16,235,2.93,262,-0.23,-0.31296,1.40472,1.43917
2024-01-01T17:00,calibration,3.42,232,2.94,280,-0.48,-0.20034,2.61609,2.62375
2024-01-01T18:00,calibration,2.94,260,3.41,302,0.47,0.00349,2.31755,2.31755
2024-01-01T19:00,calibration,2.22,278,3.16,305,0.94,-0.39013,1.50354,1.55333
2024-01-01T20:00,calibration,2.0,267,4.12,321,2.12,-0.59554,3.30651,3.35972
2024-01-01T21:00,calibration,2.51,299,4.19,320,1.68,-0.49798,1.99285,2.05413
2024-01-01T22:00,calibration,3.7,322,3.96,317,0.26,-0.42277,-0.01948,0.42321
2024-01-01T23:00,calibration,2.2,321,3.89,318,1.69,-1.21841,1.18111,1.69693
2024-01-02T00:00,calibration,1.9,288,3.69,319,1.79,-0.61385,2.19775,2.28186
2024-01-02T01:00,calibration,2.87,299,3.47,314,0.6,0.01405,1.01906,1.01916
2024-01-02T02:00,calibration,2.11,301,3.11,312,1.0,-0.50256,0.99427,1.11406
2024-01-02T03:00,calibration,2.14,307,2.75,303,0.61,-0.59726,0.20987,0.63306
2024-01-02T04:00,calibration,1.63,281,2.82,297,1.19,-0.91259,0.96923,1.33125
2024-01-02T05:00,calibration,1.9,273,3.2,290,1.3,-1.10962,0.99503,1.49041
2024-01-02T06:00,calibration,2.5,270,3.13,287,0.63,-0.49323,0.91512,1.03958
2024-01-02T07:00,calibration,2.61,274,2.72,287,0.11,0.00249,0.61319,0.61319
2024-01-02T08:00,calibration,1.66,245,2.35,282,0.69,-0.79418,1.19014,1.43079
2024-01-02T09:00,calibration,1.66,237,2.4,268,0.74,-1.00634,0.82034,1.29834
2024-01-02T10:00,calibration,1.93,249,2.61,266,0.68,-0.80183,0.50959,0.95006
2024-01-02T11:00,calibration,1.84,229,2.51,275,0.67,-1.11178,1.42591,1.80811
2024-01-02T12:00,calibration,1.77,227,2.84,280,1.07,-1.50236,1.7003,2.26894
2024-01-02T13:00,calibration,1.53,238,2.84,260,1.31,-1.49934,0.31762,1.53261
2024-01-02T14:00,calibration,2.6,268,3.06,259,0.46,-0.40536,-0.49314,0.63836
2024-01-02T15:00,calibration,3.62,242,4.44,256,0.82,-1.11184,0.62535,1.27564
2024-01-02T16:00,calibration,4.08,234,4.33,251,0.25,-0.79331,0.98845,1.26743
2024-01-02T17:00,calibration,4.05,230,4.57,247,0.52,-1.10423,0.81765,1.374
2024-01-02T18:00,calibration,4.2,218,4.29,242,0.09,-1.20207,1.29561,1.76736
2024-01-02T19:00,calibration,3.89,224,4.05,237,0.16,-0.69439,0.59244,0.91278
2024-01-02T20:00,calibration,4.53,227,4.0,238,-0.53,-0.07916,0.96978,0.973
2024-01-02T21:00,calibration,3.75,226,3.77,238,0.02,-0.49962,0.60717,0.78631
2024-01-02T22:00,calibration,2.9,226,2.94,235,0.04,-0.32222,0.32819,0.45993
2024-01-02T23:00,calibration,2.39,213,3.12,230,0.73,-1.08837,-0.00107,1.08837
2024-01-03T00:00,calibration,2.64,209,3.11,228,0.47,-1.03128,0.228,1.05619
2024-01-03T01:00,calibration,2.33,227,3.11,228,0.78,-0.60713,-0.49194,0.78141
2024-01-03T02:00,calibration,2.5,217,3.11,225,0.61,-0.69456,-0.20251,0.72349
2024-01-03T03:00,calibration,2.83,212,3.11,222,0.28,-0.58132,0.0888,0.58807
2024-01-03T04:00,calibration,2.59,208,2.92,232,0.33,-1.08506,0.4891,1.1902
2024-01-03T05:00,calibration,2.02,213,2.94,235,0.92,-1.30814,0.0078,1.30816
2024-01-03T06:00,calibration,3.62,231,2.84,231,-0.78,0.60617,0.49087,0.78
2024-01-03T07:00,calibration,2.48,220,2.84,231,0.36,-0.61298,0.11252,0.62322
2024-01-03T08:00,calibration,2.26,225,2.83,225,0.57,-0.40305,-0.40305,0.57
2024-01-03T09:00,calibration,2.62,220,3.04,226,0.42,-0.50269,-0.10473,0.51348
2024-01-03T10:00,calibration,2.94,215,3.05,229,0.11,-0.61555,0.40733,0.73812
2024-01-03T11:00,calibration,1.79,207,2.9,226,1.11,-1.27344,-0.41961,1.34079
2024-01-03T12:00,calibration,1.75,211,2.62,223,0.87,-0.88552,-0.4161,0.97841
2024-01-03T13:00,calibration,1.66,205,2.48,223,0.82,-0.98981,-0.30929,1.03701
2024-01-03T14:00,calibration,2.66,214,3.34,231,0.68,-1.10821,0.10331,1.11302
2024-01-03T15:00,calibration,3.44,206,3.64,233,0.2,-1.39904,0.90124,1.6642
2024-01-03T16:00,calibration,3.64,212,3.98,231,0.34,-1.16413,0.5822,1.3016
2024-01-03T17:00,calibration,3.67,209,4.08,239,0.41,-1.71799,1.1085,2.04457
2024-01-03T18:00,calibration,2.79,201,4.18,249,1.39,-2.90252,1.10671,3.10635
2024-01-03T19:00,calibration,2.77,221,3.64,238,0.87,-1.26961,0.16164,1.27986
2024-01-03T20:00,calibration,3.64,201,3.26,227,-0.38,-1.07975,1.17492,1.59571
2024-01-03T21:00,calibration,2.83,222,3.19,238,0.36,-0.81163,0.41266,0.91051
2024-01-03T22:00,calibration,1.84,193,1.92,242,0.08,-1.28135,0.89146,1.56095
2024-01-03T23:00,calibration,2.4,178,2.02,250,-0.38,-1.98194,1.70766,2.61614
2024-01-04T00:00,calibration,2.65,169,1.97,240,-0.68,-2.21171,1.61631,2.73937
2024-01-04T01:00,calibration,1.53,191,2.27,229,0.74,-1.42125,0.01264,1.42131
2024-01-04T02:00,calibration,1.52,203,2.5,233,0.98,-1.40268,-0.10537,1.40663
2024-01-04T03:00,calibration,1.82,189,2.8,235,0.98,-2.00891,0.19158,2.01803
2024-01-04T04:00,calibration,2.25,201,2.28,255,0.03,-1.39598,1.51045,2.05675
2024-01-04T05:00,calibration,0.92,221,2.53,279,1.61,-1.89528,1.09011,2.18642
2024-01-04T06:00,calibration,2.34,310,2.38,292,0.04,-0.41415,-0.61256,0.73943
2024-01-04T07:00,calibration,2.33,295,2.53,279,0.2,-0.38715,-0.58892,0.70478
2024-01-04T08:00,calibration,1.77,254,2.85,288,1.08,-1.00908,1.36858,1.70036
2024-01-04T09:00,calibration,1.81,264,3.13,287,1.32,-1.19315,1.10432,1.62577
2024-01-04T10:00,calibration,2.01,276,3.22,296,1.21,-0.89513,1.20145,1.49825
2024-01-04T11:00,calibration,2.73,262,3.4,298,0.67,-0.29859,1.97615,1.99858
2024-01-04T12:00,calibration,2.98,284,4.36,328,1.38,0.58103,2.97656,3.03274
2024-01-04T13:00,calibration,2.92,329,4.24,326,1.32,-0.86707,1.01219,1.33279
2024-01-04T14:00,calibration,4.74,316,4.22,324,-0.52,0.81223,0.00438,0.81224
2024-01-04T15:00,calibration,5.52,315,5.4,321,-0.12,0.5049,0.29336,0.58394
2024-01-04T16:00,calibration,5.73,316,5.62,321,-0.11,0.44361,0.24574,0.50713
2024-01-04T17:00,calibration,4.53,315,4.92,322,0.39,0.17414,0.67382,0.69596
2024-01-04T18:00,calibration,5.89,310,4.6,318,-1.29,1.434,-0.36755,1.48036
2024-01-04T19:00,calibration,4.47,320,4.38,315,-0.09,-0.22387,-0.32709,0.39636
2024-01-04T20:00,calibration,4.32,318,4.17,316,-0.15,-0.00608,-0.21074,0.21083
2024-01-04T21:00,calibration,3.5,323,3.68,317,0.18,-0.4034,-0.10384,0.41655
2024-01-04T22:00,calibration,2.86,335,2.55,315,-0.31,-0.59443,-0.78892,0.9878
2024-01-04T23:00,calibration,2.48,320,2.55,318,0.07,-0.11217,-0.00477,0.11227
2024-01-05T00:00,calibration,2.58,324,2.52,326,-0.06,0.10732,0.00191,0.10734
2024-01-05T01:00,calibration,2.39,327,2.27,319,-0.12,-0.18757,-0.29123,0.34641
2024-01-05T02:00,calibration,2.0,307,2.69,315,0.69,-0.30485,0.69849,0.76211
2024-01-05T03:00,calibration,1.33,257,2.58,306,1.25,-0.79135,1.81567,1.98063
2024-01-05T04:00,calibration,2.78,300,2.42,300,-0.36,0.31177,-0.18,0.36
2024-01-05T05:00,calibration,1.28,309,1.92,298,0.64,-0.70051,0.09586,0.70704
2024-01-05T06:00,calibration,1.51,278,2.15,292,0.64,-0.49814,0.59525,0.77619
2024-01-05T07:00,calibration,2.22,278,2.12,289,-0.1,0.1939,0.38124,0.42771
2024-01-05T08:00,calibration,1.84,283,1.84,283,0.0,0.0,0.0,0.0
2024-01-05T09:00,calibration,1.46,254,1.62,292,0.16,-0.0986,1.00929,1.0141
2024-01-05T10:00,calibration,1.92,242,1.57,297,-0.35,0.29638,1.61415,1.64113
2024-01-05T11:00,calibration,1.8,236,1.39,300,-0.41,0.28849,1.70155,1.72583
2024-01-05T12:00,calibration,1.26,252,0.92,319,-0.34,0.59476,1.08369,1.23618
2024-01-05T13:00,calibration,1.13,225,1.06,229,-0.07,-0.00096,0.10361,0.10361
2024-01-05T14:00,calibration,1.51,172,1.3,212,-0.21,-0.89905,0.39284,0.98113
2024-01-05T15:00,calibration,1.6,180,1.53,212,-0.07,-0.81078,0.30249,0.86536
2024-01-05T16:00,calibration,1.9,180,1.39,210,-0.51,-0.695,0.69622,0.98374
2024-01-05T17:00,calibration,1.46,196,1.25,209,-0.21,-0.20358,0.31017,0.37101
2024-01-05T18:00,calibration,1.17,211,1.14,195,-0.03,0.30754,-0.09827,0.32286
2024-01-05T19:00,calibration,0.76,203,0.91,186,0.15,0.20183,-0.20543,0.28799
2024-01-05T20:00,calibration,0.1,90,0.67,153,0.57,0.20417,-0.59697,0.63092
2024-01-05T21:00,calibration,0.42,45,0.81,150,0.39,0.10802,-0.99847,1.00429
2024-01-05T22:00,calibration,0.82,346,0.63,72,-0.19,0.79754,-0.60096,0.99861
2024-01-05T23:00,calibration,0.73,106,1.26,72,0.53,0.49661,0.59058,0.77162
2024-01-06T00:00,calibration,1.33,103,1.3,94,-0.03,0.00092,0.2085,0.2085
2024-01-06T01:00,calibration,0.42,135,1.87,74,1.45,1.50057,0.81243,1.70639
2024-01-06T02:00,calibration,1.49,20,2.15,62,0.66,1.38873,-0.39078,1.44266
2024-01-06T03:00,calibration,1.0,37,1.66,65,0.66,0.90266,-0.09709,0.90786
2024-01-06T04:00,calibration,2.1,357,2.02,57,-0.08,1.80402,-0.99695,2.06116
2024-01-06T05:00,calibration,0.82,346,2.14,53,1.32,1.90746,0.49224,1.96995
2024-01-06T06:00,calibration,1.08,326,1.58,55,0.5,1.89819,0.01089,1.89822
2024-01-06T07:00,calibration,0.32,288,2.13,41,1.81,1.70174,1.50865,2.27419
2024-01-06T08:00,calibration,0.36,304,2.11,59,1.75,2.10708,0.88542,2.28555
2024-01-06T09:00,calibration,0.14,135,1.24,76,1.1,1.10417,0.39898,1.17404
2024-01-06T10:00,calibration,0.1,90,1.24,104,1.14,1.10317,-0.29998,1.14323
2024-01-06T11:00,calibration,0.91,6,0.92,77,0.01,0.8013,-0.69806,1.06272
2024-01-06T12:00,calibration,0.32,252,1.49,70,1.17,1.70448,0.6085,1.80984
2024-01-06T13:00,calibration,1.22,171,2.86,65,1.64,2.40119,2.41367,3.40463
2024-01-06T14:00,calibration,1.79,63,3.36,60,1.57,1.31494,0.86736,1.57524
2024-01-06T15:00,calibration,1.64,38,3.05,67,1.41,1.79785,-0.10061,1.80067
2024-01-06T16:00,calibration,2.52,83,2.82,73,0.3,0.19556,0.51738,0.5531
2024-01-06T17:00,calibration,3.32,69,3.54,98,0.22,0.40606,-1.68245,1.73076
2024-01-06T18:00,calibration,3.96,80,4.92,119,0.96,0.40329,-3.07291,3.09926
2024-01-06T19:00,calibration,3.32,83,5.06,120,1.74,1.08684,-2.93461,3.1294
2024-01-06T20:00,calibration,2.2,90,3.7,109,1.5,1.29842,-1.2046,1.77115
2024-01-06T21:00,calibration,2.06,61,3.3,90,1.24,1.49828,-0.99871,1.80063
2024-01-06T22:00,calibration,1.75,24,2.7,88,0.95,1.98657,-1.50448,2.49197
2024-01-06T23:00,calibration,2.02,33,2.14,79,0.12,1.00051,-1.28578,1.62919
2024-01-07T00:00,calibration,1.49,48,1.9,90,0.41,0.79271,-0.997,1.27374
2024-01-07T01:00,calibration,0.51,79,1.35,132,0.84,0.50262,-1.00064,1.11978
2024-01-07T02:00,calibration,0.78,320,0.98,156,0.2,0.89998,-1.49279,1.74309
2024-01-07T03:00,calibration,0.1,270,1.25,209,1.15,-0.50601,-1.09327,1.2047
2024-01-07T04:00,calibration,0.41,194,1.44,236,1.03,-1.09463,-0.40742,1.16799
2024-01-07T05:00,calibration,2.15,242,2.4,253,0.25,-0.39679,0.30767,0.5021
2024-01-07T06:00,calibration,2.25,249,3.04,253,0.79,-0.80661,-0.08248,0.81082
2024-01-07T07:00,calibration,2.14,259,2.96,258,0.82,-0.79463,-0.20709,0.82118
2024-01-07T08:00,calibration,1.72,234,3.08,257,1.36,-1.60955,0.31814,1.64069
2024-01-07T09:00,calibration,1.71,249,2.89,256,1.18,-1.20773,-0.08635,1.21081
2024-01-07T10:00,calibration,2.0,217,3.18,257,1.18,-1.89487,0.88193,2.09005
2024-01-07T11:00,calibration,1.86,234,3.54,262,1.68,-2.00078,0.60061,2.08898
2024-01-07T12:00,calibration,1.96,255,3.31,265,1.35,-1.40419,0.2188,1.42113
2024-01-07T13:00,calibration,2.51,247,3.21,265,0.7,-0.88732,0.70097,1.13079
2024-01-07T14:00,calibration,2.91,254,3.54,262,0.63,-0.70828,0.30943,0.77292
2024-01-07T15:00,calibration,3.32,263,4.1,267,0.78,-0.79913,0.19003,0.82141
2024-01-07T16:00,calibration,3.73,250,4.01,266,0.28,-0.49518,0.99601,1.11231
2024-01-07T17:00,calibration,3.35,260,4.23,263,0.88,-0.89936,0.06621,0.9018
2024-01-07T18:00,calibration,3.71,256,4.06,260,0.35,-0.39852,0.19252,0.44259
2024-01-07T19:00,calibration,3.61,251,4.34,262,0.73,-0.88444,0.57129,1.0529
2024-01-07T20:00,calibration,4.12,256,5.1,269,0.98,-1.1016,0.90771,1.4274
2024-01-07T21:00,calibration,4.2,258,3.75,261,-0.45,0.40439,0.2866,0.49565
2024-01-07T22:00,calibration,3.52,255,4.33,263,0.81,-0.89767,0.38335,0.97609
2024-01-07T23:00,calibration,3.58,243,4.6,268,1.02,-1.40739,1.46475,2.03132
2024-01-08T00:00,calibration,3.64,249,4.72,265,1.08,-1.30381,0.89308,1.58035
2024-01-08T01:00,calibration,4.22,248,4.8,268,0.58,-0.88436,1.41332,1.66721
2024-01-08T02:00,calibration,3.54,254,4.8,268,1.26,-1.39421,0.80824,1.61154
2024-01-08T03:00,calibration,3.8,243,4.71,266,0.91,-1.3127,1.39661,1.91669
2024-01-08T04:00,calibration,4.08,253,4.63,264,0.55,-0.70291,0.70891,0.99832
2024-01-08T05:00,calibration,3.93,255,4.63,264,0.7,-0.80855,0.53319,0.96853
2024-01-08T06:00,calibration,3.38,251,4.1,270,0.72,-0.90415,1.10042,1.42422
2024-01-08T07:00,calibration,2.6,254,3.6,270,1.0,-1.10072,0.71666,1.31346
2024-01-08T08:00,calibration,2.06,247,3.22,263,1.16,-1.29976,0.41249,1.36364
2024-01-08T09:00,calibration,2.15,248,3.26,259,1.11,-1.20666,0.18337,1.22051
2024-01-08T10:00,calibration,2.15,242,2.83,262,0.68,-0.90412,0.6155,1.09375
2024-01-08T11:00,calibration,0.99,225,2.11,265,1.12,-1.40194,0.51614,1.49393
2024-01-08T12:00,calibration,0.92,229,2.1,270,1.18,-1.40567,0.60357,1.52977
2024-01-08T13:00,calibration,1.17,211,1.61,263,0.44,-0.9954,0.80668,1.28123
2024-01-08T14:00,calibration,1.21,204,1.7,273,0.49,-1.20552,1.19436,1.69699
2024-01-08T15:00,calibration,2.28,218,1.43,282,-0.85,0.00496,2.09398,2.09398
2024-01-08T16:00,calibration,1.94,235,1.35,318,-0.59,0.68583,2.11598,2.22435
2024-01-08T17:00,calibration,0.64,321,0.61,9,-0.03,0.49819,0.10512,0.50916
2024-01-08T18:00,calibration,0.3,90,0.71,172,0.41,-0.20119,-0.70309,0.73131
2024-01-08T19:00,calibration,1.91,133,2.0,177,0.09,-1.29221,-0.69464,1.46709
2024-01-08T20:00,calibration,3.32,136,2.6,157,-0.72,-1.29036,-0.0051,1.29037
2024-01-08T21:00,calibration,2.78,142,2.27,131,-0.51,0.00165,0.70142,0.70142
2024-01-08T22:00,calibration,2.28,105,2.35,102,0.07,0.09634,0.10151,0.13995
2024-01-08T23:00,calibration,2.51,85,3.0,88,0.49,0.49772,-0.11406,0.51063
2024-01-09T00:00,calibration,2.11,95,3.3,92,1.19,1.19602,0.06873,1.19799
2024-01-09T01:00,calibration,1.25,61,3.61,95,2.36,2.50299,-0.92064,2.66693
2024-01-09T02:00,calibration,2.77,77,3.79,102,1.02,1.00817,-1.4111,1.73425
2024-01-09T03:00,calibration,2.42,83,3.59,103,1.17,1.09603,-1.1025,1.5546
2024-01-09T04:00,calibration,2.35,78,3.8,117,1.45,1.08718,-2.21376,2.46631
2024-01-09T05:00,calibration,3.16,72,3.72,126,0.56,0.0042,-3.16305,3.16306
2024-01-09T06:00,calibration,3.09,65,4.19,123,1.1,0.71354,-3.58793,3.65819
2024-01-09T07:00,calibration,3.63,82,4.29,118,0.66,0.19317,-2.51923,2.52663
2024-01-09T08:00,calibration,2.84,80,4.34,119,1.5,0.999,-2.59723,2.78274
2024-01-09T09:00,calibration,4.05,106,5.52,125,1.47,0.62861,-2.04981,2.14403
2024-01-09T10:00,calibration,6.65,102,5.33,120,-1.32,-1.88877,-1.28239,2.28297
2024-01-09T11:00,calibration,4.69,101,5.1,106,0.41,0.2986,-0.51086,0.59172
2024-01-09T12:00,calibration,3.57,101,6.36,109,2.79,2.50909,-1.38943,2.86811
2024-01-09T13:00,calibration,5.52,85,6.39,130,0.87,-0.60397,-4.58851,4.62809
2024-01-09T14:00,calibration,3.31,85,6.41,121,3.1,2.19704,-3.58988,4.20883
2024-01-09T15:00,calibration,6.21,105,6.64,121,0.43,-0.30681,-1.81259,1.83837
2024-01-09T16:00,calibration,5.22,110,6.99,124,1.77,0.88978,-2.12341,2.3023
2024-01-09T17:00,calibration,5.57,108,7.78,127,2.21,0.916,-2.9609,3.09935
2024-01-09T18:00,calibration,6.57,123,7.89,129,1.32,0.62162,-1.38706,1.51998
2024-01-09T19:00,calibration,5.39,105,7.5,134,2.11,0.18871,-3.8149,3.81957
2024-01-09T20:00,calibration,7.02,116,6.65,136,-0.37,-1.69006,-1.70624,2.40157
2024-01-09T21:00,calibration,5.97,121,4.78,127,-1.19,-1.29981,0.1981,1.31482
2024-01-09T22:00,calibration,8.69,102,4.21,94,-4.48,-4.30036,1.51308,4.55878
2024-01-09T23:00,calibration,4.6,132,7.6,125,3.0,2.80709,-1.28118,3.08564
2024-01-10T00:00,calibration,0.58,329,4.46,132,3.88,3.61315,-3.48148,5.01752
2024-01-10T01:00,calibration,3.93,195,5.02,185,1.09,0.57964,-1.20481,1.33699
2024-01-10T02:00,calibration,8.99,228,5.81,228,-3.18,2.3632,2.12784,3.18
2024-01-10T03:00,calibration,3.76,230,6.16,228,2.4,-1.69745,-1.70496,2.40587
2024-01-10T04:00,calibration,4.85,212,5.94,226,1.09,-1.70277,-0.01324,1.70282
2024-01-10T05:00,calibration,6.72,227,6.25,230,-0.47,0.12692,0.56561,0.57967
2024-01-10T06:00,calibration,6.74,221,6.26,231,-0.48,-0.4431,1.1472,1.22979
2024-01-10T07:00,calibration,6.09,222,5.66,228,-0.43,-0.13119,0.73847,0.75004
2024-01-10T08:00,calibration,5.12,219,4.97,220,-0.15,0.02747,0.17175,0.17393
2024-01-10T09:00,calibration,6.12,218,5.36,217,-0.76,0.54212,0.54194,0.76655
2024-01-10T10:00,calibration,5.75,220,6.08,225,0.33,-0.60318,0.10555,0.61235
2024-01-10T11:00,calibration,6.02,228,5.09,225,-0.93,0.87456,0.42899,0.97411
2024-01-10T12:00,calibration,6.29,224,5.16,224,-1.13,0.78496,0.81285,1.13
2024-01-10T13:00,calibration,5.38,215,6.16,227,0.78,-1.4193,0.20593,1.43416
2024-01-10T14:00,calibration,7.3,221,7.56,233,0.26,-1.24845,0.95966,1.57467
2024-01-10T15:00,calibration,7.16,221,7.21,236,0.05,-1.27998,1.37194,1.87632
2024-01-10T16:00,calibration,7.16,242,5.52,226,-1.64,2.35115,-0.4731,2.39828
2024-01-10T17:00,calibration,6.72,240,8.88,256,2.16,-2.79654,1.21173,3.04777
2024-01-10T18:00,calibration,6.99,236,9.11,261,2.12,-3.20287,2.48364,4.053
2024-01-10T19:00,calibration,6.28,248,8.2,261,1.92,-2.27633,1.06977,2.51517
2024-01-10T20:00,calibration,7.06,249,7.91,261,0.85,-1.22154,1.29268,1.77853
2024-01-10T21:00,calibration,6.26,253,6.53,259,0.27,-0.42356,0.58426,0.72164
2024-01-10T22:00,calibration,5.57,249,6.17,253,0.6,-0.70036,0.19218,0.72625
2024-01-10T23:00,calibration,4.98,248,5.22,250,0.24,-0.28782,0.0802,0.29878
2024-01-11T00:00,calibration,4.88,244,4.62,248,-0.26,0.10253,0.40857,0.42124
2024-01-11T01:00,calibration,3.85,242,4.24,255,0.39,-0.69618,0.71007,0.99442
2024-01-11T02:00,calibration,3.26,243,3.98,252,0.72,-0.88052,0.25012,0.91536
2024-01-11T03:00,calibration,3.84,231,4.02,251,0.18,-0.81674,1.10781,1.37634
2024-01-11T04:00,calibration,2.91,243,3.8,243,0.89,-0.793,-0.40405,0.89
2024-01-11T05:00,calibration,2.66,214,3.34,231,0.68,-1.10821,0.10331,1.11302
2024-01-11T06:00,calibration,1.84,209,3.18,224,1.34,-1.31696,-0.6782,1.48133
2024-01-11T07:00,calibration,3.41,212,3.11,222,-0.3,-0.27397,0.58066,0.64205
2024-01-11T08:00,calibration,2.72,216,3.64,217,0.92,-0.59183,-0.70651,0.92164
2024-01-11T09:00,calibration,1.49,200,3.3,215,1.81,-1.38319,-1.30306,1.90031
2024-01-11T10:00,calibration,2.11,175,2.73,208,0.62,-1.46556,-0.30848,1.49767
2024-01-11T11:00,calibration,1.62,158,2.77,193,1.15,-1.22998,-1.19697,1.71627
2024-01-11T12:00,calibration,2.28,142,3.0,180,0.72,-1.40371,-1.20334,1.8489
2024-01-11T13:00,calibration,1.53,101,3.51,183,1.98,-1.68559,-3.21325,3.62853
2024-01-11T14:00,calibration,2.43,189,2.93,188,0.5,-0.02764,-0.5014,0.50216
2024-01-11T15:00,calibration,4.17,210,3.77,202,-0.4,0.67273,0.11584,0.68263
2024-01-11T16:00,calibration,5.02,215,5.17,223,0.15,-0.64658,0.33104,0.7264
2024-01-11T17:00,calibration,5.31,227,6.55,236,1.24,-1.54671,-0.0413,1.54726
2024-01-11T18:00,calibration,5.23,244,7.95,249,2.72,-2.72127,-0.55634,2.77756
2024-01-11T19:00,calibration,3.77,248,7.35,258,3.58,-3.6939,-0.11588,3.69572
2024-01-11T20:00,calibration,5.15,252,6.68,261,1.53,-1.69982,0.54646,1.78549
2024-01-11T21:00,calibration,5.07,255,5.32,266,0.25,-0.4098,0.94111,1.02646
2024-01-11T22:00,calibration,4.05,254,4.34,262,0.29,-0.40465,0.51232,0.65285
2024-01-11T23:00,calibration,2.35,258,3.95,261,1.6,-1.60272,-0.12932,1.60793
2024-01-12T00:00,calibration,2.62,220,2.81,274,0.19,-1.11905,2.20305,2.47097
2024-01-12T01:00,calibration,1.53,281,2.73,278,1.2,-1.20154,0.088,1.20476
2024-01-12T02:00,calibration,0.81,277,2.53,279,1.72,-1.69489,0.29707,1.72073
2024-01-12T03:00,calibration,2.14,259,2.09,287,-0.05,0.10201,1.01939,1.02448
2024-01-12T04:00,calibration,1.14,255,1.32,279,0.18,-0.20259,0.50155,0.54092
2024-01-12T05:00,calibration,1.62,202,1.17,250,-0.45,-0.49258,1.10187,1.20696
2024-01-12T06:00,calibration,1.72,234,1.12,243,-0.6,0.39358,0.50252,0.63831
2024-01-12T07:00,calibration,0.86,234,1.46,286,0.6,-0.70769,0.90793,1.15115
2024-01-12T08:00,calibration,0.54,112,0.45,63,-0.09,-0.09973,0.40658,0.41864
2024-01-12T09:00,calibration,1.22,99,2.11,95,0.89,0.89699,0.00695,0.89702
2024-01-12T10:00,calibration,1.41,82,3.0,90,1.59,1.60372,-0.19623,1.61568
2024-01-12T11:00,calibration,2.12,82,3.31,93,1.19,1.2061,-0.46828,1.29381
2024-01-12T12:00,calibration,1.7,62,3.51,85,1.81,1.99563,-0.49218,2.05543
2024-01-12T13:00,calibration,1.36,36,3.1,88,1.74,2.29872,-0.99207,2.50367
2024-01-12T14:00,calibration,1.84,61,3.92,96,2.08,2.28923,-1.3018,2.63348
2024-01-12T15:00,calibration,4.4,89,3.4,92,-1.0,-1.0014,-0.19545,1.0203
2024-01-12T16:00,calibration,4.2,90,4.49,107,0.29,0.09381,-1.31275,1.3161
2024-01-12T17:00,calibration,4.62,85,5.22,107,0.6,0.38949,-1.92884,1.96777
2024-01-12T18:00,calibration,4.34,105,4.98,100,0.64,0.71222,0.25851,0.75769
2024-01-12T19:00,calibration,5.1,106,4.64,83,-0.46,-0.29702,1.97122,1.99348
2024-01-12T20:00,calibration,5.5,115,5.35,111,-0.15,0.00996,0.40713,0.40725
2024-01-12T21:00,calibration,6.5,104,7.52,131,1.02,-0.63151,-3.36107,3.41988
2024-01-12T22:00,calibration,5.73,106,7.2,142,1.47,-1.07527,-4.09428,4.23312
2024-01-12T23:00,calibration,4.37,110,6.55,146,2.18,-0.44374,-3.93557,3.96051
2024-01-13T00:00,calibration,2.56,149,4.56,142,2.0,1.48892,-1.39898,2.04304
2024-01-13T01:00,calibration,6.1,125,8.32,145,2.22,-0.22467,-3.31653,3.32413
2024-01-13T02:00,calibration,6.56,128,8.39,149,1.83,-0.84818,-3.15289,3.26499
2024-01-13T03:00,calibration,6.3,137,6.46,158,0.16,-1.87663,-1.38208,2.33064
2024-01-13T04:00,calibration,4.96,138,5.33,150,0.37,-0.65389,-0.92992,1.1368
2024-01-13T05:00,calibration,2.92,142,4.24,161,1.32,-0.41732,-1.70801,1.75825
2024-01-13T06:00,calibration,3.79,162,3.42,201,-0.37,-2.39679,0.41166,2.43189
2024-01-13T07:00,calibration,4.12,186,3.16,191,-0.96,-0.1723,0.99549,1.01029
2024-01-13T08:00,calibration,4.93,186,4.74,198,-0.19,-0.94942,0.39499,1.0283
2024-01-13T09:00,calibration,5.11,211,6.36,217,1.25,-1.1957,-0.6992,1.38513
2024-01-13T10:00,calibration,6.26,231,7.65,241,1.39,-1.82591,0.23075,1.84043
2024-01-13T11:00,calibration,8.45,249,7.16,242,-1.29,1.56685,-0.33321,1.60189
2024-01-13T12:00,calibration,9.03,244,6.71,242,-2.32,2.19153,0.80834,2.33586
2024-01-13T13:00,calibration,7.83,243,7.38,245,-0.45,0.28803,0.43582,0.5224
2024-01-13T14:00,calibration,7.29,245,9.09,246,1.8,-1.69714,-0.61635,1.8056
2024-01-13T15:00,calibration,7.25,242,9.21,249,1.96,-2.19691,0.1031,2.19932
2024-01-13T16:00,calibration,7.16,242,9.38,248,2.22,-2.37508,-0.15239,2.37996
2024-01-13T17:00,calibration,8.52,239,8.99,244,0.47,-0.77709,0.44717,0.89657
2024-01-13T18:00,calibration,8.63,238,9.36,240,0.73,-0.78734,-0.1068,0.79455
2024-01-13T19:00,calibration,8.43,236,9.3,243,0.87,-1.29757,0.49188,1.38768
2024-01-13T20:00,calibration,7.41,238,9.22,241,1.81,-1.77996,-0.54324,1.86101
2024-01-13T21:00,calibration,7.7,232,8.1,244,0.4,-1.21255,1.18979,1.69878
2024-01-13T22:00,calibration,7.74,234,8.19,250,0.45,-1.43429,1.74831,2.26137
2024-01-13T23:00,calibration,7.29,245,7.57,255,0.28,-0.70507,1.12163,1.32483
2024-01-14T00:00,calibration,6.36,240,5.95,250,-0.41,-0.08325,1.14498,1.148
2024-01-14T01:00,calibration,6.38,235,7.04,247,0.66,-1.25416,0.90867,1.54874
2024-01-14T02:00,calibration,6.14,240,6.62,243,0.48,-0.58107,0.06458,0.58465
2024-01-14T03:00,calibration,5.22,234,5.46,235,0.24,-0.2495,-0.06349,0.25745
2024-01-14T04:00,calibration,5.17,229,5.73,223,0.56,-0.006,-0.79883,0.79885
2024-01-14T05:00,calibration,5.24,222,7.08,228,1.84,-1.75522,-0.84337,1.94732
2024-01-14T06:00,calibration,5.25,230,6.74,235,1.49,-1.49935,-0.49127,1.57778
2024-01-14T07:00,calibration,3.85,205,5.45,226,1.6,-2.29332,-0.2966,2.31242
2024-01-14T08:00,calibration,3.62,186,5.97,220,2.35,-3.45905,-0.97312,3.59332
2024-01-14T09:00,calibration,5.26,201,4.61,210,-0.65,-0.41998,0.91826,1.00974
2024-01-14T10:00,calibration,4.74,198,4.04,222,-0.7,-1.23855,1.5057,1.94965
2024-01-14T11:00,calibration,4.55,237,6.22,233,1.67,-1.15156,-1.26518,1.71078
2024-01-14T12:00,calibration,7.1,235,8.23,246,1.13,-1.7025,0.72495,1.85042
2024-01-14T13:00,calibration,8.36,244,7.4,268,-0.96,0.11843,3.40653,3.40858
2024-01-14T14:00,calibration,8.23,254,7.93,265,-0.3,0.01136,1.57735,1.57739
2024-01-14T15:00,calibration,8.07,253,7.79,261,-0.28,0.02329,1.14082,1.14105
2024-01-14T16:00,calibration,8.1,254,7.72,266,-0.38,0.08503,1.69414,1.69627
2024-01-14T17:00,calibration,8.42,257,7.42,266,-1.0,0.80227,1.37649,1.59323
2024-01-14T18:00,calibration,7.02,259,7.0,269,-0.02,-0.10791,1.21731,1.22209
2024-01-14T19:00,calibration,6.32,259,5.9,268,-0.42,0.30748,1.00001,1.04621
2024-01-14T20:00,calibration,5.81,259,5.31,267,-0.5,0.40053,0.8307,0.92222
2024-01-14T21:00,calibration,4.9,250,4.54,256,-0.36,0.19935,0.57757,0.61101
2024-01-14T22:00,calibration,4.53,248,4.46,261,-0.07,-0.20495,0.99927,1.02007
2024-01-14T23:00,calibration,3.28,258,3.82,264,0.54,-0.59075,0.28265,0.65489
2024-01-15T00:00,calibration,2.16,257,3.5,270,1.34,-1.39536,0.48589,1.47754
2024-01-15T01:00,calibration,1.99,252,3.31,267,1.32,-1.41286,0.44171,1.4803
2024-01-15T02:00,calibration,1.51,262,3.11,276,1.6,-1.59766,0.53523,1.68493
2024-01-15T03:00,calibration,2.1,245,3.2,272,1.1,-1.2948,0.99918,1.6355
2024-01-15T04:00,calibration,2.0,267,3.0,272,1.0,-1.00091,0.20937,1.02258
2024-01-15T05:00,calibration,1.06,229,2.82,264,1.76,-2.00456,0.40065,2.04421
2024-01-15T06:00,calibration,0.98,294,2.01,264,1.03,-1.10371,-0.6087,1.26044
2024-01-15T07:00,calibration,0.63,198,1.53,259,0.9,-1.30721,0.30723,1.34283
2024-01-15T08:00,calibration,0.22,207,1.5,270,1.28,-1.40012,0.19602,1.41378
2024-01-15T09:00,calibration,0.22,207,1.61,277,1.39,-1.49812,0.39223,1.54862
2024-01-15T10:00,calibration,0.45,333,1.8,273,1.35,-1.59324,-0.30675,1.6225
2024-01-15T11:00,calibration,0.5,233,1.82,261,1.32,-1.39828,0.0162,1.39837
2024-01-15T12:00,calibration,0.41,256,1.91,264,1.5,-1.50172,-0.10046,1.50507
2024-01-15T13:00,calibration,0.64,309,1.84,248,1.2,-1.20864,-1.09204,1.62892
2024-01-15T14:00,calibration,0.89,243,2.25,249,1.36,-1.30756,-0.40228,1.36804
2024-01-15T15:00,calibration,1.98,225,2.42,240,0.44,-0.69571,0.19007,0.72121
2024-01-15T16:00,calibration,2.47,238,2.42,246,-0.05,-0.1161,0.3246,0.34474
2024-01-15T17:00,calibration,2.34,250,2.64,241,0.3,-0.11012,-0.47957,0.49205
2024-01-15T18:00,calibration,2.38,248,2.58,234,0.2,0.11943,-0.62492,0.63623
2024-01-15T19:00,calibration,2.5,254,2.46,243,-0.04,0.21128,-0.42772,0.47706
2024-01-15T20:00,calibration,1.72,234,2.28,255,0.56,-0.8108,0.42088,0.91353
2024-01-15T21:00,calibration,1.63,259,2.44,251,0.81,-0.70701,-0.48337,0.85645
2024-01-15T22:00,calibration,1.39,249,2.06,247,0.67,-0.59856,-0.30677,0.6726
2024-01-15T23:00,calibration,0.95,252,2.08,235,1.13,-0.80033,-0.89947,1.20399
2024-01-16T00:00,calibration,0.1,180,1.84,241,1.74,-1.6093,-0.79205,1.79365
2024-01-16T01:00,calibration,0.86,144,0.99,225,0.13,-1.20553,-0.00428,1.20554
2024-01-16T02:00,calibration,0.42,225,1.0,233,0.58,-0.50165,-0.30483,0.587
2024-01-16T03:00,calibration,1.22,171,0.92,283,-0.3,-1.08727,1.41193,1.78205
2024-01-16T04:00,calibration,0.67,333,1.66,303,0.99,-1.08802,0.30713,1.13054
2024-01-16T05:00,calibration,0.99,45,1.35,312,0.36,-1.70328,0.20329,1.71537
2024-01-16T06:00,calibration,1.33,347,1.08,338,-0.25,-0.10539,-0.29455,0.31284
2024-01-16T07:00,calibration,2.56,321,1.25,331,-1.31,1.00505,-0.89622,1.3466
2024-01-16T08:00,calibration,1.08,326,1.22,351,0.14,0.41308,0.30962,0.51623
2024-01-16T09:00,calibration,2.06,309,1.43,348,-0.63,1.30361,0.10235,1.30762
2024-01-16T10:00,calibration,1.3,302,1.92,321,0.62,-0.10583,0.80323,0.81017
2024-01-16T11:00,calibration,1.58,325,1.98,315,0.4,-0.49382,0.10581,0.50503
2024-01-16T12:00,calibration,1.43,282,2.91,311,1.48,-0.79745,1.61182,1.7983
2024-01-16T13:00,calibration,2.1,267,2.83,302,0.73,-0.30285,1.60958,1.63782
2024-01-16T14:00,calibration,2.66,250,2.6,286,-0.06,0.0003,1.62643,1.62643
2024-01-16T15:00,calibration,3.26,252,3.2,272,-0.06,-0.09761,1.11907,1.12332
2024-01-16T16:00,calibration,4.77,260,4.2,271,-0.57,0.49817,0.9016,1.03008
2024-01-16T17:00,calibration,5.32,266,5.33,276,0.01,0.00624,0.92824,0.92826
2024-01-16T18:00,calibration,5.63,276,5.25,278,-0.38,0.40025,0.14216,0.42475
2024-01-16T19:00,calibration,4.8,270,4.74,277,-0.06,0.09533,0.57766,0.58547
2024-01-16T20:00,calibration,4.44,262,4.65,279,0.21,-0.19596,1.34535,1.35955
2024-01-16T21:00,calibration,3.96,260,4.04,279,0.08,-0.09042,1.31964,1.32274
2024-01-16T22:00,calibration,4.31,248,3.0,272,-1.31,0.99799,1.71925,1.98792
2024-01-16T23:00,calibration,1.7,230,2.41,265,0.71,-1.09855,0.88269,1.40924
2024-01-17T00:00,calibration,1.22,235,2.61,266,1.39,-1.60428,0.5177,1.68574
2024-01-17T01:00,calibration,3.06,232,3.57,252,0.51,-0.98396,0.78073,1.25607
2024-01-17T02:00,calibration,3.26,227,3.52,255,0.26,-1.01585,1.31227,1.65952
2024-01-17T03:00,calibration,2.56,211,3.77,248,1.21,-2.17699,0.78208,2.31321
2024-01-17T04:00,calibration,2.78,218,3.81,247,1.03,-1.79558,0.70198,1.92793
2024-01-17T05:00,calibration,3.33,229,3.51,250,0.18,-0.78514,0.98419,1.25899
2024-01-17T06:00,calibration,3.16,235,3.51,250,0.35,-0.7098,0.61201,0.93722
2024-01-17T07:00,calibration,3.36,233,3.42,249,0.06,-0.50943,0.79648,0.94546
2024-01-17T08:00,calibration,3.61,226,3.38,251,-0.23,-0.59904,1.4073,1.52949
2024-01-17T09:00,calibration,3.24,236,3.9,247,0.66,-0.90389,0.28793,0.94864
2024-01-17T10:00,calibration,2.78,218,3.89,241,1.11,-1.69073,0.30476,1.71798
2024-01-17T11:00,calibration,2.91,229,4.08,239,1.17,-1.30104,-0.19222,1.31516
2024-01-17T12:00,calibration,3.06,218,4.36,238,1.3,-1.81357,0.10086,1.81637
2024-01-17T13:00,calibration,3.56,218,4.6,236,1.04,-1.62182,0.23303,1.63847
2024-01-17T14:00,calibration,5.38,222,5.85,237,0.47,-1.3063,0.81198,1.53809
2024-01-17T15:00,calibration,5.66,222,6.33,239,0.67,-1.63859,0.94601,1.89206
2024-01-17T16:00,calibration,5.26,219,5.94,234,0.68,-1.49534,0.59634,1.60986
2024-01-17T17:00,calibration,5.5,217,5.66,228,0.16,-0.89622,0.60522,1.08143
2024-01-17T18:00,calibration,5.81,221,5.4,231,-0.41,-0.38489,0.98653,1.05895
2024-01-17T19:00,calibration,5.06,218,5.38,228,0.32,-0.88287,0.38741,0.96413
2024-01-17T20:00,calibration,5.56,218,5.45,227,-0.11,-0.5628,0.66445,0.87077
2024-01-17T21:00,calibration,4.6,222,5.95,229,1.35,-1.41252,-0.48509,1.49349
2024-01-17T22:00,calibration,4.14,217,5.09,227,0.95,-1.23108,-0.16502,1.24209
2024-01-17T23:00,calibration,3.05,212,4.95,223,1.9,-1.75964,-1.03365,2.04078
2024-01-18T00:00,calibration,4.25,207,4.88,223,0.63,-1.39869,0.21777,1.41554
2024-01-18T01:00,calibration,3.44,206,4.67,227,1.23,-1.90743,-0.09308,1.90969
2024-01-18T02:00,calibration,2.6,196,4.68,228,2.08,-2.76126,-0.63225,2.83272
2024-01-18T03:00,calibration,3.16,198,4.33,230,1.17,-2.34048,0.22207,2.35099
2024-01-18T04:00,calibration,2.45,192,4.1,225,1.65,-2.38975,-0.50268,2.44205
2024-01-18T05:00,calibration,3.67,206,4.1,225,0.43,-1.29032,0.39944,1.35073
2024-01-18T06:00,calibration,3.41,220,4.03,226,0.62,-0.70703,-0.18726,0.73141
2024-01-18T07:00,calibration,3.26,220,4.04,228,0.78,-0.90682,-0.20598,0.92992
2024-01-18T08:00,calibration,4.03,224,3.7,232,-0.33,-0.11617,0.62099,0.63176
2024-01-18T09:00,calibration,3.56,218,3.54,225,-0.02,-0.3114,0.30216,0.4339
2024-01-18T10:00,calibration,1.84,202,3.55,220,1.71,-1.59262,-1.01344,1.88772
2024-01-18T11:00,calibration,1.3,184,3.76,220,2.46,-2.3262,-1.58349,2.81401
2024-01-18T12:00,calibration,1.1,185,3.22,216,2.12,-1.7968,-1.50922,2.34654
2024-01-18T13:00,calibration,2.0,183,3.2,200,1.2,-0.98979,-1.00976,1.41397
2024-01-18T14:00,calibration,2.91,196,3.16,191,0.25,0.19915,-0.30467,0.36398
2024-01-18T15:00,calibration,3.61,199,3.7,199,0.09,-0.0293,-0.0851,0.09
2024-01-18T16:00,calibration,4.08,197,4.22,211,0.14,-0.98058,0.28448,1.02102
2024-01-18T17:00,calibration,4.25,204,4.84,218,0.59,-1.25117,0.0686,1.25305
2024-01-18T18:00,calibration,4.43,208,4.69,220,0.26,-0.93491,0.31871,0.98775
2024-01-18T19:00,calibration,4.89,229,4.27,213,-0.62,1.36492,-0.37299,1.41497
2024-01-18T20:00,calibration,4.05,230,3.78,217,-0.27,0.82762,-0.41555,0.92609
2024-01-18T21:00,calibration,3.97,221,3.04,224,-0.93,0.49279,0.8094,0.94762
2024-01-18T22:00,calibration,3.05,229,2.64,217,-0.41,0.71307,-0.10742,0.72112
2024-01-18T23:00,calibration,1.53,259,2.28,232,0.75,-0.29477,-1.11177,1.15019
2024-01-19T00:00,calibration,0.91,174,1.77,254,0.86,-1.79655,0.41714,1.84435
2024-01-19T01:00,calibration,1.8,267,1.8,273,0.0,0.0,0.18841,0.18841
2024-01-19T02:00,calibration,1.93,291,1.73,280,-0.2,0.09809,-0.39124,0.40335
2024-01-19T03:00,calibration,2.0,3,1.17,340,-0.83,-0.50484,-0.89782,1.03002
2024-01-19T04:00,calibration,2.14,11,1.41,352,-0.73,-0.60457,-0.7044,0.92827
2024-01-19T05:00,calibration,2.28,15,1.03,29,-1.25,-0.09075,-1.30145,1.30461
2024-01-19T06:00,calibration,1.5,37,0.82,14,-0.68,-0.70435,-0.40231,0.81115
2024-01-19T07:00,calibration,2.2,39,0.5,37,-1.7,-1.0836,-1.3104,1.70039
2024-01-19T08:00,calibration,2.64,25,1.03,29,-1.61,-0.61636,-1.49179,1.61411
2024-01-19T09:00,calibration,1.92,39,0.64,51,-1.28,-0.71092,-1.08936,1.30081
2024-01-19T10:00,calibration,2.0,37,1.12,10,-0.88,-1.00914,-0.49429,1.1237
2024-01-19T11:00,calibration,1.7,357,1.91,6,0.21,0.28862,0.20187,0.35221
2024-01-19T12:00,calibration,1.39,330,1.7,360,0.31,0.695,0.49622,0.85397
2024-01-19T13:00,calibration,1.66,335,2.04,349,0.38,0.3123,0.49805,0.58786
2024-01-19T14:00,calibration,2.2,330,2.09,343,-0.11,0.48894,0.09342,0.49779
2024-01-19T15:00,calibration,2.58,324,2.42,330,-0.16,0.30649,0.00852,0.3066
2024-01-19T16:00,calibration,2.62,320,2.98,320,0.36,-0.2314,0.27578,0.36
2024-01-19T17:00,calibration,3.34,309,3.75,314,0.41,-0.10186,0.50304,0.51325
2024-01-19T18:00,calibration,3.89,288,4.24,315,0.35,0.70148,1.79606,1.92818
2024-01-19T19:00,calibration,4.25,297,4.4,309,0.15,0.36734,0.83955,0.91639
2024-01-19T20:00,calibration,4.7,297,4.74,314,0.04,0.77806,1.15893,1.39588
2024-01-19T21:00,calibration,3.94,297,5.36,323,1.42,0.28484,2.49196,2.50819
2024-01-19T22:00,calibration,3.64,307,4.39,319,0.75,0.02693,1.12257,1.12289
2024-01-19T23:00,calibration,3.77,302,4.19,320,0.42,0.50386,1.21193,1.3125
2024-01-20T00:00,calibration,2.92,301,4.19,327,1.27,0.22089,2.01012,2.02222
2024-01-20T01:00,calibration,2.15,292,4.21,332,2.06,0.01697,2.91181,2.91185
2024-01-20T02:00,calibration,2.62,310,3.66,325,1.04,-0.09225,1.31399,1.31723
2024-01-20T03:00,calibration,2.1,295,3.68,317,1.58,-0.60651,1.80388,1.90311
2024-01-20T04:00,calibration,2.62,310,3.26,310,0.64,-0.49027,0.41138,0.64
2024-01-20T05:00,calibration,2.69,301,3.04,297,0.35,-0.40288,-0.00532,0.40291
2024-01-20T06:00,calibration,3.07,289,3.69,303,0.62,-0.19195,1.01022,1.0283
2024-01-20T07:00,calibration,2.55,281,4.38,305,1.83,-1.08474,2.0257,2.29785
2024-01-20T08:00,calibration,3.3,272,4.55,289,1.25,-1.00412,1.36617,1.69548
2024-01-20T09:00,calibration,2.61,266,4.85,284,2.24,-2.10229,1.35539,2.50134
2024-01-20T10:00,calibration,3.5,270,4.44,284,0.94,-0.80811,1.07413,1.34418
2024-01-20T11:00,calibration,3.34,279,3.65,279,0.31,-0.30618,0.04849,0.31
2024-01-20T12:00,calibration,2.43,261,3.16,281,0.73,-0.70186,0.98309,1.20792
2024-01-20T13:00,calibration,3.45,253,3.93,285,0.48,-0.49684,2.02584,2.08588
2024-01-20T14:00,calibration,4.02,264,4.9,282,0.88,-0.79495,1.43897,1.64395
2024-01-20T15:00,calibration,5.32,274,5.63,287,0.31,-0.07696,1.27495,1.27727
2024-01-20T16:00,calibration,5.97,279,5.35,287,-0.62,0.78027,0.63027,1.00303
2024-01-20T17:00,calibration,5.9,281,5.41,282,-0.49,0.49982,-0.00097,0.49982
2024-01-20T18:00,calibration,5.43,264,5.81,281,0.38,-0.303,1.67619,1.70336
2024-01-20T19:00,calibration,5.5,272,6.09,284,0.59,-0.41245,1.28136,1.3461
2024-01-20T20:00,calibration,5.62,275,6.1,288,0.48,-0.20283,1.39519,1.40985
2024-01-20T21:00,calibration,5.87,293,6.26,290,0.39,-0.47911,-0.15255,0.50281
2024-01-20T22:00,calibration,4.03,284,5.5,289,1.47,-1.29006,0.81568,1.5263
2024-01-20T23:00,calibration,3.1,272,5.02,283,1.92,-1.79323,1.02107,2.06355
2024-01-21T00:00,calibration,4.61,246,4.79,281,0.18,-0.49055,2.78903,2.83184
2024-01-21T01:00,calibration,4.1,257,4.7,272,0.6,-0.70222,1.08633,1.29353
2024-01-21T02:00,calibration,3.01,255,4.23,277,1.22,-1.29103,1.29455,1.82829
2024-01-21T03:00,calibration,2.51,247,3.81,273,1.3,-1.49431,1.18014,1.90412
2024-01-21T04:00,calibration,2.77,244,3.93,277,1.16,-1.41105,1.69323,2.20411
2024-01-21T05:00,calibration,3.22,240,3.73,278,0.51,-0.9051,2.12912,2.31351
2024-01-21T06:00,calibration,2.77,229,3.41,275,0.64,-1.30648,2.11448,2.48554
2024-01-21T07:00,calibration,2.83,238,3.42,277,0.59,-0.99453,1.91646,2.15915
2024-01-21T08:00,calibration,2.56,239,3.2,272,0.64,-1.0037,1.43018,1.74723
2024-01-21T09:00,calibration,2.11,239,3.2,272,1.09,-1.38943,1.19841,1.83485
2024-01-21T10:00,calibration,2.19,246,3.21,274,1.02,-1.20152,1.11467,1.63894
2024-01-21T11:00,calibration,2.2,240,3.31,275,1.11,-1.39215,1.38849,1.96621
2024-01-21T12:00,calibration,2.66,236,3.0,272,0.34,-0.79293,1.59215,1.77868
2024-01-21T13:00,calibration,2.68,243,3.45,260,0.77,-1.00969,0.61761,1.1836
2024-01-21T14:00,calibration,3.23,254,4.13,263,0.9,-0.99434,0.38699,1.06699
2024-01-21T15:00,calibration,4.0,271,4.04,279,0.04,0.00913,0.56219,0.56226
2024-01-21T16:00,calibration,4.04,279,3.72,276,-0.32,0.29064,-0.24315,0.37894
2024-01-21T17:00,calibration,3.62,276,3.62,276,0.0,0.0,0.0,0.0
2024-01-21T18:00,calibration,3.86,249,3.32,277,-0.54,0.30837,1.78791,1.8143
2024-01-21T19:00,calibration,3.62,264,3.41,273,-0.21,0.19484,0.55686,0.58996
2024-01-21T20:00,calibration,3.71,267,3.32,277,-0.39,0.40966,0.59877,0.7255
2024-01-21T21:00,calibration,3.1,268,2.69,285,-0.41,0.49977,0.80441,0.94702
2024-01-21T22:00,calibration,2.63,261,1.52,293,-1.11,1.19845,1.00533,1.56428
2024-01-21T23:00,calibration,2.34,250,2.77,296,0.43,-0.29078,2.01462,2.03549
2024-01-22T00:00,calibration,1.65,194,2.04,281,0.39,-1.60335,1.99024,2.55573
2024-01-22T01:00,calibration,2.78,210,1.56,230,-1.22,0.19497,1.4048,1.41827
2024-01-22T02:00,calibration,2.47,201,1.8,236,-0.67,-0.6071,1.2994,1.43422
2024-01-22T03:00,calibration,1.36,197,1.72,216,0.36,-0.61337,-0.09093,0.62007
2024-01-22T04:00,calibration,0.99,135,1.88,205,0.89,-1.49456,-1.00382,1.80038
2024-01-22T05:00,calibration,0.99,135,1.71,201,0.72,-1.31284,-0.89639,1.58968
2024-01-22T06:00,calibration,0.81,173,1.7,177,0.89,-0.00974,-0.89371,0.89376
2024-01-22T07:00,calibration,0.78,140,1.8,183,1.02,-0.59558,-1.20002,1.33969
2024-01-22T08:00,calibration,1.2,85,1.61,173,0.41,-0.99922,-1.70259,1.97414
2024-01-22T09:00,calibration,1.13,45,1.53,169,0.4,-0.50709,-2.30092,2.35614
2024-01-22T10:00,calibration,1.55,75,1.61,150,0.06,-0.69219,-1.79547,1.92427
2024-01-22T11:00,calibration,1.44,34,1.81,174,0.37,-0.61604,-2.9939,3.05662
2024-01-22T12:00,calibration,0.1,180,2.02,171,1.92,0.316,-1.89513,1.92129
2024-01-22T13:00,calibration,0.3,180,1.71,173,1.41,0.2084,-1.39725,1.41271
2024-01-22T14:00,calibration,1.43,168,2.71,176,1.28,-0.10827,-1.30465,1.30913
2024-01-22T15:00,calibration,1.81,186,1.33,193,-0.48,-0.10999,0.50417,0.51603
2024-01-22T16:00,calibration,2.82,203,2.53,198,-0.29,0.32005,0.18965,0.37202
2024-01-22T17:00,calibration,3.42,201,3.28,211,-0.14,-0.46371,0.38134,0.60037
2024-01-22T18:00,calibration,3.57,198,3.83,221,0.26,-1.40952,0.50473,1.49716
2024-01-22T19:00,calibration,4.36,212,3.41,220,-0.95,0.11854,1.08528,1.09173
2024-01-22T20:00,calibration,4.36,217,2.78,218,-1.58,0.91237,1.29138,1.58117
2024-01-22T21:00,calibration,3.8,215,2.24,207,-1.56,1.16265,1.11692,1.61223
2024-01-22T22:00,calibration,1.93,201,2.51,209,0.58,-0.52522,-0.39349,0.65627
2024-01-22T23:00,calibration,1.2,90,2.47,212,1.27,-2.5089,-2.09468,3.26837
2024-01-23T00:00,calibration,1.61,60,2.2,219,0.59,-2.77881,-2.51472,3.74774
2024-01-23T01:00,calibration,1.5,86,2.78,218,1.28,-3.20788,-2.2953,3.94448
2024-01-23T02:00,calibration,1.65,104,3.08,216,1.43,-3.41137,-2.0926,4.00205
2024-01-23T03:00,calibration,2.01,84,3.26,220,1.25,-4.09448,-2.70741,4.90864
2024-01-23T04:00,calibration,1.49,70,2.62,230,1.13,-3.40718,-2.19371,4.05231
2024-01-23T05:00,calibration,1.43,65,2.48,223,1.05,-2.98738,-2.4181,3.84339
2024-01-23T06:00,calibration,0.72,124,1.84,221,1.12,-1.80406,-0.98605,2.05594
2024-01-23T07:00,calibration,1.56,45,1.46,196,-0.1,-1.50552,-2.50653,2.92391
2024-01-23T08:00,calibration,1.72,126,1.24,166,-0.48,-1.09153,-0.19218,1.10831
2024-01-23T09:00,calibration,0.94,122,1.26,162,0.32,-0.4078,-0.70021,0.8103
2024-01-23T10:00,calibration,1.44,56,1.39,159,-0.05,-0.69568,-2.10291,2.215
2024-01-23T11:00,calibration,1.64,38,1.41,172,-0.23,-0.81345,-2.68862,2.80898
2024-01-23T12:00,calibration,0.78,140,1.32,171,0.54,-0.29488,-0.70623,0.76532
2024-01-23T13:00,calibration,0.95,162,1.71,173,0.76,-0.08517,-0.79375,0.79831
2024-01-23T14:00,calibration,0.3,270,1.21,204,0.91,-0.19215,-1.10539,1.12197
2024-01-23T15:00,calibration,1.66,237,0.54,158,-1.12,1.59448,0.40342,1.64472
2024-01-23T16:00,calibration,0.81,240,0.5,143,-0.31,1.00239,0.00568,1.0024
2024-01-23T17:00,calibration,1.1,185,0.67,153,-0.43,0.40004,0.49884,0.63943
2024-01-23T18:00,calibration,0.2,180,0.85,135,0.65,0.60104,-0.40104,0.72255
2024-01-23T19:00,calibration,0.4,180,1.49,132,1.09,1.10729,-0.597,1.25797
2024-01-23T20:00,calibration,1.53,122,2.08,125,0.55,0.40632,-0.38226,0.55787
2024-01-23T21:00,calibration,0.63,108,1.98,139,1.35,0.69983,-1.29964,1.47609
2024-01-23T22:00,calibration,1.56,40,1.89,148,0.33,-0.0012,-2.79784,2.79784
2024-01-23T23:00,calibration,1.6,86,2.02,160,0.42,-0.90522,-2.00979,2.20424
2024-01-24T00:00,calibration,2.08,35,1.88,155,-0.2,-0.39852,-3.40769,3.43092
2024-01-24T01:00,calibration,1.33,13,1.33,167,0.0,0.0,-2.59182,2.59182
2024-01-24T02:00,calibration,1.62,22,1.71,173,0.09,-0.39847,-3.19929,3.22401
2024-01-24T03:00,calibration,0.95,18,1.66,155,0.71,0.40798,-2.40797,2.44229
2024-01-24T04:00,calibration,1.36,36,1.61,173,0.25,-0.60318,-2.69826,2.76486
2024-01-24T05:00,calibration,1.0,90,1.82,171,0.82,-0.71529,-1.79759,1.93468
2024-01-24T06:00,calibration,1.0,84,2.22,172,1.22,-0.68556,-2.30292,2.4028
2024-01-24T07:00,calibration,1.81,84,1.92,171,0.11,-1.49973,-2.08556,2.5688
2024-01-24T08:00,calibration,1.02,79,2.01,174,0.99,-0.79116,-2.19361,2.33192
2024-01-24T09:00,calibration,1.28,129,2.11,175,0.83,-0.81085,-1.29644,1.52913
2024-01-24T10:00,calibration,1.08,56,2.04,169,0.96,-0.50611,-2.60645,2.65513
2024-01-24T11:00,calibration,1.32,81,1.87,164,0.55,-0.78831,-2.00405,2.15352
2024-01-24T12:00,calibration,1.42,51,1.84,158,0.42,-0.41427,-2.59965,2.63245
2024-01-24T13:00,calibration,1.8,71,2.16,167,0.36,-1.21604,-2.69066,2.9527
2024-01-24T14:00,calibration,1.53,32,1.9,162,0.37,-0.22364,-3.10452,3.11257
2024-01-24T15:00,calibration,0.81,83,2.28,165,1.47,-0.21385,-2.30103,2.31094
2024-01-24T16:00,calibration,1.3,86,1.65,166,0.35,-0.89766,-1.69167,1.91508
2024-01-24T17:00,calibration,1.48,118,1.94,145,0.46,-0.19402,-0.89434,0.91514
2024-01-24T18:00,calibration,2.28,113,2.11,175,-0.17,-1.91485,-1.2111,2.26571
2024-01-24T19:00,calibration,1.78,128,2.51,151,0.73,-0.18579,-1.09942,1.11501
2024-01-24T20:00,calibration,1.53,79,2.51,157,0.98,-0.52115,-2.6024,2.65407
2024-01-24T21:00,calibration,0.64,51,2.6,164,1.96,0.21928,-2.90205,2.91032
2024-01-24T22:00,calibration,1.81,84,2.63,171,0.82,-1.38866,-2.78682,3.11364
2024-01-24T23:00,calibration,1.41,45,2.91,176,1.5,-0.79403,-3.89993,3.97994
2024-01-25T00:00,calibration,1.24,76,3.0,178,1.76,-1.09847,-3.29816,3.47627
2024-01-25T01:00,calibration,1.13,45,3.55,190,2.42,-1.41548,-4.2951,4.52233
2024-01-25T02:00,calibration,0.58,59,3.81,194,3.23,-1.41888,-3.99555,4.24
2024-01-25T03:00,calibration,1.8,180,3.47,192,1.67,-0.72145,-1.59417,1.74982
2024-01-25T04:00,calibration,3.22,187,3.42,195,0.2,-0.49274,-0.10747,0.50433
2024-01-25T05:00,calibration,3.26,207,2.92,202,-0.34,0.38616,0.1973,0.43364
2024-01-25T06:00,calibration,1.26,162,2.69,195,1.43,-1.08558,-1.40001,1.77159
2024-01-25T07:00,calibration,1.65,194,2.69,195,1.04,-0.29705,-0.99735,1.04065
2024-01-25T08:00,calibration,0.86,54,2.44,199,1.58,-1.49014,-2.81256,3.18293
2024-01-25T09:00,calibration,0.99,45,1.89,212,0.9,-1.70158,-2.30285,2.8633
2024-01-25T10:00,calibration,1.71,7,1.66,213,-0.05,-1.1125,-3.08945,3.28365
2024-01-25T11:00,calibration,0.9,90,1.64,218,0.74,-1.90968,-1.29234,2.30587
2024-01-25T12:00,calibration,1.4,4,1.66,245,0.26,-1.60213,-2.09814,2.63989
2024-01-25T13:00,calibration,1.61,120,2.56,239,0.95,-3.58865,-0.5135,3.6252
2024-01-25T14:00,calibration,1.94,215,2.41,265,0.47,-1.28809,1.37911,1.88709
2024-01-25T15:00,calibration,1.22,235,2.16,283,0.94,-1.10527,1.18566,1.62093
2024-01-25T16:00,calibration,1.13,225,1.35,228,0.22,-0.20421,-0.1043,0.22931
2024-01-25T17:00,calibration,1.2,270,0.92,193,-0.28,0.99305,-0.89642,1.3378
2024-01-25T18:00,calibration,0.71,135,0.5,143,-0.21,-0.20114,0.10273,0.22585
2024-01-25T19:00,calibration,1.61,120,1.62,158,0.01,-0.78744,-0.69704,1.05163
2024-01-25T20:00,calibration,1.3,122,1.22,145,-0.08,-0.4027,-0.31047,0.50849
2024-01-25T21:00,calibration,1.12,100,1.3,122,0.18,-0.00052,-0.49441,0.49441
2024-01-25T22:00,calibration,1.75,77,1.49,110,-0.26,-0.30501,-0.90327,0.95338
2024-01-25T23:00,calibration,1.66,115,1.58,108,-0.08,-0.0018,0.2133,0.21331
2024-01-26T00:00,calibration,2.0,93,2.12,109,0.12,0.00724,-0.58553,0.58558
2024-01-26T01:00,calibration,1.1,95,1.7,93,0.6,0.60186,0.0069,0.6019
2024-01-26T02:00,calibration,1.56,50,1.9,93,0.34,0.70237,-1.10219,1.30696
2024-01-26T03:00,calibration,0.86,36,1.7,87,0.84,1.19217,-0.60678,1.33771
2024-01-26T04:00,calibration,1.9,72,2.3,92,0.4,0.49159,-0.6674,0.82891
2024-01-26T05:00,calibration,2.01,117,2.52,124,0.51,0.29825,-0.49665,0.57932
2024-01-26T06:00,calibration,1.39,69,3.31,155,1.92,0.10119,-3.49801,3.49947
2024-01-26T07:00,calibration,2.76,136,4.22,175,1.46,-1.54946,-2.21856,2.70608
2024-01-26T08:00,calibration,4.41,176,4.94,201,0.53,-2.07796,-0.21263,2.08881
2024-01-26T09:00,calibration,4.39,210,5.44,216,1.05,-1.00255,-0.5992,1.16797
2024-01-26T10:00,calibration,4.52,208,5.14,217,0.62,-0.97132,-0.11406,0.97799
2024-01-26T11:00,calibration,5.89,220,5.31,223,-0.58,0.16461,0.62851,0.64971
2024-01-26T12:00,calibration,3.75,228,5.48,232,1.73,-1.53151,-0.86459,1.7587
2024-01-26T13:00,calibration,4.81,223,4.65,242,-0.16,-0.82529,1.33477,1.5693
2024-01-26T14:00,calibration,6.06,232,5.37,241,-0.69,0.07864,1.12748,1.13022
2024-01-26T15:00,calibration,6.71,242,6.05,239,-0.66,0.73872,0.03417,0.73951
2024-01-26T16:00,calibration,6.22,244,5.32,258,-0.9,0.38675,1.62058,1.66609
2024-01-26T17:00,calibration,5.76,253,6.28,256,0.52,-0.58514,0.16479,0.6079
2024-01-26T18:00,calibration,6.13,246,5.65,257,-0.48,0.09484,1.22232,1.226
2024-01-26T19:00,calibration,6.14,254,5.39,259,-0.75,0.61118,0.66395,0.90242
2024-01-26T20:00,calibration,4.5,267,4.74,263,0.24,-0.21084,-0.34215,0.40189
2024-01-26T21:00,calibration,4.1,257,3.51,265,-0.59,0.49827,0.61638,0.79259
2024-01-26T22:00,calibration,4.12,299,2.92,276,-1.2,0.69943,-1.69219,1.83104
2024-01-26T23:00,calibration,3.61,304,2.79,285,-0.82,0.29789,-1.29658,1.33036
2024-01-27T00:00,calibration,2.28,308,3.11,274,0.83,-1.30576,-1.18677,1.76449
2024-01-27T01:00,calibration,2.95,298,3.11,312,0.16,0.29351,0.69606,0.75541
2024-01-27T02:00,calibration,3.09,299,3.11,315,0.02,0.50347,0.70104,0.8631
2024-01-27T03:00,calibration,2.53,288,2.91,319,0.38,0.49704,1.41439,1.49918
2024-01-27T04:00,calibration,2.47,291,2.3,326,-0.17,1.0198,1.02162,1.4435
2024-01-27T05:00,calibration,1.99,288,1.2,318,-0.79,1.08965,0.27683,1.12426
2024-01-27T06:00,calibration,0.61,261,0.98,294,0.37,-0.29278,0.49403,0.57427
2024-01-27T07:00,calibration,1.73,280,0.82,284,-0.91,0.90807,-0.10204,0.91379
2024-01-27T08:00,calibration,1.63,281,1.02,259,-0.61,0.59879,-0.50564,0.78373
2024-01-27T09:00,calibration,1.52,247,0.85,249,-0.67,0.60562,0.2893,0.67117
2024-01-27T10:00,calibration,1.35,228,0.98,246,-0.37,0.10797,0.50472,0.51614
2024-01-27T11:00,calibration,1.39,291,0.94,238,-0.45,0.50051,-0.99626,1.11492
2024-01-27T12:00,calibration,1.7,360,0.81,300,-0.89,-0.70148,-1.295,1.47279
2024-01-27T13:00,calibration,0.76,337,0.73,16,-0.03,0.49817,0.00214,0.49818
2024-01-27T14:00,calibration,0.89,333,0.91,6,0.02,0.49917,0.11202,0.51159
2024-01-27T15:00,calibration,1.22,9,1.08,22,-0.14,0.21373,-0.20362,0.29519
2024-01-27T16:00,calibration,1.55,15,0.94,58,-0.61,0.396,-0.99906,1.07468
2024-01-27T17:00,calibration,1.57,27,1.64,52,0.07,0.57957,-0.3892,0.69812
2024-01-27T18:00,calibration,1.06,49,0.8,90,-0.26,1e-05,-0.69542,0.69542
2024-01-27T19:00,calibration,1.06,131,1.5,143,0.44,0.10273,-0.50253,0.51292
2024-01-27T20:00,calibration,1.96,75,1.55,105,-0.41,-0.39603,-0.90845,0.99102
2024-01-27T21:00,calibration,2.7,92,1.39,60,-1.31,-1.49458,0.78923,1.69016
2024-01-27T22:00,calibration,2.51,67,2.3,34,-0.21,-1.02432,0.92605,1.38087
2024-01-27T23:00,calibration,2.33,47,2.83,45,0.5,0.29706,0.41206,0.50797
2024-01-28T00:00,calibration,2.52,34,2.98,50,0.46,0.87365,-0.17367,0.89074
2024-01-28T01:00,calibration,1.71,7,3.74,56,2.03,2.8922,0.39413,2.91893
2024-01-28T02:00,calibration,3.2,51,3.76,61,0.56,0.8017,-0.19094,0.82413
2024-01-28T03:00,calibration,3.48,72,4.08,73,0.6,0.59205,0.1175,0.60359
2024-01-28T04:00,calibration,4.12,67,4.0,89,-0.12,0.20691,-1.54,1.55384
2024-01-28T05:00,calibration,5.65,67,4.6,88,-1.05,-0.60365,-2.04709,2.13424
2024-01-28T06:00,calibration,4.26,51,4.66,75,0.4,1.19057,-1.47481,1.89539
2024-01-28T07:00,calibration,4.88,64,4.93,72,0.05,0.30259,-0.6158,0.68613
2024-01-28T08:00,calibration,4.9,73,4.83,77,-0.07,0.02031,-0.34611,0.3467
2024-01-28T09:00,calibration,3.18,66,4.37,79,1.19,1.38464,-0.45959,1.45892
2024-01-28T10:00,calibration,2.51,67,3.38,71,0.87,0.88539,0.11969,0.89344
2024-01-28T11:00,calibration,3.58,63,4.53,68,0.95,1.01034,0.07168,1.01288
2024-01-28T12:00,calibration,5.1,91,4.88,67,-0.22,-0.60716,1.99578,2.08609
2024-01-28T13:00,calibration,3.61,71,3.14,99,-0.47,-0.31198,-1.66651,1.69546
2024-01-28T14:00,calibration,3.22,64,2.9,90,-0.32,0.00588,-1.41156,1.41157
2024-01-28T15:00,calibration,2.78,60,3.4,92,0.62,0.99038,-1.50866,1.80469
2024-01-28T16:00,calibration,2.86,65,2.82,113,-0.04,0.00378,-2.31055,2.31055
2024-01-28T17:00,calibration,2.61,94,3.04,99,0.43,0.39893,-0.2935,0.49526
2024-01-28T18:00,calibration,3.19,32,3.55,100,0.36,1.80563,-3.32172,3.78076
2024-01-28T19:00,calibration,3.86,31,2.59,62,-1.27,0.29879,-2.09273,2.11396
2024-01-28T20:00,calibration,3.67,29,3.2,39,-0.47,0.23457,-0.72299,0.76009
2024-01-28T21:00,calibration,4.37,20,3.41,32,-0.96,0.3124,-1.21461,1.25414
2024-01-28T22:00,calibration,4.22,22,3.98,12,-0.24,-0.75335,-0.01969,0.75361
2024-01-28T23:00,calibration,4.47,10,4.84,7,0.37,-0.18636,0.40183,0.44294
2024-01-29T00:00,calibration,3.1,345,4.23,7,1.13,1.31785,1.2041,1.7851
2024-01-29T01:00,calibration,4.13,353,3.92,354,-0.21,0.09357,-0.20069,0.22143
2024-01-29T02:00,calibration,3.18,336,4.05,340,0.87,-0.09176,0.90068,0.90534
2024-01-29T03:00,calibration,3.94,324,4.52,332,0.58,0.19386,0.8034,0.82646
2024-01-29T04:00,calibration,4.12,321,4.74,332,0.62,0.3675,0.98333,1.04976
2024-01-29T05:00,calibration,4.47,326,4.84,330,0.37,0.07959,0.48577,0.49224
2024-01-29T06:00,calibration,3.89,312,4.33,326,0.44,0.46953,0.98681,1.09282
2024-01-29T07:00,calibration,4.1,313,3.83,319,-0.27,0.48584,0.09434,0.49492
2024-01-29T08:00,calibration,4.16,305,4.4,321,0.24,0.63866,1.03336,1.2148
2024-01-29T09:00,calibration,4.17,314,4.12,321,-0.05,0.40685,0.30512,0.50855
2024-01-29T10:00,calibration,3.91,320,3.89,318,-0.02,-0.08962,-0.1044,0.13759
2024-01-29T11:00,calibration,3.12,310,4.04,318,0.92,-0.31323,0.99681,1.04486
2024-01-29T12:00,calibration,3.22,306,3.89,312,0.67,-0.2858,0.71025,0.76559
2024-01-29T13:00,calibration,3.47,303,4.16,305,0.69,-0.49749,0.49618,0.70263
2024-01-29T14:00,calibration,3.98,309,4.67,315,0.69,-0.20915,0.79749,0.82446
2024-01-29T15:00,calibration,4.1,304,4.53,317,0.43,0.3096,1.02034,1.06628
2024-01-29T16:00,calibration,4.12,299,4.53,313,0.41,0.2904,1.09204,1.12999
2024-01-29T17:00,calibration,3.94,297,4.68,312,0.74,0.03265,1.34281,1.34321
2024-01-29T18:00,calibration,3.28,308,4.62,309,1.34,-1.00574,0.88809,1.34172
2024-01-29T19:00,calibration,3.53,295,4.34,308,0.81,-0.2207,1.18013,1.20059
2024-01-29T20:00,calibration,3.86,291,3.92,308,0.06,0.51462,1.03009,1.15149
2024-01-29T21:00,calibration,2.93,278,3.64,307,0.71,-0.00555,1.78283,1.78284
2024-01-29T22:00,calibration,2.6,270,2.92,301,0.32,0.09707,1.50391,1.50704
2024-01-29T23:00,calibration,2.28,255,2.34,290,0.06,0.00343,1.39043,1.39044
2024-01-30T00:00,calibration,1.46,254,2.28,285,0.82,-0.79887,0.99254,1.2741
2024-01-30T01:00,calibration,0.81,240,2.21,275,1.4,-1.50011,0.59761,1.61477
2024-01-30T02:00,calibration,1.3,212,1.8,270,0.5,-1.1111,1.10246,1.56524
2024-01-30T03:00,calibration,1.08,236,1.3,247,0.22,-0.3013,0.09598,0.31621
2024-01-30T04:00,calibration,2.28,241,1.3,203,-0.98,1.48618,-0.09129,1.48898
2024-01-30T05:00,calibration,1.84,225,2.01,207,0.17,0.38856,-0.48985,0.62524
2024-01-30T06:00,calibration,1.36,216,2.22,216,0.86,-0.5055,-0.69575,0.86
2024-01-30T07:00,calibration,1.92,208,2.2,210,0.28,-0.19861,-0.21,0.28904
2024-01-30T08:00,calibration,2.28,203,2.02,213,-0.26,-0.2093,0.40464,0.45556
2024-01-30T09:00,calibration,2.66,200,1.94,215,-0.72,-0.20296,0.91043,0.93278
2024-01-30T10:00,calibration,2.21,198,1.93,201,-0.28,-0.00872,0.30002,0.30015
2024-01-30T11:00,calibration,2.22,188,2.35,192,0.13,-0.17963,-0.10025,0.20571
2024-01-30T12:00,calibration,2.21,175,2.73,188,0.52,-0.57256,-0.50184,0.76136
2024-01-30T13:00,calibration,3.06,191,3.81,194,0.75,-0.33785,-0.69305,0.77101
2024-01-30T14:00,calibration,3.1,195,4.28,191,1.18,-0.01432,-1.20699,1.20708
2024-01-30T15:00,calibration,2.9,178,4.2,183,1.3,-0.32102,-1.29601,1.33518
2024-01-30T16:00,calibration,2.53,162,4.2,177,1.67,-0.562,-1.78807,1.87431
2024-01-30T17:00,calibration,3.23,164,3.93,173,0.7,-0.41136,-0.79583,0.89586
2024-01-30T18:00,calibration,2.69,149,3.16,162,0.47,-0.40896,-0.69956,0.81033
2024-01-30T19:00,calibration,2.95,156,2.52,146,-0.43,0.20929,0.60578,0.64092
2024-01-30T20:00,calibration,2.64,143,2.56,149,-0.08,-0.27029,-0.08595,0.28363
2024-01-30T21:00,calibration,2.47,159,2.37,152,-0.1,0.22748,0.21336,0.31188
2024-01-30T22:00,calibration,1.46,164,1.08,146,-0.38,0.2015,0.50808,0.54658
2024-01-30T23:00,calibration,0.22,243,1.39,120,1.17,1.3998,-0.59512,1.52105
2024-01-31T00:00,calibration,1.56,50,1.52,113,-0.04,0.20414,-1.59666,1.60966
2024-01-31T01:00,calibration,1.14,75,2.06,113,0.92,0.79508,-1.09996,1.35723
2024-01-31T02:00,calibration,1.56,45,2.27,139,0.71,0.38617,-2.81628,2.84263
2024-01-31T03:00,calibration,1.03,61,1.75,149,0.72,0.00046,-1.9994,1.9994
2024-01-31T04:00,calibration,0.99,45,2.16,146,1.17,0.50782,-2.49076,2.542
2024-01-31T05:00,calibration,0.2,90,1.84,158,1.64,0.48928,-1.70602,1.77479
2024-01-31T06:00,calibration,1.53,79,1.71,159,0.18,-0.88908,-1.88836,2.08719
2024-01-31T07:00,calibration,0.41,104,1.8,161,1.39,0.1882,-1.60275,1.61376
2024-01-31T08:00,calibration,0.63,72,1.65,166,1.02,-0.19999,-1.79567,1.80677
2024-01-31T09:00,calibration,0.41,14,1.3,180,0.89,-0.09919,-1.69782,1.70072
2024-01-31T10:00,calibration,0.81,353,0.81,120,0.0,0.80019,-1.20896,1.44979
2024-01-31T11:00,calibration,0.89,207,0.76,113,-0.13,1.10364,0.49604,1.20999
2024-01-31T12:00,calibration,0.72,326,0.61,99,-0.11,1.00511,-0.69233,1.22048
2024-01-31T13:00,calibration,1.02,349,0.41,14,-0.61,0.29381,-0.60344,0.67117
2024-01-31T14:00,calibration,1.08,304,0.32,288,-0.76,0.59102,-0.50504,0.77742
2024-01-31T15:00,calibration,1.1,270,0.58,211,-0.52,0.80128,-0.49716,0.94298
2024-01-31T16:00,calibration,1.0,276,0.94,212,-0.06,0.4964,-0.90169,1.0293
2024-01-31T17:00,calibration,1.66,295,1.91,264,0.25,-0.39507,-0.9012,0.98399
2024-01-31T18:00,calibration,2.65,259,2.61,274,-0.04,-0.00233,0.68771,0.68771
2024-01-31T19:00,calibration,2.62,263,2.63,279,0.01,0.00285,0.73072,0.73073
2024-01-31T20:00,calibration,3.16,252,2.62,277,-0.54,0.40487,1.29579,1.35757
2024-01-31T21:00,calibration,2.33,245,2.6,272,0.27,-0.48672,1.07544,1.18045
2024-01-31T22:00,calibration,2.5,254,2.2,273,-0.3,0.20617,0.80423,0.83024
2024-01-31T23:00,calibration,2.88,250,2.5,270,-0.38,0.20631,0.98502,1.00639
2024-02-01T00:00,calibration,2.02,237,3.0,270,0.98,-1.30589,1.10017,1.70755
2024-02-01T01:00,calibration,3.04,253,3.18,246,0.14,0.00209,-0.40461,0.40462
2024-02-01T02:00,calibration,3.4,242,3.67,244,0.27,-0.29655,-0.01262,0.29682
2024-02-01T03:00,calibration,3.13,243,3.85,245,0.72,-0.70043,-0.20609,0.73012
2024-02-01T04:00,calibration,3.08,234,4.07,242,0.99,-1.10182,-0.10037,1.10639
2024-02-01T05:00,calibration,4.02,243,3.81,240,-0.21,0.28229,-0.07996,0.2934
2024-02-01T06:00,calibration,3.26,230,3.33,229,0.07,-0.01588,-0.08919,0.09059
2024-02-01T07:00,calibration,3.11,222,3.47,226,0.36,-0.41511,-0.09928,0.42682
2024-02-01T08:00,calibration,2.91,229,3.64,233,0.73,-0.71083,-0.28147,0.76453
2024-02-01T09:00,calibration,3.33,229,3.86,233,0.53,-0.56955,-0.13833,0.58611
2024-02-01T10:00,calibration,3.97,229,3.91,230,-0.06,0.00096,0.09125,0.09126
2024-02-01T11:00,calibration,4.19,220,3.96,225,-0.23,-0.10686,0.40958,0.42329
2024-02-01T12:00,calibration,3.91,220,4.18,222,0.27,-0.28367,-0.11111,0.30465
2024-02-01T13:00,calibration,4.39,221,4.55,220,0.16,-0.04458,-0.17233,0.178
2024-02-01T14:00,calibration,4.82,222,5.02,224,0.2,-0.26198,-0.02913,0.26359
2024-02-01T15:00,calibration,4.97,230,6.52,238,1.55,-1.72203,-0.26042,1.74161
2024-02-01T16:00,calibration,4.88,226,6.07,237,1.19,-1.58035,0.08397,1.58258
2024-02-01T17:00,calibration,4.96,222,5.97,239,1.01,-1.7984,0.61122,1.89943
2024-02-01T18:00,calibration,5.02,215,4.77,237,-0.25,-1.1211,1.51422,1.88407
2024-02-01T19:00,calibration,4.94,216,4.31,226,-0.63,-0.1967,1.00257,1.02168
2024-02-01T20:00,calibration,4.5,217,4.39,223,-0.11,-0.28581,0.38322,0.47806
2024-02-01T21:00,calibration,4.42,218,4.17,224,-0.25,-0.1755,0.48336,0.51424
2024-02-01T22:00,calibration,3.36,217,3.26,223,-0.1,-0.20122,0.2992,0.36057
2024-02-01T23:00,calibration,2.26,193,3.11,225,0.85,-1.69071,0.00297,1.69072
2024-02-02T00:00,calibration,2.21,185,3.39,225,1.18,-2.20448,-0.1955,2.21313
2024-02-02T01:00,calibration,0.85,159,3.55,230,2.7,-3.02407,-1.48835,3.37049
2024-02-02T02:00,calibration,2.33,205,3.38,236,1.05,-1.81745,0.22163,1.83091
2024-02-02T03:00,calibration,2.69,225,3.55,238,0.86,-1.10845,0.0209,1.10865
2024-02-02T04:00,calibration,2.14,217,3.22,240,1.08,-1.50072,0.09908,1.50398
2024-02-02T05:00,calibration,1.91,223,2.57,257,0.66,-1.20151,0.81876,1.45396
2024-02-02T06:00,calibration,1.7,298,3.06,308,1.36,-0.9103,1.08582,1.41692
2024-02-02T07:00,calibration,3.91,320,3.09,335,-0.82,1.20741,-0.19474,1.22301
2024-02-02T08:00,calibration,3.82,317,3.02,326,-0.8,0.91647,-0.29008,0.96128
2024-02-02T09:00,calibration,4.36,323,3.05,319,-1.31,0.62293,-1.18019,1.3345
2024-02-02T10:00,calibration,2.91,311,3.69,319,0.78,-0.22465,0.87575,0.9041
2024-02-02T11:00,calibration,2.16,283,3.97,319,1.81,-0.49992,2.5103,2.5596
2024-02-02T12:00,calibration,1.7,298,3.7,322,2.0,-0.77694,2.11754,2.25557
2024-02-02T13:00,calibration,2.19,317,3.85,335,1.66,-0.1335,1.88762,1.89234
2024-02-02T14:00,calibration,3.04,316,3.57,342,0.53,1.00857,1.20848,1.57405
2024-02-02T15:00,calibration,2.64,335,4.14,352,1.5,0.53954,1.70706,1.79029
2024-02-02T16:00,calibration,2.88,326,4.6,359,1.72,1.53019,2.21167,2.68942
2024-02-02T17:00,calibration,3.79,342,4.0,360,0.21,1.17117,0.3955,1.23615
2024-02-02T18:00,calibration,3.72,336,3.82,354,0.1,1.11376,0.40068,1.18364
2024-02-02T19:00,calibration,3.62,332,3.86,350,0.24,1.02921,0.60509,1.1939
2024-02-02T20:00,calibration,3.14,329,3.65,351,0.51,1.04623,0.91356,1.38895
2024-02-02T21:00,calibration,3.26,317,3.77,349,0.51,1.50396,1.31652,1.99878
2024-02-02T22:00,calibration,3.38,326,3.49,347,0.11,1.10499,0.5984,1.25662
2024-02-02T23:00,calibration,2.78,330,3.18,332,0.4,-0.10292,0.40022,0.41324
2024-02-03T00:00,calibration,2.7,321,3.62,336,0.92,0.22678,1.20874,1.22983
2024-02-03T01:00,calibration,2.01,333,3.7,341,1.69,-0.29208,1.7075,1.7323
2024-02-03T02:00,calibration,2.12,341,3.75,351,1.63,0.10358,1.69933,1.70249
2024-02-03T03:00,calibration,2.41,355,3.16,349,0.75,-0.39291,0.70111,0.8037
2024-02-03T04:00,calibration,1.14,345,2.75,350,1.61,-0.18248,1.60707,1.61739
2024-02-03T05:00,calibration,1.2,265,2.6,358,1.4,1.10469,2.703,2.92003
2024-02-03T06:00,calibration,0.81,277,2.5,360,1.69,0.80396,2.40129,2.5323
2024-02-03T07:00,calibration,1.25,241,2.2,3,0.95,1.20841,2.803,3.05239
2024-02-03T08:00,calibration,1.25,241,1.94,12,0.69,1.49662,2.50362,2.91685
2024-02-03T09:00,calibration,1.24,256,1.92,9,0.68,1.50352,2.19634,2.66167
2024-02-03T10:00,calibration,0.58,239,2.04,11,1.46,0.88641,2.30124,2.46606
2024-02-03T11:00,calibration,1.1,265,1.87,16,0.77,1.61126,1.89343,2.48621
2024-02-03T12:00,calibration,1.24,14,1.36,17,0.12,0.09764,0.09741,0.13792
2024-02-03T13:00,calibration,0.51,349,2.14,11,1.63,0.50564,1.60005,1.67805
2024-02-03T14:00,calibration,1.96,15,2.25,21,0.29,0.29904,0.20734,0.36389
2024-02-03T15:00,calibration,1.84,22,1.71,21,-0.13,-0.07647,-0.1096,0.13364
2024-02-03T16:00,calibration,0.86,36,1.34,27,0.48,0.10285,0.49819,0.5087
2024-02-03T17:00,calibration,0.6,90,1.12,27,0.52,-0.09153,0.99793,1.00212
2024-02-03T18:00,calibration,0.22,153,0.98,24,0.76,0.29872,1.0913,1.13144
2024-02-03T19:00,calibration,0.71,82,0.81,7,0.1,-0.60438,0.70515,0.92871
2024-02-03T20:00,calibration,1.08,68,0.82,346,-0.26,-1.19973,0.39107,1.26186
2024-02-03T21:00,calibration,0.95,72,1.02,349,0.07,-1.09813,0.70769,1.30641
2024-02-03T22:00,calibration,1.39,60,0.91,6,-0.48,-1.10865,0.21001,1.12837
2024-02-03T23:00,calibration,2.2,51,1.5,4,-0.7,-1.60509,0.11184,1.60898
2024-02-04T00:00,calibration,1.5,90,2.38,15,0.88,-0.88401,2.2989,2.46301
2024-02-04T01:00,calibration,0.36,146,1.26,342,0.9,-0.59067,1.49678,1.60912
2024-02-04T02:00,calibration,0.5,180,1.75,347,1.25,-0.39366,2.20515,2.24001
2024-02-04T03:00,calibration,0.28,315,2.1,3,1.82,0.3079,1.89913,1.92393
2024-02-04T04:00,calibration,0.71,188,2.33,10,1.62,0.50341,2.99769,3.03967
2024-02-04T05:00,calibration,0.41,284,2.1,25,1.69,1.28532,1.80406,2.2151
2024-02-04T06:00,calibration,0.92,221,1.88,25,0.96,1.3981,2.39819,2.77597
2024-02-04T07:00,calibration,0.82,284,1.97,30,1.15,1.78064,1.50769,2.3332
2024-02-04T08:00,calibration,1.17,200,2.15,28,0.98,1.40953,2.99778,3.31262
2024-02-04T09:00,calibration,0.71,262,2.15,28,1.44,1.71245,1.99715,2.6308
2024-02-04T10:00,calibration,0.63,198,1.88,25,1.25,0.9892,2.30302,2.50648
2024-02-04T11:00,calibration,0.5,307,1.7,28,1.2,1.19742,1.2001,1.69531
2024-02-04T12:00,calibration,1.84,22,2.16,34,0.32,0.51858,0.0847,0.52545
2024-02-04T13:00,calibration,1.0,37,2.97,48,1.97,1.60533,1.18868,1.99751
2024-02-04T14:00,calibration,2.11,59,2.33,43,0.22,-0.21957,0.61732,0.65521
2024-02-04T15:00,calibration,2.2,60,1.77,43,-0.43,-0.69812,0.1945,0.72471
2024-02-04T16:00,calibration,2.44,55,1.94,55,-0.5,-0.40958,-0.28679,0.5
2024-02-04T17:00,calibration,2.52,56,1.66,65,-0.86,-0.5847,-0.70762,0.91793
2024-02-04T18:00,calibration,2.06,39,1.14,52,-0.92,-0.39807,-0.89907,0.98325
2024-02-04T19:00,calibration,1.39,21,0.82,14,-0.57,-0.29976,-0.50203,0.58472
2024-02-04T20:00,calibration,0.94,328,1.3,356,0.36,0.40744,0.49967,0.64473
2024-02-04T21:00,calibration,2.38,345,1.91,354,-0.47,0.41634,-0.39937,0.57692
2024-02-04T22:00,calibration,2.35,348,1.46,344,-0.89,0.08616,-0.8952,0.89934
2024-02-04T23:00,calibration,2.79,339,2.01,333,-0.78,0.08733,-0.81377,0.81844
2024-02-05T00:00,calibration,1.46,344,3.09,335,1.63,-0.90346,1.39705,1.66373
2024-02-05T01:00,calibration,1.7,3,3.71,355,2.01,-0.41232,1.99821,2.04031
2024-02-05T02:00,calibration,0.6,360,3.54,8,2.94,0.49267,2.90555,2.94702
2024-02-05T03:00,calibration,0.82,76,2.91,16,2.09,0.00646,2.5989,2.5989
2024-02-05T04:00,calibration,0.41,346,2.62,18,2.21,0.90881,2.09395,2.28266
2024-02-05T05:00,calibration,1.97,246,2.69,22,0.72,2.80738,3.2954,4.32909
2024-02-05T06:00,calibration,2.9,224,2.77,26,-0.13,3.2288,4.57574,5.60023
2024-02-05T07:00,calibration,2.3,214,2.51,29,0.21,2.50302,4.10208,4.80543
2024-02-05T08:00,calibration,2.2,219,2.1,25,-0.1,2.272,3.61297,4.26797
2024-02-05T09:00,calibration,2.48,220,2.25,21,-0.23,2.40044,4.00035,4.66529
2024-02-05T10:00,calibration,1.5,270,2.4,17,0.9,2.20169,2.29513,3.18042
2024-02-05T11:00,calibration,1.32,279,2.53,9,1.21,1.69953,2.29236,2.85365
2024-02-05T12:00,calibration,0.8,270,2.63,9,1.83,1.21142,2.59762,2.86621
2024-02-05T13:00,calibration,0.72,214,2.86,12,2.14,0.99725,3.39441,3.53787
2024-02-05T14:00,calibration,1.84,13,2.6,16,0.76,0.30275,0.70644,0.76858
2024-02-05T15:00,calibration,2.61,32,2.92,31,0.31,0.12082,0.28952,0.31372
2024-02-05T16:00,calibration,2.92,31,3.22,36,0.3,0.38876,0.10211,0.40194
2024-02-05T17:00,calibration,3.35,27,3.08,36,-0.27,0.28951,-0.4931,0.57181
2024-02-05T18:00,calibration,3.57,11,3.18,24,-0.39,0.61223,-0.59933,0.85676
2024-02-05T19:00,calibration,4.0,359,3.51,20,-0.49,1.2703,-0.70107,1.45092
2024-02-05T20:00,calibration,3.88,12,3.55,22,-0.33,0.52316,-0.50371,0.72623
2024-02-05T21:00,calibration,4.62,22,3.14,22,-1.48,-0.55442,-1.37223,1.48
2024-02-05T22:00,calibration,4.39,24,2.15,22,-2.24,-0.98017,-2.01702,2.24257
2024-02-05T23:00,calibration,3.2,39,2.51,23,-0.69,-1.03309,-0.1764,1.04804
2024-02-06T00:00,calibration,3.01,69,2.75,19,-0.26,-1.91476,1.52149,2.44566
2024-02-06T01:00,calibration,1.77,47,2.97,33,1.2,0.32308,1.28371,1.32375
2024-02-06T02:00,calibration,1.03,29,3.0,26,1.97,0.81576,1.79552,1.97215
2024-02-06T03:00,calibration,1.3,360,3.13,27,1.83,1.42099,1.48885,2.05813
2024-02-06T04:00,calibration,1.58,342,2.92,22,1.34,1.5821,1.20471,1.98856
2024-02-06T05:00,calibration,1.17,31,3.0,26,1.83,0.71252,1.6935,1.83728
2024-02-06T06:00,calibration,1.12,350,3.16,35,2.04,2.00699,1.48554,2.49696
2024-02-06T07:00,calibration,0.94,302,2.91,41,1.97,2.7063,1.69808,3.19492
2024-02-06T08:00,calibration,1.0,270,3.02,34,2.02,2.68876,2.50369,3.67395
2024-02-06T09:00,calibration,1.12,10,3.19,41,2.07,1.89834,1.30454,2.30337
2024-02-06T10:00,calibration,1.27,45,3.24,56,1.97,1.78806,0.91376,2.00801
2024-02-06T11:00,calibration,0.7,90,3.34,51,2.64,1.89567,2.10193,2.83049
2024-02-06T12:00,calibration,1.1,175,3.28,52,2.18,2.4888,3.11518,3.98729
2024-02-06T13:00,calibration,0.89,243,3.32,46,2.43,3.1812,2.71032,4.17922
2024-02-06T14:00,calibration,2.4,45,3.18,46,0.78,0.59044,0.51196,0.78149
2024-02-06T15:00,calibration,2.83,48,2.9,44,0.07,-0.08859,0.19245,0.21186
2024-02-06T16:00,calibration,2.86,65,2.76,46,-0.1,-0.60666,0.70857,0.9328
2024-02-06T17:00,calibration,2.7,51,2.48,50,-0.22,-0.1985,-0.10505,0.22459
2024-02-06T18:00,calibration,2.12,45,2.28,29,0.16,-0.3937,0.49507,0.63253
2024-02-06T19:00,calibration,2.19,24,2.42,24,0.23,0.09355,0.21012,0.23
2024-02-06T20:00,calibration,2.08,35,2.2,39,0.12,0.19147,0.00588,0.19156
2024-02-06T21:00,calibration,1.8,34,2.2,51,0.4,0.70317,-0.10776,0.71138
2024-02-06T22:00,calibration,1.21,24,1.49,48,0.28,0.61513,-0.10839,0.62461
2024-02-06T23:00,calibration,1.22,55,2.02,20,0.8,-0.30848,1.19842,1.23748
2024-02-07T00:00,calibration,1.71,97,2.34,20,0.63,-0.89693,2.40728,2.56894
2024-02-07T01:00,calibration,0.72,124,1.71,21,0.99,0.0159,1.99904,1.9991
2024-02-07T02:00,calibration,1.2,90,1.61,30,0.41,-0.395,1.3943,1.44917
2024-02-07T03:00,calibration,0.92,103,1.92,28,1.0,0.00496,1.90221,1.90222
2024-02-07T04:00,calibration,0.32,108,2.12,45,1.8,1.19473,1.59795,1.9952
2024-02-07T05:00,calibration,0.36,124,1.39,69,1.03,0.99922,0.69944,1.2197
2024-02-07T06:00,calibration,0.36,34,1.33,77,0.97,1.0946,0.00073,1.0946
2024-02-07T07:00,calibration,0.22,297,1.36,36,1.14,0.99541,1.00039,1.41124
2024-02-07T08:00,calibration,0.78,310,0.81,7,0.03,0.69623,0.30259,0.75914
2024-02-07T09:00,calibration,0.32,252,1.3,23,0.98,0.81229,1.29554,1.52913
2024-02-07T10:00,calibration,1.22,55,2.01,63,0.79,0.79156,0.21276,0.81965
2024-02-07T11:00,calibration,1.36,17,1.12,63,-0.24,0.6003,-0.79211,0.99388
2024-02-07T12:00,calibration,0.64,309,1.0,53,0.36,1.29601,0.19905,1.31121
2024-02-07T13:00,calibration,0.67,243,1.22,55,0.55,1.59634,1.00394,1.88579
2024-02-07T14:00,calibration,0.5,90,0.42,45,-0.08,-0.20302,0.29698,0.35974
2024-02-07T15:00,calibration,1.0,90,0.6,90,-0.4,-0.4,-0.0,0.4
2024-02-07T16:00,calibration,2.14,101,1.08,124,-1.06,-1.20532,-0.1956,1.22109
2024-02-07T17:00,calibration,1.5,94,1.22,145,-0.28,-0.79658,-0.89473,1.19795
2024-02-07T18:00,calibration,1.0,84,0.7,180,-0.3,-0.99452,-0.80453,1.2792
2024-02-07T19:00,calibration,0.1,90,0.14,225,0.04,-0.19899,-0.09899,0.22226
2024-02-07T20:00,calibration,0.71,135,0.36,56,-0.35,-0.20359,0.70336,0.73223
2024-02-07T21:00,calibration,0.71,98,1.0,90,0.29,0.29691,0.09881,0.31292
2024-02-07T22:00,calibration,0.81,83,1.25,61,0.44,0.28931,0.5073,0.584
2024-02-07T23:00,calibration,1.28,129,0.71,352,-0.57,-1.09356,1.50862,1.86328
2024-02-08T00:00,calibration,1.7,152,1.7,62,0.0,0.70291,2.29911,2.40416
2024-02-08T01:00,calibration,1.12,117,1.61,97,0.49,0.60007,0.31226,0.67646
2024-02-08T02:00,calibration,1.75,114,2.15,112,0.4,0.39474,-0.09362,0.40569
2024-02-08T03:00,calibration,1.25,61,1.53,148,0.28,-0.2825,-1.90353,1.92437
2024-02-08T04:00,calibration,1.32,81,1.43,115,0.11,-0.00773,-0.81084,0.81087
2024-02-08T05:00,calibration,1.88,65,1.22,99,-0.66,-0.49888,-0.98537,1.10446
2024-02-08T06:00,calibration,1.57,63,1.71,111,0.14,0.19754,-1.32557,1.34021
2024-02-08T07:00,calibration,1.1,90,1.75,121,0.65,0.40004,-0.90132,0.98611
2024-02-08T08:00,calibration,1.2,85,1.24,104,0.04,0.00773,-0.40457,0.40464
2024-02-08T09:00,calibration,1.52,67,1.36,126,-0.16,-0.2989,-1.3933,1.425
2024-02-08T10:00,calibration,0.76,67,2.05,137,1.29,0.69851,-1.79623,1.92727
2024-02-08T11:00,calibration,2.22,54,1.84,139,-0.38,-0.58887,-2.69355,2.75717
2024-02-08T12:00,calibration,2.64,29,1.87,164,-0.77,-0.76446,-4.10656,4.1771
2024-02-08T13:00,calibration,1.84,29,2.24,170,0.4,-0.50308,-3.81527,3.84829
2024-02-08T14:00,calibration,1.79,63,1.66,147,-0.13,-0.6908,-2.20484,2.31052
2024-02-08T15:00,calibration,1.8,87,1.22,145,-0.58,-1.09777,-1.09357,1.54951
2024-02-08T16:00,calibration,1.42,129,1.66,147,0.24,-0.19945,-0.49856,0.53697
2024-02-08T17:00,calibration,1.43,155,1.97,156,0.54,0.19693,-0.50366,0.54079
2024-02-08T18:00,calibration,1.56,135,2.31,162,0.75,-0.38926,-1.09385,1.16105
2024-02-08T19:00,calibration,2.4,135,2.94,162,0.54,-0.78855,-1.09905,1.35267
2024-02-08T20:00,calibration,2.47,122,2.9,178,0.43,-1.99347,-1.58933,2.54949
2024-02-08T21:00,calibration,2.19,133,3.01,174,0.82,-1.28703,-1.49993,1.97643
2024-02-08T22:00,calibration,1.39,120,2.56,159,1.17,-0.28635,-1.69497,1.71898
2024-02-08T23:00,calibration,1.86,126,2.73,172,0.87,-1.12483,-1.61015,1.96414
2024-02-09T00:00,calibration,2.44,145,3.21,176,0.77,-1.17561,-1.20345,1.68236
2024-02-09T01:00,calibration,3.01,105,3.49,167,0.48,-2.12236,-2.62151,3.37294
2024-02-09T02:00,calibration,2.15,112,3.31,155,1.16,-0.59458,-2.19447,2.2736
2024-02-09T03:00,calibration,0.73,16,2.44,161,1.71,0.59317,-3.00879,3.0667
2024-02-09T04:00,calibration,2.63,99,3.3,166,0.67,-1.79928,-2.79055,3.32033
2024-02-09T05:00,calibration,2.06,61,3.41,183,1.35,-1.98018,-4.40403,4.82873
2024-02-09T06:00,calibration,1.26,108,3.41,183,2.15,-1.3768,-3.01597,3.31536
2024-02-09T07:00,calibration,2.55,191,3.68,202,1.13,-0.89199,-0.90889,1.27347
2024-02-09T08:00,calibration,2.53,198,3.8,215,1.27,-1.39778,-0.7066,1.56623
2024-02-09T09:00,calibration,1.58,145,3.44,206,1.86,-2.41425,-1.79759,3.00997
2024-02-09T10:00,calibration,2.5,164,3.32,201,0.82,-1.87887,-0.69633,2.00376
2024-02-09T11:00,calibration,2.67,167,3.38,199,0.71,-1.70104,-0.59428,1.80186
2024-02-09T12:00,calibration,1.75,149,3.29,200,1.54,-2.02656,-1.59155,2.57682
2024-02-09T13:00,calibration,1.88,155,3.81,203,1.93,-2.28321,-1.80326,2.90943
2024-02-09T14:00,calibration,2.2,177,3.36,203,1.16,-1.428,-0.89591,1.68577
2024-02-09T15:00,calibration,3.75,222,4.3,211,0.55,0.29458,-0.89903,0.94606
2024-02-09T16:00,calibration,4.05,220,5.38,222,1.33,-0.99663,-0.89564,1.33994
2024-02-09T17:00,calibration,5.36,217,5.37,225,0.01,-0.57143,0.48352,0.74855
2024-02-09T18:00,calibration,4.8,216,6.14,233,1.34,-2.08225,0.18814,2.09073
2024-02-09T19:00,calibration,4.3,211,5.66,222,1.36,-1.57262,-0.52038,1.65648
2024-02-09T20:00,calibration,5.14,207,6.51,225,1.37,-2.26975,-0.02349,2.26988
2024-02-09T21:00,calibration,4.92,209,5.8,226,0.88,-1.78691,0.27411,1.80781
2024-02-09T22:00,calibration,4.48,204,4.1,225,-0.38,-1.07696,1.19355,1.6076
2024-02-09T23:00,calibration,4.05,196,3.24,214,-0.81,-0.69545,1.20703,1.39304
2024-02-10T00:00,calibration,4.15,195,3.31,209,-0.84,-0.53062,1.1136,1.23356
2024-02-10T01:00,calibration,3.23,196,4.13,212,0.9,-1.29826,-0.39756,1.35777
2024-02-10T02:00,calibration,3.45,197,3.86,217,0.41,-1.31432,0.21652,1.33204
2024-02-10T03:00,calibration,3.27,203,3.89,222,0.62,-1.32523,0.11922,1.33058
2024-02-10T04:00,calibration,3.06,191,3.97,221,0.91,-2.02068,0.00758,2.02069
2024-02-10T05:00,calibration,4.48,209,4.0,217,-0.48,-0.23531,0.72375,0.76105
2024-02-10T06:00,calibration,4.03,210,4.08,216,0.05,-0.38316,0.18929,0.42737
2024-02-10T07:00,calibration,2.51,203,3.91,220,1.4,-1.53256,-0.68477,1.67859
2024-02-10T08:00,calibration,2.34,200,3.28,218,0.94,-1.21904,-0.38579,1.27863
2024-02-10T09:00,calibration,1.57,207,3.28,218,1.71,-1.3066,-1.1858,1.76446
2024-02-10T10:00,calibration,1.84,202,3.36,217,1.52,-1.33282,-0.9774,1.65279
2024-02-10T11:00,calibration,2.04,191,2.92,211,0.88,-1.11466,-0.50041,1.22183
2024-02-10T12:00,calibration,2.57,193,3.47,213,0.9,-1.31177,-0.40606,1.37318
2024-02-10T13:00,calibration,1.75,193,3.7,218,1.95,-1.88428,-1.21049,2.2396
2024-02-10T14:00,calibration,3.27,203,3.7,218,0.43,-1.00026,0.09441,1.0047
2024-02-10T15:00,calibration,3.32,187,3.85,205,0.53,-1.22247,-0.19403,1.23778
2024-02-10T16:00,calibration,3.49,204,3.82,223,0.33,-1.18572,0.3945,1.24963
2024-02-10T17:00,calibration,4.33,230,3.69,229,-0.64,0.53209,0.36241,0.64379
2024-02-10T18:00,calibration,4.48,219,3.76,245,-0.72,-0.58836,1.89257,1.98192
2024-02-10T19:00,calibration,4.52,235,4.59,254,0.07,-0.70962,1.32739,1.50517
2024-02-10T20:00,calibration,4.61,243,4.95,256,0.34,-0.69542,0.89538,1.13372
2024-02-10T21:00,calibration,2.64,233,3.2,250,0.56,-0.89862,0.49433,1.02561
2024-02-10T22:00,calibration,2.42,218,2.86,245,0.44,-1.10214,0.6983,1.30473
2024-02-10T23:00,calibration,2.25,212,2.12,262,-0.13,-0.90705,1.61306,1.8506
2024-02-11T00:00,calibration,1.97,246,2.22,262,0.25,-0.39871,0.49231,0.63351
2024-02-11T01:00,calibration,1.75,211,2.24,297,0.49,-1.09454,2.51698,2.74467
2024-02-11T02:00,calibration,1.86,306,3.31,331,1.45,-0.09995,1.80171,1.80448
2024-02-11T03:00,calibration,1.94,305,3.5,329,1.56,-0.21348,1.88735,1.89938
2024-02-11T04:00,calibration,0.78,310,3.42,322,2.64,-1.50805,2.19362,2.66199
2024-02-11T05:00,calibration,1.17,290,3.42,322,2.25,-1.00612,2.29483,2.5057
2024-02-11T06:00,calibration,1.64,232,2.72,324,1.08,-0.30644,3.21021,3.2248
2024-02-11T07:00,calibration,1.44,214,1.97,336,0.53,0.00397,2.9935,2.9935
2024-02-11T08:00,calibration,1.39,291,2.12,352,0.73,1.00263,1.60124,1.88924
2024-02-11T09:00,calibration,1.49,318,1.8,357,0.31,0.9028,0.69025,1.13644
2024-02-11T10:00,calibration,1.0,307,1.87,344,0.87,0.28319,1.19574,1.22882
2024-02-11T11:00,calibration,1.24,346,2.06,346,0.82,-0.19838,0.79564,0.82
2024-02-11T12:00,calibration,1.92,351,2.31,355,0.39,0.09902,0.40485,0.41678
2024-02-11T13:00,calibration,1.36,324,2.02,351,0.66,0.48339,0.89487,1.01708
2024-02-11T14:00,calibration,2.11,355,1.84,13,-0.27,0.59781,-0.30913,0.67301
2024-02-11T15:00,calibration,2.0,360,2.09,17,0.09,0.61106,-0.00132,0.61106
2024-02-11T16:00,calibration,1.36,17,1.26,18,-0.1,-0.00826,-0.10224,0.10258
2024-02-11T17:00,calibration,1.94,12,1.03,29,-0.91,0.09601,-0.99675,1.00136
2024-02-11T18:00,calibration,1.2,355,0.91,354,-0.29,0.00947,-0.29042,0.29057
2024-02-11T19:00,calibration,1.43,335,0.94,328,-0.49,0.10622,-0.49885,0.51004
2024-02-11T20:00,calibration,0.6,360,0.72,326,0.12,-0.40262,-0.00309,0.40263
2024-02-11T21:00,calibration,0.28,315,0.85,315,0.57,-0.40305,0.40305,0.57
2024-02-11T22:00,calibration,0.22,27,0.85,315,0.63,-0.70092,0.40502,0.80952
2024-02-11T23:00,calibration,1.58,342,1.34,297,-0.24,-0.7057,-0.89432,1.13922
2024-02-12T00:00,calibration,0.92,13,1.53,281,0.61,-1.70884,-0.60448,1.81261
2024-02-12T01:00,calibration,0.91,6,1.84,338,0.93,-0.7844,0.801,1.12111
2024-02-12T02:00,calibration,1.68,343,2.38,338,0.7,-0.40038,0.60011,0.72141
2024-02-12T03:00,calibration,0.71,262,2.11,329,1.4,-0.38364,1.90744,1.94563
2024-02-12T04:00,calibration,0.63,252,2.28,345,1.65,0.00906,2.39699,2.39701
2024-02-12T05:00,calibration,1.93,159,1.53,328,-0.4,-1.50243,3.09932,3.44428
2024-02-12T06:00,calibration,1.34,207,1.84,338,0.5,-0.08093,2.89997,2.9011
2024-02-12T07:00,calibration,1.06,311,1.78,322,0.72,-0.29589,0.70724,0.76664
2024-02-12T08:00,calibration,1.0,180,2.42,330,1.42,-1.21,3.09578,3.32385
2024-02-12T09:00,calibration,0.86,306,2.06,331,1.2,-0.30295,1.29622,1.33115
2024-02-12T10:00,calibration,0.92,311,1.62,338,0.7,0.08747,0.89846,0.90271
2024-02-12T11:00,calibration,1.26,342,1.32,351,0.06,0.18287,0.10542,0.21108
2024-02-12T12:00,calibration,0.63,342,1.7,360,1.07,0.19468,1.10083,1.11792
2024-02-12T13:00,calibration,0.51,349,1.08,22,0.57,0.50189,0.50073,0.70896
2024-02-12T14:00,calibration,1.12,63,1.42,39,0.3,-0.10429,0.59508,0.60415
2024-02-12T15:00,calibration,1.79,27,1.75,31,-0.04,0.08867,-0.09486,0.12985
2024-02-12T16:00,calibration,2.12,45,1.49,48,-0.63,-0.39178,-0.50206,0.63683
2024-02-12T17:00,calibration,2.14,37,1.28,51,-0.86,-0.29314,-0.90355,0.94991
2024-02-12T18:00,calibration,1.1,355,1.0,96,-0.1,1.09039,-1.20034,1.62166
2024-02-12T19:00,calibration,1.02,349,0.28,45,-0.74,0.39262,-0.80327,0.89409
2024-02-12T20:00,calibration,1.12,333,1.14,15,0.02,0.80352,0.10323,0.81013
2024-02-12T21:00,calibration,1.6,4,1.7,28,0.1,0.68649,-0.09509,0.69305
2024-02-12T22:00,calibration,1.75,24,1.7,45,-0.05,0.49029,-0.39662,0.63063
2024-02-12T23:00,calibration,1.84,22,2.2,30,0.36,0.41072,0.19924,0.4565
2024-02-13T00:00,calibration,2.51,5,2.55,11,0.04,0.2678,0.0027,0.26782
2024-02-13T01:00,calibration,1.91,6,2.86,36,0.95,1.48142,0.41425,1.53825
2024-02-13T02:00,calibration,1.0,37,2.94,35,1.94,1.0845,1.60967,1.94092
2024-02-13T03:00,calibration,0.98,336,3.08,36,2.1,2.20898,1.5965,2.72551
2024-02-13T04:00,calibration,1.97,330,3.2,20,1.23,2.07946,1.30095,2.45288
2024-02-13T05:00,calibration,0.78,320,3.26,18,2.48,1.50877,2.50293,2.92251
2024-02-13T06:00,calibration,1.7,332,3.71,14,2.01,1.69563,2.09879,2.69816
2024-02-13T07:00,calibration,2.3,326,3.45,10,1.15,1.88523,1.4908,2.40345
2024-02-13T08:00,calibration,2.14,307,4.4,359,2.26,1.63229,3.11145,3.51361
2024-02-13T09:00,calibration,2.22,324,4.14,352,1.92,0.72871,2.30369,2.4162
2024-02-13T10:00,calibration,3.04,314,4.49,343,1.45,0.87404,2.18205,2.35059
2024-02-13T11:00,calibration,3.05,311,4.57,337,1.52,0.51622,2.20573,2.26533
2024-02-13T12:00,calibration,2.92,292,5.19,326,2.27,-0.19483,3.20885,3.21476
2024-02-13T13:00,calibration,2.55,296,4.5,323,1.95,-0.41624,2.47601,2.51076
2024-02-13T14:00,calibration,4.25,311,4.05,320,-0.2,0.60423,0.31423,0.68105
2024-02-13T15:00,calibration,4.6,312,4.38,315,-0.22,0.32134,0.01913,0.32191
2024-02-13T16:00,calibration,4.52,305,4.97,310,0.45,-0.10467,0.60209,0.61112
2024-02-13T17:00,calibration,4.24,285,6.34,308,2.1,-0.90046,2.8059,2.94685
2024-02-13T18:00,calibration,4.49,282,6.83,302,2.34,-1.40029,2.68583,3.02894
2024-02-13T19:00,calibration,5.24,283,6.17,295,0.93,-0.48622,1.42881,1.50928
2024-02-13T20:00,calibration,5.39,285,6.09,293,0.7,-0.39953,0.98452,1.0625
2024-02-13T21:00,calibration,4.71,274,5.87,293,1.16,-0.70484,1.96504,2.08762
2024-02-13T22:00,calibration,4.7,308,4.8,306,0.1,-0.17963,-0.07224,0.19361
2024-02-13T23:00,calibration,4.7,294,4.11,319,-0.59,1.59726,1.19019,1.99193
2024-02-14T00:00,calibration,3.58,297,4.47,310,0.89,-0.23442,1.24797,1.2698
2024-02-14T01:00,calibration,3.86,291,4.6,314,0.74,0.29466,1.81213,1.83593
2024-02-14T02:00,calibration,2.02,303,4.31,314,2.29,-1.40624,1.89381,2.35882
2024-02-14T03:00,calibration,2.6,286,3.61,314,1.01,-0.09754,1.79106,1.79371
2024-02-14T04:00,calibration,1.92,279,2.97,303,1.05,-0.59449,1.31722,1.44516
2024-02-14T05:00,calibration,1.91,264,3.02,304,1.11,-0.60416,1.88841,1.9827
2024-02-14T06:00,calibration,2.1,267,3.18,314,1.08,-0.19038,2.31892,2.32672
2024-02-14T07:00,calibration,2.32,277,2.98,310,0.66,0.01989,1.63277,1.63289
2024-02-14T08:00,calibration,1.7,270,2.83,315,1.13,-0.30111,2.00111,2.02364
2024-02-14T09:00,calibration,1.6,270,2.86,324,1.26,-0.08107,2.31379,2.31521
2024-02-14T10:00,calibration,1.49,290,2.69,315,1.2,-0.50198,1.39251,1.48022
2024-02-14T11:00,calibration,1.8,326,2.7,309,0.9,-1.09175,0.2069,1.11118
2024-02-14T12:00,calibration,0.73,286,2.1,295,1.37,-1.20153,0.68628,1.38371
2024-02-14T13:00,calibration,1.12,350,2.41,312,1.29,-1.59649,0.50962,1.67586
2024-02-14T14:00,calibration,0.81,277,3.51,340,2.7,-0.39653,3.19961,3.22408
2024-02-14T15:00,calibration,2.64,323,3.88,325,1.24,-0.63668,1.06991,1.24502
2024-02-14T16:00,calibration,3.64,302,4.11,311,0.47,-0.01496,0.7675,0.76764
2024-02-14T17:00,calibration,2.91,297,3.64,302,0.73,-0.49407,0.60779,0.78327
2024-02-14T18:00,calibration,3.14,279,3.72,294,0.58,-0.29705,1.02186,1.06416
2024-02-14T19:00,calibration,3.05,302,3.9,293,0.85,-1.00342,-0.0924,1.00767
2024-02-14T20:00,calibration,3.53,295,4.16,297,0.63,-0.50732,0.39676,0.64404
2024-02-14T21:00,calibration,3.81,293,4.22,301,0.41,-0.11012,0.68478,0.69357
2024-02-14T22:00,calibration,3.62,298,3.56,308,-0.06,0.39095,0.49227,0.62863
2024-02-14T23:00,calibration,2.28,308,2.33,313,0.05,0.09261,0.18535,0.2072
2024-02-15T00:00,calibration,1.94,325,2.56,321,0.62,-0.49832,0.40034,0.63921
2024-02-15T01:00,calibration,1.34,333,2.28,345,0.94,0.01824,1.00836,1.00853
2024-02-15T02:00,calibration,0.1,90,2.31,355,2.21,-0.30133,2.30121,2.32085
2024-02-15T03:00,calibration,0.73,74,2.0,357,1.27,-0.80639,1.79604,1.96877
2024-02-15T04:00,calibration,1.03,61,1.71,7,0.68,-0.69246,1.1979,1.38364
2024-02-15T05:00,calibration,0.63,108,1.61,30,0.98,0.20583,1.58898,1.60226
2024-02-15T06:00,calibration,0.72,124,1.66,65,0.94,0.90756,1.10417,1.42928
2024-02-15T07:00,calibration,0.81,83,1.55,105,0.74,0.69322,-0.49988,0.85466
2024-02-15T08:00,calibration,0.92,77,1.91,137,0.99,0.4062,-1.60384,1.65448
2024-02-15T09:00,calibration,1.52,113,2.13,131,0.61,0.20836,-0.80349,0.83007
2024-02-15T10:00,calibration,1.17,59,2.33,115,1.16,1.10881,-1.5873,1.93623
2024-02-15T11:00,calibration,1.52,67,2.37,118,0.85,0.69342,-1.70656,1.84206
2024-02-15T12:00,calibration,1.99,72,2.22,126,0.23,-0.09658,-1.91983,1.92226
2024-02-15T13:00,calibration,1.41,45,2.55,101,1.14,1.50613,-1.48358,2.11411
2024-02-15T14:00,calibration,1.36,73,2.15,112,0.79,0.69287,-1.20303,1.38829
2024-02-15T15:00,calibration,2.22,82,2.56,129,0.34,-0.2089,-1.92002,1.93136
2024-02-15T16:00,calibration,2.5,106,2.97,135,0.47,-0.30305,-1.41101,1.44319
2024-02-15T17:00,calibration,3.44,172,3.85,171,0.41,0.12352,-0.39608,0.41489
2024-02-15T18:00,calibration,5.2,191,5.6,196,0.4,-0.55136,-0.2786,0.61775
2024-02-15T19:00,calibration,7.58,216,7.66,221,0.08,-0.57,0.35127,0.66955
2024-02-15T20:00,calibration,7.7,245,6.8,242,-0.9,0.97453,0.06175,0.97648
2024-02-15T21:00,calibration,6.58,234,6.18,256,-0.4,-0.6731,2.37255,2.46618
2024-02-15T22:00,calibration,5.59,246,6.86,262,1.27,-1.68652,1.31893,2.14101
2024-02-15T23:00,calibration,6.94,264,7.28,283,0.34,-0.19143,2.36307,2.37081
2024-02-16T00:00,calibration,7.82,286,7.02,287,-0.8,0.80381,-0.10303,0.81038
2024-02-16T01:00,calibration,7.1,280,6.1,280,-1.0,0.98481,-0.17365,1.0
2024-02-16T02:00,calibration,5.94,283,5.74,293,-0.2,0.50406,0.90659,1.03729
2024-02-16T03:00,calibration,5.01,267,4.46,290,-0.55,0.8121,1.78761,1.96343
2024-02-16T04:00,calibration,5.16,261,5.36,279,0.2,-0.19754,1.64569,1.6575
2024-02-16T05:00,calibration,6.4,271,5.26,279,-1.14,1.20378,0.71115,1.39815
2024-02-16T06:00,calibration,4.4,269,4.84,277,0.44,-0.40459,0.66664,0.77981
2024-02-16T07:00,calibration,2.94,260,4.4,273,1.46,-1.49864,0.7408,1.67173
2024-02-16T08:00,calibration,2.6,254,4.1,271,1.5,-1.6001,0.78821,1.7837
2024-02-16T09:00,calibration,3.38,251,3.91,267,0.53,-0.70879,0.89579,1.14229
2024-02-16T10:00,calibration,3.27,247,3.82,264,0.55,-0.78902,0.87839,1.18073
2024-02-16T11:00,calibration,2.73,242,3.52,263,0.79,-1.08332,0.85268,1.37863
2024-02-16T12:00,calibration,2.39,237,3.11,266,0.72,-1.098,1.08474,1.54346
2024-02-16T13:00,calibration,2.1,267,3.81,300,1.71,-1.20243,2.01491,2.34642
2024-02-16T14:00,calibration,2.38,255,4.19,310,1.81,-0.91082,3.30927,3.43233
2024-02-16T15:00,calibration,2.12,262,3.36,307,1.24,-0.58405,2.31715,2.38962
2024-02-16T16:00,calibration,1.9,267,3.22,296,1.32,-0.99672,1.51099,1.81013
2024-02-16T17:00,calibration,2.38,285,3.67,287,1.29,-1.21073,0.45701,1.29412
2024-02-16T18:00,calibration,2.51,299,3.64,291,1.13,-1.20294,0.08759,1.20612
2024-02-16T19:00,calibration,2.16,283,3.09,295,0.93,-0.69585,0.82,1.07545
2024-02-16T20:00,calibration,1.92,298,2.68,297,0.76,-0.69264,0.31531,0.76103
2024-02-16T21:00,calibration,2.02,290,2.47,302,0.45,-0.1965,0.61802,0.64851
2024-02-16T22:00,calibration,2.3,272,1.77,317,-0.53,1.09146,1.21423,1.63268
2024-02-16T23:00,calibration,3.11,274,1.99,342,-1.12,2.48748,1.67566,2.99923
2024-02-17T00:00,calibration,1.06,221,1.84,13,0.78,1.10933,2.59283,2.82018
2024-02-17T01:00,calibration,0.9,360,1.58,18,0.68,0.48825,0.60267,0.77563
2024-02-17T02:00,calibration,0.89,333,1.8,357,0.91,0.30985,1.00454,1.05124
2024-02-17T03:00,calibration,1.08,304,2.28,345,1.2,0.30525,1.59838,1.62727
2024-02-17T04:00,calibration,2.51,331,3.08,347,0.57,0.52402,0.80576,0.96117
2024-02-17T05:00,calibration,2.34,320,3.18,347,0.84,0.78878,1.30595,1.52568
2024-02-17T06:00,calibration,2.28,337,3.04,343,0.76,0.00206,0.80842,0.80842
2024-02-17T07:00,calibration,1.56,315,2.83,328,1.27,-0.39658,1.29689,1.35617
2024-02-17T08:00,calibration,2.21,275,3.26,317,1.05,-0.02172,2.1916,2.19171
2024-02-17T09:00,calibration,1.61,263,2.84,309,1.23,-0.6091,1.98348,2.07489
2024-02-17T10:00,calibration,1.82,279,2.47,291,0.65,-0.50835,0.60046,0.78675
2024-02-17T11:00,calibration,2.73,278,3.35,287,0.62,-0.50019,0.5995,0.78076
2024-02-17T12:00,calibration,2.42,263,4.43,295,2.01,-1.61298,2.16712,2.70151
2024-02-17T13:00,calibration,1.62,248,3.76,287,2.14,-2.09367,1.70618,2.70083
2024-02-17T14:00,calibration,3.5,272,4.47,280,0.97,-0.90422,0.65406,1.11598
2024-02-17T15:00,calibration,5.79,252,5.73,286,-0.06,-0.00141,3.36861,3.36861
2024-02-17T16:00,calibration,6.33,265,5.85,290,-0.48,0.80871,2.55251,2.67756
2024-02-17T17:00,calibration,6.2,280,6.53,285,0.33,-0.20169,0.61347,0.64577
2024-02-17T18:00,calibration,5.71,273,7.0,280,1.29,-1.19148,0.9167,1.50332
2024-02-17T19:00,calibration,5.89,255,6.69,279,0.8,-0.91833,2.57099,2.73008
2024-02-17T20:00,calibration,5.91,266,6.54,276,0.63,-0.60857,1.09588,1.25352
2024-02-17T21:00,calibration,4.3,273,5.95,278,1.65,-1.59799,0.60304,1.70799
2024-02-17T22:00,calibration,5.0,271,5.51,282,0.51,-0.39035,1.05833,1.12803
2024-02-17T23:00,calibration,5.12,274,4.08,287,-1.04,1.2058,0.83572,1.46711
2024-02-18T00:00,calibration,3.5,270,3.52,285,0.02,0.09994,0.91104,0.91651
2024-02-18T01:00,calibration,4.07,245,2.75,260,-1.32,0.98045,1.24252,1.58277
2024-02-18T02:00,calibration,4.84,240,5.01,244,0.17,-0.3114,0.22376,0.38345
2024-02-18T03:00,calibration,4.12,231,4.38,243,0.26,-0.70077,0.60432,0.92535
2024-02-18T04:00,calibration,4.46,226,3.91,238,-0.55,-0.10761,1.02619,1.03182
2024-02-18T05:00,calibration,5.23,225,4.6,224,-0.63,0.50274,0.38921,0.63579
2024-02-18T06:00,calibration,5.59,223,3.48,219,-2.11,1.62234,1.3838,2.13234
2024-02-18T07:00,calibration,4.18,228,4.58,234,0.4,-0.59895,0.10491,0.60807
2024-02-18T08:00,calibration,3.94,210,4.6,236,0.66,-1.84357,0.83985,2.02586
2024-02-18T09:00,calibration,2.43,189,4.62,231,2.19,-3.21028,-0.50738,3.25013
2024-02-18T10:00,calibration,3.4,208,4.8,234,1.4,-2.28708,0.18065,2.2942
2024-02-18T11:00,calibration,2.82,207,4.96,236,2.14,-2.83177,-0.26096,2.84377
2024-02-18T12:00,calibration,2.64,209,5.02,235,2.38,-2.83225,-0.57036,2.8891
2024-02-18T13:00,calibration,3.38,214,4.4,231,1.02,-1.52937,0.03314,1.52973
2024-02-18T14:00,calibration,4.6,222,5.69,231,1.09,-1.34396,-0.16237,1.35373
2024-02-18T15:00,calibration,5.69,231,5.98,232,0.29,-0.29034,-0.10082,0.30735
2024-02-18T16:00,calibration,6.08,225,6.2,232,0.12,-0.58646,0.48211,0.75918
2024-02-18T17:00,calibration,5.64,217,6.27,236,0.63,-1.80383,0.99816,2.06158
2024-02-18T18:00,calibration,6.51,225,6.24,238,-0.27,-0.68855,1.29657,1.46806
2024-02-18T19:00,calibration,6.36,233,6.28,239,-0.08,-0.30369,0.5931,0.66633
2024-02-18T20:00,calibration,7.11,242,6.17,243,-0.94,0.78025,0.53682,0.94708
2024-02-18T21:00,calibration,6.04,251,5.95,245,-0.09,0.3184,-0.54815,0.63391
2024-02-18T22:00,calibration,6.32,252,5.02,247,-1.3,1.38974,-0.00848,1.38977
2024-02-18T23:00,calibration,4.67,260,5.0,254,0.33,-0.20726,-0.56725,0.60393
2024-02-19T00:00,calibration,2.63,261,4.87,261,2.24,-2.21242,-0.35041,2.24
2024-02-19T01:00,calibration,2.35,258,4.13,263,1.78,-1.80057,-0.01473,1.80063
2024-02-19T02:00,calibration,2.72,253,4.04,261,1.32,-1.38911,0.16326,1.39867
2024-02-19T03:00,calibration,2.84,260,3.92,276,1.08,-1.10167,0.90291,1.42441
2024-02-19T04:00,calibration,2.4,268,3.26,281,0.86,-0.80157,0.7058,1.06802
2024-02-19T05:00,calibration,1.65,256,2.73,278,1.08,-1.10244,0.77911,1.34996
2024-02-19T06:00,calibration,1.55,255,2.5,272,0.95,-1.00129,0.48842,1.11406
2024-02-19T07:00,calibration,1.3,274,2.14,281,0.84,-0.80385,0.31765,0.86433
2024-02-19T08:00,calibration,1.4,266,1.75,283,0.35,-0.30856,0.49132,0.58018
2024-02-19T09:00,calibration,1.0,270,2.06,284,1.06,-0.99881,0.49836,1.11624
2024-02-19T10:00,calibration,0.95,252,2.35,282,1.4,-1.39514,0.78216,1.59944
2024-02-19T11:00,calibration,0.5,217,2.32,263,1.82,-2.0018,0.11658,2.00519
2024-02-19T12:00,calibration,0.67,243,1.7,225,1.03,-0.60511,-0.89791,1.08277
2024-02-19T13:00,calibration,0.32,198,1.77,227,1.45,-1.19561,-0.9028,1.49818
2024-02-19T14:00,calibration,0.71,278,0.72,236,0.01,0.10618,-0.50143,0.51255
2024-02-19T15:00,calibration,0.42,225,0.41,194,-0.01,0.1978,-0.10084,0.22202
2024-02-19T16:00,calibration,0.51,101,0.5,233,-0.01,-0.89995,-0.20359,0.92269
2024-02-19T17:00,calibration,0.42,135,0.71,225,0.29,-0.79903,-0.20506,0.82492
2024-02-19T18:00,calibration,0.1,270,0.85,225,0.75,-0.50104,-0.60104,0.78249
2024-02-19T19:00,calibration,0.41,256,1.17,250,0.76,-0.70162,-0.30098,0.76345
2024-02-19T20:00,calibration,1.1,270,1.41,278,0.31,-0.29628,0.19623,0.35537
2024-02-19T21:00,calibration,1.73,280,1.7,298,-0.03,0.20271,0.49769,0.53739
2024-02-19T22:00,calibration,1.03,299,1.41,315,0.38,-0.09616,0.49767,0.50687
2024-02-19T23:00,calibration,0.76,337,1.48,332,0.72,-0.39786,0.60718,0.72592
2024-02-20T00:00,calibration,0.78,130,0.67,27,-0.11,-0.29334,1.09835,1.13685
2024-02-20T01:00,calibration,0.81,60,2.92,22,2.11,0.39237,2.30238,2.33557
2024-02-20T02:00,calibration,1.39,60,2.5,37,1.11,0.30076,1.30159,1.33589
2024-02-20T03:00,calibration,0.71,82,2.36,54,1.65,1.20619,1.28836,1.76487
2024-02-20T04:00,calibration,0.45,63,1.92,62,1.47,1.29431,0.69709,1.47009
2024-02-20T05:00,calibration,0.22,27,2.02,81,1.8,1.89525,0.11998,1.89905
2024-02-20T06:00,calibration,0.98,24,1.8,71,0.82,1.30333,-0.30925,1.33952
2024-02-20T07:00,calibration,0.99,45,2.14,53,1.15,1.00904,0.58785,1.16779
2024-02-20T08:00,calibration,0.94,32,2.2,51,1.26,1.2116,0.58734,1.34645
2024-02-20T09:00,calibration,1.12,27,2.05,47,0.93,0.99081,0.40017,1.06857
2024-02-20T10:00,calibration,1.21,24,2.2,39,0.99,0.89235,0.60433,1.07773
2024-02-20T11:00,calibration,1.53,32,2.33,47,0.8,0.89328,0.29154,0.93965
2024-02-20T12:00,calibration,1.5,37,2.42,52,0.92,1.00426,0.29195,1.04584
2024-02-20T13:00,calibration,2.0,53,2.28,61,0.28,0.39686,-0.09826,0.40885
2024-02-20T14:00,calibration,1.75,66,1.26,72,-0.49,-0.40037,-0.32243,0.51406
2024-02-20T15:00,calibration,1.73,80,1.41,98,-0.32,-0.30744,-0.49665,0.5841
2024-02-20T16:00,calibration,1.99,108,1.88,115,-0.11,-0.18874,-0.17958,0.26052
2024-02-20T17:00,calibration,2.28,119,2.2,129,-0.08,-0.28441,-0.27914,0.39851
2024-02-20T18:00,calibration,1.3,113,1.91,137,0.61,0.10596,-0.88894,0.89523
2024-02-20T19:00,calibration,1.03,119,1.36,144,0.33,-0.10147,-0.60091,0.60942
2024-02-20T20:00,calibration,1.06,139,0.99,135,-0.07,0.00461,0.09996,0.10006
2024-02-20T21:00,calibration,1.61,97,0.63,108,-0.98,-0.99883,0.00153,0.99883
2024-02-20T22:00,calibration,1.46,106,1.56,45,0.1,-0.30036,1.50552,1.53519
2024-02-20T23:00,calibration,2.02,99,2.87,61,0.85,0.51503,1.7074,1.78339
2024-02-21T00:00,calibration,1.62,112,3.61,93,1.99,2.10301,0.41793,2.14414
2024-02-21T01:00,calibration,2.6,88,3.1,111,0.5,0.29568,-1.20168,1.23752
2024-02-21T02:00,calibration,2.3,88,2.78,120,0.48,0.10895,-1.47027,1.4743
2024-02-21T03:00,calibration,2.3,92,2.78,128,0.48,-0.10793,-1.63127,1.63484
2024-02-21T04:00,calibration,2.28,23,2.41,132,0.13,0.90011,-3.71136,3.81895
2024-02-21T05:00,calibration,1.84,49,1.84,139,0.0,-0.18152,-2.59581,2.60215
2024-02-21T06:00,calibration,1.68,343,1.56,140,-0.12,1.49393,-2.80162,3.17505
2024-02-21T07:00,calibration,1.84,29,1.86,144,0.02,0.20123,-3.11407,3.12057
2024-02-21T08:00,calibration,1.7,28,2.15,158,0.45,0.0073,-3.49446,3.49446
2024-02-21T09:00,calibration,2.37,28,2.24,153,-0.13,-0.09571,-4.08844,4.08956
2024-02-21T10:00,calibration,1.89,32,2.31,162,0.42,-0.28772,-3.79975,3.81063
2024-02-21T11:00,calibration,2.37,28,2.06,166,-0.31,-0.61429,-4.09139,4.13725
2024-02-21T12:00,calibration,3.14,31,1.96,165,-1.18,-1.10993,-4.58472,4.71716
2024-02-21T13:00,calibration,2.83,45,2.66,160,-0.17,-1.09134,-4.50069,4.63112
2024-02-21T14:00,calibration,2.34,130,2.1,155,-0.24,-0.90505,-0.39912,0.98914
2024-02-21T15:00,calibration,2.02,160,2.12,161,0.1,-0.00068,-0.10632,0.10632
2024-02-21T16:00,calibration,1.75,167,2.26,167,0.51,0.11473,-0.49693,0.51
2024-02-21T17:00,calibration,2.32,173,2.4,178,0.08,-0.19898,-0.09583,0.22085
2024-02-21T18:00,calibration,2.91,176,2.98,194,0.07,-0.92392,0.01143,0.92399
2024-02-21T19:00,calibration,3.5,180,3.55,202,0.05,-1.32985,0.2085,1.3461
2024-02-21T20:00,calibration,3.3,194,3.76,209,0.46,-1.02454,-0.08659,1.02819
2024-02-21T21:00,calibration,3.31,205,3.14,211,-0.17,-0.21835,0.30837,0.37785
2024-02-21T22:00,calibration,2.75,199,2.31,185,-0.44,0.69398,0.29897,0.75564
2024-02-21T23:00,calibration,1.8,177,2.9,178,1.1,0.007,-1.1007,1.10072
2024-02-22T00:00,calibration,2.2,150,2.86,168,0.66,-0.50537,-0.89225,1.02543
2024-02-22T01:00,calibration,2.05,137,3.32,164,1.27,-0.48298,-1.69211,1.75969
2024-02-22T02:00,calibration,2.34,140,3.22,154,0.88,-0.09257,-1.10157,1.10546
2024-02-22T03:00,calibration,2.51,119,3.35,153,0.84,-0.67443,-1.768,1.89227
2024-02-22T04:00,calibration,2.55,138,3.14,158,0.59,-0.53002,-1.01634,1.14624
2024-02-22T05:00,calibration,1.78,142,3.61,166,1.83,-0.22254,-2.10011,2.11187
2024-02-22T06:00,calibration,1.04,73,4.12,174,3.08,-0.5639,-4.4015,4.43747
2024-02-22T07:00,calibration,2.06,76,4.0,180,1.94,-1.99881,-4.49836,4.92245
2024-02-22T08:00,calibration,0.86,36,3.9,180,3.04,-0.5055,-4.59575,4.62347
2024-02-22T09:00,calibration,3.1,2,3.1,182,0.0,-0.21638,-6.19622,6.2
2024-02-22T10:00,calibration,2.48,50,2.04,169,-0.44,-1.51054,-3.59663,3.90096
2024-02-22T11:00,calibration,3.3,14,0.95,108,-2.35,0.10516,-3.49554,3.49712
2024-02-22T12:00,calibration,1.1,85,2.47,148,1.37,0.21309,-2.19055,2.20089
2024-02-22T13:00,calibration,2.14,53,2.6,157,0.46,-0.69318,-3.6812,3.74589
2024-02-22T14:00,calibration,1.06,131,3.2,178,2.14,-0.68831,-2.50263,2.59556
2024-02-22T15:00,calibration,0.91,264,3.37,192,2.46,0.20435,-3.20124,3.20775
2024-02-22T16:00,calibration,1.08,112,3.7,182,2.62,-1.13049,-3.29317,3.48181
2024-02-22T17:00,calibration,1.04,197,3.71,175,2.67,0.62741,-2.70133,2.77323
2024-02-22T18:00,calibration,1.92,118,3.1,178,1.18,-1.58707,-2.19673,2.71006
2024-02-22T19:00,calibration,0.58,149,3.7,178,3.12,-0.16959,-3.20059,3.20508
2024-02-22T20:00,calibration,2.1,177,2.62,173,0.52,0.20939,-0.50335,0.54517
2024-02-22T21:00,calibration,1.2,185,1.7,140,0.5,1.19733,-0.10684,1.20208
2024-02-22T22:00,calibration,1.12,170,2.02,171,0.9,0.12151,-0.89215,0.90038
2024-02-22T23:00,calibration,2.33,190,2.35,192,0.02,-0.08399,-0.00404,0.08409
2024-02-23T00:00,calibration,0.64,219,1.36,216,0.72,-0.39662,-0.60289,0.72165
2024-02-23T01:00,calibration,1.04,343,1.34,333,0.3,-0.30428,0.19939,0.36379
2024-02-23T02:00,calibration,1.04,343,1.04,343,0.0,0.0,0.0,0.0
2024-02-23T03:00,calibration,1.0,276,1.97,336,0.97,0.19325,1.69516,1.70614
2024-02-23T04:00,calibration,1.34,333,2.56,339,1.22,-0.30907,1.19602,1.23531
2024-02-23T05:00,calibration,1.42,321,2.24,333,0.82,-0.1233,0.89231,0.90079
2024-02-23T06:00,calibration,0.7,270,1.57,333,0.87,-0.01277,1.39888,1.39894
2024-02-23T07:00,calibration,1.63,281,2.69,315,1.06,-0.30206,1.5911,1.61952
2024-02-23T08:00,calibration,1.24,284,2.44,325,1.2,-0.19636,1.69875,1.71006
2024-02-23T09:00,calibration,0.7,360,2.15,338,1.45,-0.8054,1.29345,1.5237
2024-02-23T10:00,calibration,0.64,219,1.65,346,1.01,0.00359,2.09836,2.09836
2024-02-23T11:00,calibration,1.24,284,1.53,349,0.29,0.91123,1.20191,1.50828
2024-02-23T12:00,calibration,0.51,281,0.67,333,0.16,0.19646,0.49966,0.5369
2024-02-23T13:00,calibration,0.41,104,0.32,18,-0.09,-0.29894,0.40353,0.50219
2024-02-23T14:00,calibration,1.04,287,0.54,292,-0.5,0.49388,-0.10178,0.50426
2024-02-23T15:00,calibration,1.65,256,1.4,270,-0.25,0.20099,0.39917,0.44692
2024-02-23T16:00,calibration,2.2,270,1.9,267,-0.3,0.3026,-0.09944,0.31852
2024-02-23T17:00,calibration,1.71,263,1.81,276,0.1,-0.10283,0.39759,0.41068
2024-02-23T18:00,calibration,2.61,266,1.81,276,-0.8,0.80356,0.37126,0.88518
2024-02-23T19:00,calibration,3.21,274,2.02,261,-1.19,1.20705,-0.53992,1.3223
2024-02-23T20:00,calibration,3.04,261,2.73,278,-0.31,0.29914,0.8555,0.9063
2024-02-23T21:00,calibration,3.45,260,3.1,285,-0.35,0.40322,1.40143,1.45828
2024-02-23T22:00,calibration,2.6,268,5.33,304,2.73,-1.82035,3.07124,3.57018
2024-02-23T23:00,calibration,5.95,290,2.1,273,-3.85,3.49405,-1.92511,3.98929
2024-02-24T00:00,calibration,5.37,294,2.33,280,-3.04,2.61114,-1.77958,3.15989
2024-02-24T01:00,calibration,2.33,313,3.08,306,0.75,-0.78772,0.22132,0.81822
2024-02-24T02:00,calibration,4.24,313,5.46,336,1.22,0.88016,2.09629,2.27356
2024-02-24T03:00,calibration,3.5,323,4.4,339,0.9,0.52953,1.31253,1.41532
2024-02-24T04:00,calibration,1.88,295,3.9,337,2.02,0.18001,2.79545,2.80124
2024-02-24T05:00,calibration,1.8,273,3.4,332,1.6,0.20133,2.90782,2.91478
2024-02-24T06:00,calibration,2.66,304,3.08,324,0.42,0.39486,1.00432,1.07915
2024-02-24T07:00,calibration,2.78,308,3.24,326,0.46,0.37888,0.97454,1.0456
2024-02-24T08:00,calibration,2.06,309,3.64,339,1.58,0.29646,2.10183,2.12264
2024-02-24T09:00,calibration,1.36,287,2.89,346,1.53,0.60142,2.40653,2.48054
2024-02-24T10:00,calibration,2.15,298,2.97,340,0.82,0.88254,1.78152,1.98814
2024-02-24T11:00,calibration,1.49,312,2.87,331,1.38,-0.28412,1.51315,1.5396
2024-02-24T12:00,calibration,2.5,323,3.31,335,0.81,0.10567,1.00329,1.00884
2024-02-24T13:00,calibration,3.86,329,4.22,338,0.36,0.40721,0.60405,0.72849
2024-02-24T14:00,calibration,3.78,323,4.16,350,0.38,1.55248,1.07796,1.89003
2024-02-24T15:00,calibration,3.79,342,3.81,357,0.02,0.97177,0.20027,0.9922
2024-02-24T16:00,calibration,4.27,344,3.31,357,-0.96,1.00374,-0.79912,1.283
2024-02-24T17:00,calibration,3.93,353,3.61,357,-0.32,0.29001,-0.29565,0.41415
2024-02-24T18:00,calibration,3.85,335,3.55,350,-0.3,1.01063,0.00678,1.01065
2024-02-24T19:00,calibration,4.44,337,4.05,344,-0.39,0.61851,-0.19393,0.64821
2024-02-24T20:00,calibration,4.74,325,4.27,339,-0.47,1.18852,0.10361,1.19303
2024-02-24T21:00,calibration,4.98,322,4.07,332,-0.91,1.15524,-0.3307,1.20165
2024-02-24T22:00,calibration,4.61,311,3.88,325,-0.73,1.25373,0.15388,1.26314
2024-02-24T23:00,calibration,3.04,314,3.41,310,0.37,-0.42542,0.08014,0.4329
2024-02-25T00:00,calibration,2.05,313,3.32,314,1.27,-0.88893,0.90817,1.27082
2024-02-25T01:00,calibration,2.69,312,3.11,318,0.42,-0.08194,0.51122,0.51774
2024-02-25T02:00,calibration,1.97,294,2.72,324,0.75,0.20091,1.39926,1.4136
2024-02-25T03:00,calibration,1.71,291,2.2,321,0.49,0.21192,1.09691,1.1172
2024-02-25T04:00,calibration,1.84,283,1.92,298,0.08,0.09758,0.48748,0.49715
2024-02-25T05:00,calibration,1.3,274,1.61,277,0.31,-0.30117,0.10553,0.31912
2024-02-25T06:00,calibration,1.12,243,1.44,236,0.32,-0.19589,-0.29677,0.35559
2024-02-25T07:00,calibration,0.95,162,1.44,214,0.49,-1.0988,-0.29031,1.13651
2024-02-25T08:00,calibration,0.61,171,1.84,221,1.23,-1.30257,-0.78618,1.52144
2024-02-25T09:00,calibration,1.66,155,2.14,191,0.48,-1.10988,-0.59621,1.25988
2024-02-25T10:00,calibration,1.7,130,2.33,190,0.63,-1.70688,-1.20186,2.08756
2024-02-25T11:00,calibration,1.0,127,2.44,199,1.44,-1.59302,-1.70525,2.33358
2024-02-25T12:00,calibration,1.4,90,2.55,169,1.15,-0.91344,-2.50315,2.66461
2024-02-25T13:00,calibration,1.36,107,2.8,182,1.44,-1.39829,-2.40067,2.77821
2024-02-25T14:00,calibration,2.62,173,3.42,195,0.8,-1.20446,-0.703,1.39461
2024-02-25T15:00,calibration,3.98,198,4.03,210,0.05,-0.78511,0.29512,0.83875
2024-02-25T16:00,calibration,3.98,192,3.94,204,-0.04,-0.77505,0.29366,0.82882
2024-02-25T17:00,calibration,3.71,175,3.96,196,0.25,-1.41487,-0.11071,1.4192
2024-02-25T18:00,calibration,4.11,176,4.12,194,0.01,-1.28342,0.10237,1.28749
2024-02-25T19:00,calibration,4.43,186,4.08,197,-0.35,-0.72982,0.50401,0.88694
2024-02-25T20:00,calibration,3.71,183,4.11,206,0.4,-1.60754,0.01087,1.60758
2024-02-25T21:00,calibration,4.16,190,3.86,201,-0.3,-0.66092,0.49318,0.82465
2024-02-25T22:00,calibration,3.81,185,2.86,192,-0.95,-0.26256,0.998,1.03196
2024-02-25T23:00,calibration,1.58,162,2.9,182,1.32,-0.58946,-1.39556,1.51494
2024-02-26T00:00,calibration,1.75,114,3.01,186,1.26,-1.91334,-2.28172,2.97777
2024-02-26T01:00,calibration,2.26,103,3.14,189,0.88,-2.69328,-2.59295,3.7386
2024-02-26T02:00,calibration,2.3,56,3.26,191,0.96,-2.52882,-4.48625,5.14989
2024-02-26T03:00,calibration,2.94,55,3.45,197,0.51,-3.41699,-4.98557,6.04414
2024-02-26T04:00,calibration,2.92,38,3.04,207,0.12,-3.17786,-5.00965,5.93257
2024-02-26T05:00,calibration,2.98,40,2.33,211,-0.65,-3.11555,-4.28001,5.29388
2024-02-26T06:00,calibration,3.5,31,1.96,195,-1.54,-2.30992,-4.8933,5.41111
2024-02-26T07:00,calibration,2.2,93,1.3,157,-0.9,-1.68903,-1.08152,2.00562
2024-02-26T08:00,calibration,2.19,114,2.43,171,0.24,-1.62053,-1.50933,2.21454
2024-02-26T09:00,calibration,1.91,84,1.81,174,-0.1,-1.71034,-1.99973,2.63139
2024-02-26T10:00,calibration,1.6,90,2.52,173,0.92,-1.29289,-2.50122,2.81561
2024-02-26T11:00,calibration,1.34,117,2.2,180,0.86,-1.19395,-1.59165,1.98969
2024-02-26T12:00,calibration,0.94,58,1.7,180,0.76,-0.79717,-2.19812,2.33821
2024-02-26T13:00,calibration,1.98,41,2.5,180,0.52,-1.299,-3.99432,4.20024
2024-02-26T14:00,calibration,0.71,82,1.81,174,1.1,-0.51389,-1.8989,1.96721
2024-02-26T15:00,calibration,1.14,165,1.51,172,0.37,-0.0849,-0.39415,0.40319
2024-02-26T16:00,calibration,0.51,101,1.62,158,1.11,0.10623,-1.40473,1.40874
2024-02-26T17:00,calibration,1.57,117,2.38,158,0.81,-0.50732,-1.49393,1.57772
2024-02-26T18:00,calibration,2.24,153,2.86,168,0.62,-0.42231,-0.80165,0.90608
2024-02-26T19:00,calibration,3.04,171,3.1,178,0.06,-0.36737,-0.09554,0.37959
2024-02-26T20:00,calibration,2.4,178,3.21,184,0.81,-0.30768,-0.80364,0.86053
2024-02-26T21:00,calibration,2.51,185,2.91,184,0.4,0.01577,-0.40246,0.40277
2024-02-26T22:00,calibration,2.62,187,2.11,175,-0.51,0.5032,0.4985,0.70831
2024-02-26T23:00,calibration,1.25,151,2.42,142,1.17,0.88389,-0.81371,1.20141
2024-02-27T00:00,calibration,1.42,129,2.87,151,1.45,0.28786,-1.61652,1.64195
2024-02-27T01:00,calibration,1.72,144,2.43,171,0.71,-0.63085,-1.00857,1.18962
2024-02-27T02:00,calibration,1.41,98,2.36,144,0.95,-0.0091,-1.71305,1.71307
2024-02-27T03:00,calibration,1.4,86,2.39,147,0.99,-0.0949,-2.10208,2.10422
2024-02-27T04:00,calibration,2.02,70,3.27,157,1.25,-0.62049,-3.70093,3.75259
2024-02-27T05:00,calibration,2.68,27,3.55,170,0.87,-0.60024,-5.88397,5.9145
2024-02-27T06:00,calibration,2.47,21,3.41,175,0.94,-0.58797,-5.70297,5.7332
2024-02-27T07:00,calibration,2.84,39,3.41,175,0.57,-1.49007,-5.60412,5.79883
2024-02-27T08:00,calibration,2.16,56,3.22,173,1.06,-1.3983,-4.40386,4.62052
2024-02-27T09:00,calibration,2.22,54,3.49,167,1.27,-1.01094,-4.70543,4.81281
2024-02-27T10:00,calibration,2.28,75,3.72,174,1.44,-1.81347,-4.28973,4.6573
2024-02-27T11:00,calibration,2.92,121,3.81,166,0.89,-1.58121,-2.19292,2.70353
2024-02-27T12:00,calibration,2.62,137,3.57,162,0.95,-0.68365,-1.47913,1.62947
2024-02-27T13:00,calibration,1.62,68,3.62,156,2.0,-0.02965,-3.9139,3.91401
2024-02-27T14:00,calibration,1.79,117,3.49,156,1.7,-0.17539,-2.37563,2.3821
2024-02-27T15:00,calibration,2.42,142,4.67,190,2.25,-2.30084,-2.69207,3.54134
2024-02-27T16:00,calibration,4.92,175,5.4,181,0.48,-0.52305,-0.4979,0.72214
2024-02-27T17:00,calibration,4.05,123,5.56,172,1.51,-2.62281,-3.3001,4.21543
2024-02-27T18:00,calibration,4.77,147,7.06,168,2.29,-1.13007,-2.90526,3.11731
2024-02-27T19:00,calibration,4.31,158,7.09,202,2.78,-4.27052,-2.57757,4.9881
2024-02-27T20:00,calibration,4.5,179,5.19,220,0.69,-3.4146,0.52354,3.45451
2024-02-27T21:00,calibration,3.26,198,2.56,211,-0.7,-0.3111,0.9061,0.95802
2024-02-27T22:00,calibration,1.92,171,3.73,200,1.81,-1.57609,-1.60869,2.2521
2024-02-27T23:00,calibration,2.22,172,2.53,162,0.31,0.47285,-0.20778,0.51649
2024-02-28T00:00,calibration,3.11,174,3.61,161,0.5,0.85022,-0.32036,0.90857
2024-02-28T01:00,calibration,2.86,168,4.1,180,1.24,-0.59463,-1.3025,1.43181
2024-02-28T02:00,calibration,4.9,182,5.0,182,0.1,-0.00349,-0.09994,0.1
2024-02-28T03:00,calibration,1.98,131,4.82,175,2.84,-1.07423,-3.50266,3.66369
2024-02-28T04:00,calibration,1.7,140,4.71,184,3.01,-1.42129,-3.39625,3.68166
2024-02-28T05:00,calibration,1.14,105,4.8,180,3.66,-1.10116,-4.50495,4.63757
2024-02-28T06:00,calibration,2.51,151,5.41,184,2.9,-1.59425,-3.20153,3.57651
2024-02-28T07:00,calibration,2.92,158,6.32,203,3.4,-3.56327,-3.11021,4.72973
2024-02-28T08:00,calibration,3.4,223,6.28,211,2.88,-0.91564,-2.89641,3.03769
2024-02-28T09:00,calibration,2.92,158,6.49,209,3.57,-4.24027,-2.96891,5.17632
2024-02-28T10:00,calibration,4.13,187,7.27,214,3.14,-3.56201,-1.92789,4.05027
2024-02-28T11:00,calibration,3.63,188,5.23,206,1.6,-1.78748,-1.10602,2.10199
2024-02-28T12:00,calibration,3.51,177,4.75,202,1.24,-1.96308,-0.89893,2.15911
2024-02-28T13:00,calibration,5.3,179,4.72,212,-0.58,-2.59372,1.29641,2.89966
2024-02-28T14:00,calibration,2.14,259,7.57,228,5.43,-3.52492,-4.65699,5.8406
2024-02-28T15:00,calibration,4.78,196,5.02,215,0.24,-1.56181,0.48269,1.6347
2024-02-28T16:00,calibration,5.69,190,5.33,210,-0.36,-1.67694,0.98764,1.94617
2024-02-28T17:00,calibration,5.36,194,6.2,218,0.84,-2.5204,0.31512,2.54002
2024-02-28T18:00,calibration,4.93,198,7.1,238,2.17,-4.49769,0.92628,4.59208
2024-02-28T19:00,calibration,5.3,259,8.12,274,2.82,-2.8976,1.57771,3.29928
2024-02-28T20:00,calibration,8.01,272,8.86,294,0.85,-0.08889,3.32414,3.32533
2024-02-28T21:00,calibration,8.41,273,8.42,286,0.01,0.30465,1.88072,1.90524
2024-02-28T22:00,calibration,8.42,274,8.1,279,-0.32,0.39921,0.67977,0.78833
2024-02-28T23:00,calibration,8.3,271,8.32,280,0.02,0.10514,1.2999,1.30414
2024-02-29T00:00,calibration,8.22,273,8.79,282,0.57,-0.38918,1.39734,1.45053
2024-02-29T01:00,calibration,7.6,279,8.27,285,0.67,-0.48178,0.95153,1.06655
2024-02-29T02:00,calibration,6.85,277,7.53,287,0.68,-0.40203,1.36675,1.42466
2024-02-29T03:00,calibration,6.94,282,6.94,285,0.0,0.08482,0.3533,0.36334
2024-02-29T04:00,calibration,5.23,277,6.62,285,1.39,-1.20341,1.07601,1.61431
2024-02-29T05:00,calibration,5.3,270,6.16,283,0.86,-0.70212,1.3857,1.55343
2024-02-29T06:00,calibration,5.2,271,5.71,281,0.51,-0.40588,0.99877,1.07809
2024-02-29T07:00,calibration,4.3,267,5.56,278,1.26,-1.21178,0.99885,1.57039
2024-02-29T08:00,calibration,5.2,269,4.3,273,-0.9,0.9051,0.3158,0.95861
2024-02-29T09:00,calibration,3.77,259,4.0,269,0.23,-0.29866,0.64954,0.71491
2024-02-29T10:00,calibration,4.9,250,4.21,266,-0.69,0.40475,1.38222,1.44027
2024-02-29T11:00,calibration,4.8,234,3.85,261,-0.95,0.08068,2.2191,2.22056
2024-02-29T12:00,calibration,3.94,234,4.05,254,0.11,-0.70558,1.19954,1.39167
2024-02-29T13:00,calibration,3.62,231,4.02,251,0.4,-0.98772,0.96936,1.38392
2024-02-29T14:00,calibration,5.32,244,4.54,262,-0.78,0.28577,1.70029,1.72414
2024-02-29T15:00,calibration,5.41,251,5.2,281,-0.21,0.01079,2.75353,2.75355
2024-02-29T16:00,calibration,4.84,263,5.02,283,0.18,-0.08741,1.7191,1.72132
2024-02-29T17:00,calibration,4.0,271,4.71,287,0.71,-0.5048,1.30726,1.40134
2024-02-29T18:00,calibration,4.9,272,4.22,284,-0.68,0.80237,0.8499,1.16881
2024-02-29T19:00,calibration,4.69,259,4.51,283,-0.18,0.20942,1.90942,1.92087
2024-02-29T20:00,calibration,4.6,269,4.63,284,0.03,0.10683,1.20038,1.20512
2024-02-29T21:00,calibration,4.41,257,4.44,284,0.03,-0.01114,2.06617,2.0662
2024-02-29T22:00,calibration,4.18,253,4.2,282,0.02,-0.11087,2.09534,2.09827
2024-02-29T23:00,calibration,2.34,250,2.79,285,0.45,-0.49605,1.52243,1.60121
2024-03-01T00:00,calibration,1.14,218,2.06,293,0.92,-1.19439,1.70324,2.08028
2024-03-01T01:00,calibration,0.78,230,1.8,270,1.02,-1.20249,0.50137,1.30282
2024-03-01T02:00,calibration,0.63,18,1.7,270,1.07,-1.89468,-0.59917,1.98716
2024-03-01T03:00,calibration,0.51,101,1.62,248,1.11,-2.00267,-0.50955,2.06648
2024-03-01T04:00,calibration,0.5,37,1.8,236,1.3,-1.79318,-1.40586,2.27858
2024-03-01T05:00,calibration,0.91,174,1.91,223,1.0,-1.39774,-0.49187,1.48176
2024-03-01T06:00,calibration,0.82,76,1.75,204,0.93,-1.50743,-1.79708,2.3456
2024-03-01T07:00,calibration,1.84,112,1.8,161,-0.04,-1.12,-1.01266,1.50992
2024-03-01T08:00,calibration,1.77,137,2.06,151,0.29,-0.20843,-0.50722,0.54838
2024-03-01T09:00,calibration,1.82,99,1.84,151,0.02,-0.90554,-1.32459,1.60454
2024-03-01T10:00,calibration,1.89,58,1.71,111,-0.18,-0.00639,-1.61436,1.61437
2024-03-01T11:00,calibration,1.64,52,2.2,87,0.56,0.90465,-0.89455,1.27224
2024-03-01T12:00,calibration,1.84,49,2.33,65,0.49,0.72303,-0.22245,0.75648
2024-03-01T13:00,calibration,1.56,50,3.07,71,1.51,1.70771,-0.00325,1.70772
2024-03-01T14:00,calibration,2.48,43,2.4,90,-0.08,0.70864,-1.81376,1.94728
2024-03-01T15:00,calibration,3.62,66,3.49,117,-0.13,-0.19742,-3.05681,3.06318
2024-03-01T16:00,calibration,3.77,112,3.4,137,-0.37,-1.17669,-1.07434,1.59336
2024-03-01T17:00,calibration,3.47,131,3.8,153,0.33,-0.89368,-1.1093,1.4245
2024-03-01T18:00,calibration,3.72,114,3.91,148,0.19,-1.3264,-1.80281,2.23818
2024-03-01T19:00,calibration,3.72,121,4.2,142,0.48,-0.60288,-1.3937,1.51851
2024-03-01T20:00,calibration,4.11,131,4.69,140,0.58,-0.08718,-0.89635,0.90058
2024-03-01T21:00,calibration,3.72,121,3.52,125,-0.2,-0.30525,-0.10305,0.32217
2024-03-01T22:00,calibration,3.42,111,4.1,133,0.68,-0.19429,-1.57057,1.58255
2024-03-01T23:00,calibration,2.22,82,4.16,145,1.94,0.18768,-3.71664,3.72137
2024-03-02T00:00,calibration,2.72,96,4.28,143,1.56,-0.12933,-3.13384,3.13651
2024-03-02T01:00,calibration,5.31,137,4.53,137,-0.78,-0.53196,0.57046,0.78
2024-03-02T02:00,calibration,3.33,139,4.84,142,1.51,0.79512,-1.30079,1.52456
2024-03-02T03:00,calibration,2.1,90,4.32,138,2.22,0.79064,-3.21039,3.30631
2024-03-02T04:00,calibration,2.14,101,3.94,144,1.8,0.21519,-2.7792,2.78751
2024-03-02T05:00,calibration,1.77,74,4.34,142,2.57,0.97054,-3.90784,4.02656
2024-03-02T06:00,calibration,2.56,111,3.26,137,0.7,-0.16665,-1.46679,1.47623
2024-03-02T07:00,calibration,1.43,78,3.22,126,1.79,1.20628,-2.18998,2.50023
2024-03-02T08:00,calibration,1.79,63,3.14,121,1.35,1.0966,-2.42986,2.66585
2024-03-02T09:00,calibration,1.53,58,2.55,116,1.02,0.99441,-1.92862,2.16989
2024-03-02T10:00,calibration,1.98,49,2.1,115,0.12,0.40892,-2.1865,2.22441
2024-03-02T11:00,calibration,1.64,38,2.38,112,0.74,1.19701,-2.1839,2.49043
2024-03-02T12:00,calibration,1.49,48,2.11,121,0.62,0.70134,-2.08373,2.1986
2024-03-02T13:00,calibration,2.13,41,2.36,144,0.23,-0.01023,-3.51681,3.51683
2024-03-02T14:00,calibration,1.43,65,2.11,149,0.68,-0.20929,-2.41297,2.42203
2024-03-02T15:00,calibration,0.92,77,1.49,138,0.57,0.10058,-1.31424,1.31808
2024-03-02T16:00,calibration,0.32,18,0.76,157,0.44,0.19807,-1.00392,1.02327
2024-03-02T17:00,calibration,0.3,180,1.58,198,1.28,-0.48825,-1.20267,1.298
2024-03-02T18:00,calibration,0.98,246,1.86,234,0.88,-0.6095,-0.69468,0.92416
2024-03-02T19:00,calibration,1.3,247,1.97,246,0.67,-0.60303,-0.29332,0.67058
2024-03-02T20:00,calibration,1.2,270,2.25,249,1.05,-0.90056,-0.80633,1.20879
2024-03-02T21:00,calibration,0.89,243,1.99,252,1.1,-1.09961,-0.21089,1.11965
2024-03-02T22:00,calibration,0.85,249,1.5,274,0.65,-0.7028,0.40925,0.81327
2024-03-02T23:00,calibration,0.6,270,1.57,297,0.97,-0.79888,0.71277,1.07063
2024-03-03T00:00,calibration,1.0,276,1.84,311,0.84,-0.39414,1.10262,1.17095
2024-03-03T01:00,calibration,1.3,212,1.04,343,-0.26,0.38483,2.09702,2.13204
2024-03-03T02:00,calibration,1.42,219,0.95,252,-0.47,-0.00987,0.80998,0.81004
2024-03-03T03:00,calibration,0.92,167,1.0,264,0.08,-1.20148,0.79189,1.43897
2024-03-03T04:00,calibration,1.04,107,1.34,243,0.3,-2.18851,-0.30428,2.20956
2024-03-03T05:00,calibration,1.32,171,1.14,232,-0.18,-1.10483,0.60189,1.25814
2024-03-03T06:00,calibration,0.51,101,0.99,225,0.48,-1.20067,-0.60272,1.34346
2024-03-03T07:00,calibration,1.41,98,0.85,201,-0.56,-1.70089,-0.59731,1.80272
2024-03-03T08:00,calibration,0.78,130,1.22,215,0.44,-1.29728,-0.49799,1.38958
2024-03-03T09:00,calibration,0.82,166,0.72,214,-0.1,-0.60099,0.19874,0.633
2024-03-03T10:00,calibration,0.78,140,0.71,98,-0.07,0.20172,0.4987,0.53795
2024-03-03T11:00,calibration,0.36,124,1.5,127,1.14,0.8995,-0.70141,1.14065
2024-03-03T12:00,calibration,0.91,96,1.22,145,0.31,-0.20525,-0.90424,0.92725
2024-03-03T13:00,calibration,0.45,63,0.72,146,0.27,0.00167,-0.8012,0.8012
2024-03-03T14:00,calibration,1.2,85,1.0,127,-0.2,-0.3968,-0.7064,0.81022
2024-03-03T15:00,calibration,1.46,106,1.91,133,0.45,-0.00656,-0.90019,0.90021
2024-03-03T16:00,calibration,0.58,121,1.6,184,1.02,-0.60877,-1.29738,1.43311
2024-03-03T17:00,calibration,1.08,158,1.81,174,0.73,-0.21538,-0.79873,0.82726
2024-03-03T18:00,calibration,1.84,131,2.6,164,0.76,-0.67201,-1.29213,1.45643
2024-03-03T19:00,calibration,1.28,141,2.53,162,1.25,-0.02372,-1.41143,1.41163
2024-03-03T20:00,calibration,1.08,124,2.57,167,1.49,-0.31724,-1.9002,1.9265
2024-03-03T21:00,calibration,2.2,93,2.52,187,0.32,-2.5041,-2.38608,3.45888
2024-03-03T22:00,calibration,1.44,124,0.63,198,-0.81,-1.38849,0.20607,1.4037
2024-03-03T23:00,calibration,0.95,342,1.17,20,0.22,0.69373,0.19594,0.72087
2024-03-04T00:00,calibration,2.68,27,2.95,62,0.27,1.388,-1.00296,1.71244
2024-03-04T01:00,calibration,1.44,56,2.75,71,1.31,1.40636,0.09007,1.40924
2024-03-04T02:00,calibration,2.15,22,2.86,115,0.71,1.78664,-3.20213,3.66684
2024-03-04T03:00,calibration,2.2,60,2.97,132,0.77,0.30188,-3.08732,3.10204
2024-03-04T04:00,calibration,0.51,101,2.19,133,1.68,1.10103,-1.39626,1.77815
2024-03-04T05:00,calibration,1.32,81,2.48,140,1.16,0.29036,-2.10628,2.1262
2024-03-04T06:00,calibration,1.4,90,2.75,161,1.35,-0.50469,-2.60018,2.6487
2024-03-04T07:00,calibration,1.97,30,2.8,178,0.83,-0.88728,-4.50436,4.59092
2024-03-04T08:00,calibration,1.89,32,2.1,180,0.21,-1.00155,-3.70281,3.83587
2024-03-04T09:00,calibration,1.97,66,1.82,171,-0.15,-1.51497,-2.59886,3.0082
2024-03-04T10:00,calibration,3.09,25,1.71,159,-1.38,-0.69308,-4.39691,4.4512
2024-03-04T11:00,calibration,2.64,29,1.92,152,-0.72,-0.37851,-4.00426,4.02211
2024-03-04T12:00,calibration,2.48,47,2.15,152,-0.33,-0.80439,-3.58969,3.67872
2024-03-04T13:00,calibration,1.86,54,2.77,154,0.91,-0.29048,-3.58294,3.5947
2024-03-04T14:00,calibration,1.92,99,1.75,149,-0.17,-0.99504,-1.19969,1.55864
2024-03-04T15:00,calibration,1.89,148,1.93,159,0.04,-0.3099,-0.199,0.36829
2024-03-04T16:00,calibration,2.02,171,2.47,166,0.45,0.28155,-0.4015,0.49038
2024-03-04T17:00,calibration,2.32,173,2.77,167,0.45,0.34038,-0.3963,0.52241
2024-03-04T18:00,calibration,2.42,173,2.93,172,0.51,0.11285,-0.49952,0.51211
2024-03-04T19:00,calibration,2.45,168,3.8,180,1.35,-0.50938,-1.40354,1.49311
2024-03-04T20:00,calibration,2.89,166,3.91,176,1.02,-0.42641,-1.09632,1.17633
2024-03-04T21:00,calibration,2.4,163,3.44,172,1.04,-0.22294,-1.11139,1.13353
2024-03-04T22:00,calibration,2.24,170,1.8,183,-0.44,-0.48318,0.40844,0.63268
2024-03-04T23:00,calibration,2.33,115,2.86,126,0.53,0.20209,-0.69637,0.7251
2024-03-05T00:00,calibration,3.48,108,4.32,132,0.84,-0.09929,-1.81527,1.81798
2024-03-05T01:00,calibration,4.43,118,3.98,129,-0.45,-0.81842,-0.42494,0.92216
2024-03-05T02:00,calibration,4.91,123,4.1,135,-0.81,-1.21873,-0.22496,1.23932
2024-03-05T03:00,calibration,3.73,110,3.89,138,0.16,-0.90214,-1.6151,1.84997
2024-03-05T04:00,calibration,2.42,83,3.89,138,1.47,0.20096,-3.18576,3.19209
2024-03-05T05:00,calibration,2.2,30,3.75,136,1.55,1.50497,-4.60278,4.84257
2024-03-05T06:00,calibration,2.6,90,3.61,138,1.01,-0.18444,-2.68275,2.68909
2024-03-05T07:00,calibration,1.65,104,2.94,145,1.29,0.08533,-2.00914,2.01095
2024-03-05T08:00,calibration,2.85,18,2.27,139,-0.58,0.60856,-4.4237,4.46536
2024-03-05T09:00,calibration,3.07,19,2.75,123,-0.32,1.30685,-4.4005,4.59045
2024-03-05T10:00,calibration,2.42,24,2.42,128,0.0,0.92268,-3.70068,3.81397
2024-03-05T11:00,calibration,2.33,47,2.25,122,-0.08,0.20405,-2.78137,2.78885
2024-03-05T12:00,calibration,1.89,58,2.34,110,0.45,0.59607,-1.80187,1.89791
2024-03-05T13:00,calibration,1.35,42,2.47,122,1.12,1.19135,-2.31215,2.60103
2024-03-05T14:00,calibration,2.52,124,1.91,137,-0.61,-0.78656,0.01228,0.78665
2024-03-05T15:00,calibration,2.6,157,2.06,151,-0.54,-0.01719,0.5916,0.59185
2024-03-05T16:00,calibration,2.48,140,2.6,157,0.12,-0.57821,-0.49352,0.76019
2024-03-05T17:00,calibration,2.21,175,2.73,188,0.52,-0.57256,-0.50184,0.76136
2024-03-05T18:00,calibration,2.32,187,3.04,197,0.72,-0.60607,-0.60446,0.85598
2024-03-05T19:00,calibration,2.72,186,4.24,199,1.52,-1.09609,-1.3039,1.7034
2024-03-05T20:00,calibration,3.16,215,3.61,185,0.45,1.49787,-1.00774,1.80531
2024-03-05T21:00,calibration,2.44,235,2.8,182,0.36,1.90101,-1.39877,2.36017
2024-03-05T22:00,calibration,3.0,210,3.28,192,0.28,0.81805,-0.61025,1.02059
2024-03-05T23:00,calibration,1.42,231,2.94,170,1.52,1.61407,-2.0017,2.57139
2024-03-06T00:00,calibration,5.81,312,2.68,153,-3.13,5.53437,-6.27555,8.3673
2024-03-06T01:00,calibration,1.51,262,1.41,278,-0.1,0.09903,0.40639,0.41828
2024-03-06T02:00,calibration,1.43,78,1.22,145,-0.21,-0.69899,-1.29668,1.47308
2024-03-06T03:00,calibration,1.34,117,2.05,137,0.71,0.20415,-0.89093,0.91402
2024-03-06T04:00,calibration,1.73,100,1.86,144,0.13,-0.61044,-1.20436,1.35023
2024-03-06T05:00,calibration,2.48,130,1.87,164,-0.61,-1.38435,-0.20345,1.39922
2024-03-06T06:00,calibration,1.86,126,3.06,191,1.2,-2.08865,-1.9105,2.83063
2024-03-06T07:00,calibration,1.98,131,2.6,203,0.62,-2.51023,-1.09432,2.73839
2024-03-06T08:00,calibration,0.32,108,2.02,213,1.7,-1.40451,-1.59523,2.12542
2024-03-06T09:00,calibration,0.58,121,1.28,231,0.7,-1.4919,-0.50681,1.57564
2024-03-06T10:00,calibration,0.2,360,1.56,225,1.36,-1.10309,-1.30309,1.70729
2024-03-06T11:00,calibration,0.36,236,1.14,195,0.78,0.0034,-0.89985,0.89985
2024-03-06T12:00,calibration,0.61,99,1.17,160,0.56,-0.20233,-1.00402,1.0242
2024-03-06T13:00,calibration,0.73,164,0.95,252,0.22,-1.10472,0.40815,1.17771
2024-03-06T14:00,calibration,1.08,214,0.58,59,-0.5,1.10109,1.19408,1.62426
2024-03-06T15:00,calibration,0.42,225,1.77,133,1.35,1.59148,-0.91015,1.83335
2024-03-06T16:00,calibration,0.5,233,1.1,185,0.6,0.30345,-0.79491,0.85086
2024-03-06T17:00,calibration,0.89,333,0.81,30,-0.08,0.80905,-0.09152,0.81421
2024-03-06T18:00,calibration,0.42,315,1.92,129,1.5,1.78911,-1.50528,2.33811
2024-03-06T19:00,calibration,0.8,360,0.8,90,0.0,0.8,-0.8,1.13137
2024-03-06T20:00,calibration,0.86,54,1.06,41,0.2,-0.00033,0.2945,0.2945
2024-03-06T21:00,calibration,1.75,336,2.12,19,0.37,1.40199,0.40579,1.45954
2024-03-06T22:00,calibration,3.38,326,2.4,17,-0.98,2.59176,-0.50702,2.64089
2024-03-06T23:00,calibration,3.09,335,2.79,345,-0.3,0.58379,-0.10556,0.59325
2024-03-07T00:00,calibration,2.2,309,3.47,348,1.27,0.98827,2.00967,2.23952
2024-03-07T01:00,calibration,2.76,314,2.76,316,0.0,0.06812,0.06812,0.09634
2024-03-07T02:00,calibration,2.36,306,3.3,346,0.94,1.11094,1.8148,2.12784
2024-03-07T03:00,calibration,2.52,326,3.62,354,1.1,1.03077,1.51099,1.8291
2024-03-07T04:00,calibration,2.94,325,3.81,357,0.87,1.48691,1.39647,2.03986
2024-03-07T05:00,calibration,2.77,334,3.71,3,0.94,1.40845,1.21526,1.86027
2024-03-07T06:00,calibration,3.47,314,3.92,354,0.45,2.08636,1.48806,2.56266
2024-03-07T07:00,calibration,4.14,323,4.2,357,0.06,2.2717,0.88789,2.43906
2024-03-07T08:00,calibration,3.16,325,4.2,360,1.04,1.8125,1.61148,2.42529
2024-03-07T09:00,calibration,3.22,334,3.7,360,0.48,1.41156,0.80588,1.6254
2024-03-07T10:00,calibration,3.0,323,3.3,360,0.3,1.80545,0.90409,2.01916
2024-03-07T11:00,calibration,2.27,319,3.4,360,1.13,1.48925,1.68681,2.25016
2024-03-07T12:00,calibration,2.25,339,3.67,17,1.42,1.87933,1.40908,2.34892
2024-03-07T13:00,calibration,2.35,348,3.14,9,0.79,0.9798,0.80269,1.26662
2024-03-07T14:00,calibration,3.08,347,3.2,14,0.12,1.467,0.10389,1.47067
2024-03-07T15:00,calibration,2.82,354,3.0,30,0.18,1.79477,-0.20648,1.80661
2024-03-07T16:00,calibration,1.58,342,2.26,45,0.68,2.08631,0.09539,2.08849
2024-03-07T17:00,calibration,2.0,37,1.84,49,-0.16,0.18504,-0.39012,0.43178
2024-03-07T18:00,calibration,1.94,78,1.88,65,-0.06,-0.19375,0.39117,0.43653
2024-03-07T19:00,calibration,1.49,70,1.02,101,-0.47,-0.39888,-0.70424,0.80935
2024-03-07T20:00,calibration,0.72,56,1.22,99,0.5,0.60807,-0.59347,0.84968
2024-03-07T21:00,calibration,0.64,309,1.03,119,0.39,1.39823,-0.90212,1.66399
2024-03-07T22:00,calibration,0.5,307,0.81,150,0.31,0.80432,-1.00239,1.28519
2024-03-07T23:00,calibration,0.63,252,1.14,255,0.51,-0.50199,-0.10037,0.51193
2024-03-08T00:00,calibration,0.86,306,1.55,285,0.69,-0.80143,-0.10433,0.80819
2024-03-08T01:00,calibration,1.28,231,0.6,360,-0.68,0.99475,1.40553,1.72193
2024-03-08T02:00,calibration,0.73,286,0.78,40,0.05,1.2031,0.3963,1.26669
2024-03-08T03:00,calibration,0.76,157,1.41,45,0.65,0.70006,1.6966,1.83536
2024-03-08T04:00,calibration,2.06,67,1.63,79,-0.43,-0.29619,-0.49389,0.57589
2024-03-08T05:00,calibration,1.3,94,1.6,94,0.3,0.29927,-0.02093,0.3
2024-03-08T06:00,calibration,1.08,68,1.84,77,0.76,0.79148,0.00933,0.79154
2024-03-08T07:00,calibration,1.61,83,2.25,69,0.64,0.50256,0.61012,0.79045
2024-03-08T08:00,calibration,1.52,67,2.93,82,1.41,1.50232,-0.18613,1.5138
2024-03-08T09:00,calibration,1.75,59,2.62,97,0.87,1.10043,-1.22061,1.64342
2024-03-08T10:00,calibration,1.49,48,2.63,99,1.14,1.49033,-1.40843,2.05055
2024-03-08T11:00,calibration,1.94,55,2.51,95,0.57,0.91129,-1.3315,1.61349
2024-03-08T12:00,calibration,2.48,40,2.75,100,0.27,1.11411,-2.37732,2.62543
2024-03-08T13:00,calibration,1.79,63,2.91,106,1.12,1.20237,-1.61475,2.01323
2024-03-08T14:00,calibration,2.31,85,3.0,116,0.69,0.39517,-1.51644,1.56709
2024-03-08T15:00,calibration,2.94,100,2.91,131,-0.03,-0.69913,-1.39861,1.56361
2024-03-08T16:00,calibration,2.69,121,3.11,132,0.42,0.0054,-0.69554,0.69556
2024-03-08T17:00,calibration,2.52,124,3.41,140,0.89,0.10273,-1.20305,1.20742
2024-03-08T18:00,calibration,2.56,129,3.85,152,1.29,-0.18203,-1.78829,1.79753
2024-03-08T19:00,calibration,2.82,153,4.5,181,1.68,-1.35879,-1.98668,2.4069
2024-03-08T20:00,calibration,2.16,146,4.18,169,2.02,-0.41028,-2.31248,2.34859
2024-03-08T21:00,calibration,3.12,140,3.35,170,0.23,-1.42378,-0.90905,1.68923
2024-03-08T22:00,calibration,3.55,122,1.61,173,-1.94,-2.81436,0.28321,2.82858
2024-03-08T23:00,calibration,3.11,123,2.64,143,-0.47,-1.01947,-0.41457,1.10054
2024-03-09T00:00,calibration,4.4,129,3.72,126,-0.68,-0.4099,0.58245,0.71222
2024-03-09T01:00,calibration,4.84,128,5.23,133,0.39,0.01101,-0.58705,0.58715
2024-03-09T02:00,calibration,4.22,126,5.28,143,1.06,-0.23647,-1.73634,1.75237
2024-03-09T03:00,calibration,3.36,127,4.65,152,1.29,-0.50037,-2.08361,2.14285
2024-03-09T04:00,calibration,4.22,126,4.61,150,0.39,-1.10905,-1.51192,1.87508
2024-03-09T05:00,calibration,4.0,122,4.99,147,0.99,-0.67444,-2.06529,2.17262
2024-03-09T06:00,calibration,4.31,136,5.02,145,0.71,-0.11462,-1.01179,1.01826
2024-03-09T07:00,calibration,4.3,126,5.34,142,1.04,-0.19114,-1.6805,1.69134
2024-03-09T08:00,calibration,4.6,134,5.13,147,0.53,-0.51496,-1.10695,1.22087
2024-03-09T09:00,calibration,4.12,129,5.06,142,0.94,-0.08659,-1.39453,1.39722
2024-03-09T10:00,calibration,2.92,121,5.0,143,2.08,0.50615,-2.48927,2.5402
2024-03-09T11:00,calibration,2.55,116,4.57,151,2.02,-0.07634,-2.87917,2.88018
2024-03-09T12:00,calibration,2.42,128,3.98,152,1.56,-0.03849,-2.02423,2.0246
2024-03-09T13:00,calibration,2.58,126,5.43,167,2.85,-0.86578,-3.77434,3.87237
2024-03-09T14:00,calibration,3.69,147,5.3,169,1.61,-0.99843,-2.10793,2.33243
2024-03-09T15:00,calibration,3.85,155,4.74,173,0.89,-1.04942,-1.21538,1.60575
2024-03-09T16:00,calibration,3.79,162,4.04,171,0.25,-0.53918,-0.38576,0.66296
2024-03-09T17:00,calibration,3.61,161,4.37,169,0.76,-0.34147,-0.87639,0.94056
2024-03-09T18:00,calibration,3.05,157,5.41,168,2.36,-0.06693,-2.48424,2.48514
2024-03-09T19:00,calibration,3.11,132,3.92,161,0.81,-1.03495,-1.62544,1.92696
2024-03-09T20:00,calibration,3.61,146,4.4,159,0.79,-0.44187,-1.11493,1.1993
2024-03-09T21:00,calibration,3.64,148,3.88,145,0.24,0.29657,-0.09141,0.31034
2024-03-09T22:00,calibration,1.62,158,2.39,147,0.77,0.69482,-0.50238,0.85742
2024-03-09T23:00,calibration,1.36,17,1.65,166,0.29,0.00155,-2.90156,2.90156
2024-03-10T00:00,calibration,3.98,321,4.22,306,0.24,-0.90936,-0.61259,1.09645
2024-03-10T01:00,calibration,4.88,305,5.47,329,0.59,1.1802,1.88965,2.22793
2024-03-10T02:00,calibration,4.25,311,4.76,321,0.51,0.21195,0.91096,0.9353
2024-03-10T03:00,calibration,3.98,288,4.97,310,0.99,-0.02204,1.96477,1.96489
2024-03-10T04:00,calibration,4.46,290,4.03,293,-0.43,0.48139,0.04924,0.48391
2024-03-10T05:00,calibration,4.37,286,3.96,286,-0.41,0.39412,-0.11301,0.41
2024-03-10T06:00,calibration,5.04,277,4.92,283,-0.12,0.20853,0.49254,0.53486
2024-03-10T07:00,calibration,4.67,260,6.08,279,1.41,-1.40609,1.76206,2.25432
2024-03-10T08:00,calibration,4.93,252,5.82,275,0.89,-1.10914,2.0307,2.31386
2024-03-10T09:00,calibration,5.82,258,5.9,269,0.08,-0.20628,1.10708,1.12613
2024-03-10T10:00,calibration,5.51,254,6.2,270,0.69,-0.90345,1.51876,1.76716
2024-03-10T11:00,calibration,5.0,250,6.01,267,1.01,-1.3033,1.39556,1.9095
2024-03-10T12:00,calibration,3.96,254,4.37,250,0.41,-0.29986,-0.4031,0.5024
2024-03-10T13:00,calibration,5.87,247,6.91,260,1.04,-1.40166,1.09368,1.77786
2024-03-10T14:00,calibration,5.37,243,6.8,272,1.43,-2.01115,2.67525,3.34689
2024-03-10T15:00,calibration,6.0,272,8.08,278,2.08,-2.00502,0.91512,2.20399
2024-03-10T16:00,calibration,6.33,265,8.74,286,2.41,-2.09551,2.96077,3.6273
2024-03-10T17:00,calibration,7.16,263,9.53,283,2.37,-2.17912,3.01637,3.72116
2024-03-10T18:00,calibration,8.51,257,9.82,285,1.31,-1.1935,4.45594,4.61301
2024-03-10T19:00,calibration,8.3,271,9.68,290,1.38,-0.79749,3.1659,3.2648
2024-03-10T20:00,calibration,5.6,269,9.58,295,3.98,-3.08328,4.14642,5.16715
2024-03-10T21:00,calibration,8.2,271,8.65,292,0.45,0.17861,3.09724,3.10238
2024-03-10T22:00,calibration,7.22,275,7.58,293,0.36,0.2151,2.33248,2.34237
2024-03-10T23:00,calibration,6.22,275,6.96,291,0.74,-0.30139,1.95213,1.97526
2024-03-11T00:00,calibration,6.85,277,6.05,292,-0.8,1.18948,1.43156,1.86125
2024-03-11T01:00,calibration,5.63,276,5.54,287,-0.09,0.30123,1.03124,1.07434
2024-03-11T02:00,calibration,5.93,264,6.0,294,0.07,0.41624,3.06027,3.08845
2024-03-11T03:00,calibration,5.53,276,6.36,294,0.83,-0.31044,2.0088,2.03265
2024-03-11T04:00,calibration,4.9,270,6.24,292,1.34,-0.88563,2.33755,2.49969
2024-03-11T05:00,calibration,5.28,280,6.09,293,0.81,-0.40609,1.46269,1.51802
2024-03-11T06:00,calibration,4.47,280,5.82,294,1.35,-0.91474,1.591,1.83522
2024-03-11T07:00,calibration,3.8,272,5.55,293,1.75,-1.31112,2.03594,2.42159
2024-03-11T08:00,calibration,4.96,279,5.22,290,0.26,-0.00626,1.00943,1.00945
2024-03-11T09:00,calibration,4.5,271,4.78,286,0.28,-0.09552,1.23901,1.24269
2024-03-11T10:00,calibration,3.64,254,5.04,284,1.4,-1.3913,2.22261,2.62215
2024-03-11T11:00,calibration,4.74,263,4.84,277,0.1,-0.09925,1.16751,1.17172
2024-03-11T12:00,calibration,4.08,253,4.81,274,0.73,-0.89656,1.52841,1.77196
2024-03-11T13:00,calibration,4.77,260,4.8,272,0.03,-0.09954,0.99582,1.00078
2024-03-11T14:00,calibration,5.74,263,5.14,277,-0.6,0.59553,1.32594,1.45354
2024-03-11T15:00,calibration,5.7,268,5.32,282,-0.38,0.49278,1.30502,1.39496
2024-03-11T16:00,calibration,5.56,278,5.66,287,0.1,0.09321,0.88102,0.88594
2024-03-11T17:00,calibration,5.54,277,5.91,289,0.37,-0.08931,1.24895,1.25214
2024-03-11T18:00,calibration,6.11,267,6.2,288,0.09,0.20508,2.23568,2.24506
2024-03-11T19:00,calibration,5.8,285,6.07,287,0.27,-0.2024,0.27355,0.34028
2024-03-11T20:00,calibration,6.2,269,5.92,286,-0.28,0.50839,1.73998,1.81273
2024-03-11T21:00,calibration,5.97,261,5.81,281,-0.16,0.19325,2.04251,2.05164
2024-03-11T22:00,calibration,5.89,260,5.02,276,-0.87,0.80802,1.54752,1.74577
2024-03-11T23:00,calibration,3.89,244,3.37,258,-0.52,0.19995,1.0046,1.02431
2024-03-12T00:00,calibration,2.48,223,3.5,239,1.02,-1.30873,0.01112,1.30878
2024-03-12T01:00,calibration,2.78,210,4.03,240,1.25,-2.10008,0.39255,2.13646
2024-03-12T02:00,calibration,2.26,225,4.13,238,1.87,-1.90438,-0.59051,1.99383
2024-03-12T03:00,calibration,2.66,236,4.36,233,1.7,-1.27681,-1.13646,1.70932
2024-03-12T04:00,calibration,3.61,226,4.02,243,0.41,-0.98503,0.68267,1.19847
2024-03-12T05:00,calibration,2.05,223,3.67,241,1.62,-1.81176,-0.27998,1.83326
2024-03-12T06:00,calibration,2.42,210,3.8,235,1.38,-1.90278,-0.08381,1.90462
2024-03-12T07:00,calibration,2.88,214,3.94,234,1.06,-1.57705,0.07175,1.57868
2024-03-12T08:00,calibration,3.04,224,4.1,236,1.06,-1.28729,-0.1059,1.29164
2024-03-12T09:00,calibration,2.2,231,4.0,238,1.8,-1.68247,-0.73517,1.83608
2024-03-12T10:00,calibration,1.8,214,3.69,237,1.89,-2.08815,-0.51745,2.15131
2024-03-12T11:00,calibration,1.2,228,3.2,231,2.0,-1.59509,-1.21087,2.00263
2024-03-12T12:00,calibration,1.35,228,3.4,227,2.05,-1.48336,-1.41547,2.05034
2024-03-12T13:00,calibration,2.2,219,3.11,222,0.91,-0.69649,-0.60146,0.92025
2024-03-12T14:00,calibration,3.96,227,3.98,231,0.02,-0.19688,0.19602,0.27782
2024-03-12T15:00,calibration,4.77,237,4.24,236,-0.53,0.48534,0.22695,0.53578
2024-03-12T16:00,calibration,4.03,247,4.34,244,0.31,-0.19113,-0.32788,0.37953
2024-03-12T17:00,calibration,3.89,252,4.44,247,0.55,-0.38743,-0.53277,0.65875
2024-03-12T18:00,calibration,4.78,250,4.55,251,-0.23,0.18962,0.15352,0.24398
2024-03-12T19:00,calibration,5.22,250,4.62,252,-0.6,0.51131,0.35769,0.624
2024-03-12T20:00,calibration,5.05,243,4.72,249,-0.33,0.09308,0.60116,0.60832
2024-03-12T21:00,calibration,5.68,242,4.79,247,-0.89,0.60592,0.795,0.99958
2024-03-12T22:00,calibration,5.11,239,4.16,243,-0.95,0.67354,0.74324,1.00303
2024-03-12T23:00,calibration,3.64,238,3.61,236,-0.03,0.09407,-0.08978,0.13004
2024-03-13T00:00,calibration,2.64,209,3.11,225,0.47,-0.9192,0.10989,0.92575
2024-03-13T01:00,calibration,2.22,234,3.0,233,0.78,-0.59989,-0.50056,0.7813
2024-03-13T02:00,calibration,2.1,205,2.69,239,0.59,-1.41828,0.51779,1.50985
2024-03-13T03:00,calibration,1.21,204,2.69,228,1.48,-1.50691,-0.69457,1.65928
2024-03-13T04:00,calibration,1.43,192,2.55,222,1.12,-1.40897,-0.49627,1.49381
2024-03-13T05:00,calibration,2.11,211,2.56,219,0.45,-0.52433,-0.18087,0.55465
2024-03-13T06:00,calibration,1.68,197,2.66,214,0.98,-0.99627,-0.59865,1.1623
2024-03-13T07:00,calibration,1.2,222,2.72,216,1.52,-0.79582,-1.30875,1.53172
2024-03-13T08:00,calibration,1.14,218,2.64,209,1.5,-0.57804,-1.41066,1.5245
2024-03-13T09:00,calibration,0.82,76,2.64,205,1.82,-1.91135,-2.59103,3.21974
2024-03-13T10:00,calibration,2.22,36,2.6,203,0.38,-2.32078,-4.18933,4.78921
2024-03-13T11:00,calibration,1.61,30,2.51,203,0.9,-1.78574,-3.70477,4.11268
2024-03-13T12:00,calibration,1.3,356,2.66,200,1.36,-0.81909,-3.79642,3.88377
2024-03-13T13:00,calibration,0.89,27,2.83,212,1.94,-1.90372,-3.19297,3.71742
2024-03-13T14:00,calibration,1.75,204,2.15,208,0.4,-0.29757,-0.29963,0.42229
2024-03-13T15:00,calibration,1.53,212,2.08,215,0.55,-0.38226,-0.40632,0.55787
2024-03-13T16:00,calibration,2.69,211,2.76,224,0.07,-0.5318,0.3204,0.62087
2024-03-13T17:00,calibration,4.22,211,3.62,231,-0.6,-0.63981,1.33911,1.4841
2024-03-13T18:00,calibration,4.47,230,4.16,243,-0.31,-0.28237,0.98466,1.02435
2024-03-13T19:00,calibration,3.71,243,4.35,247,0.64,-0.69856,-0.01538,0.69873
2024-03-13T20:00,calibration,3.94,246,4.14,250,0.2,-0.29096,0.18658,0.34564
2024-03-13T21:00,calibration,4.33,251,3.89,252,-0.44,0.39449,0.20763,0.44579
2024-03-13T22:00,calibration,3.77,248,3.2,256,-0.57,0.39054,0.63812,0.74814
2024-03-13T23:00,calibration,3.0,244,1.9,267,-1.1,0.79899,1.21568,1.45473
2024-03-14T00:00,calibration,1.43,205,2.04,259,0.61,-1.39818,0.90677,1.66647
2024-03-14T01:00,calibration,0.95,162,2.15,242,1.2,-2.1919,-0.10586,2.19446
2024-03-14T02:00,calibration,1.33,193,2.24,243,0.91,-1.69667,0.27897,1.71945
2024-03-14T03:00,calibration,0.42,225,2.56,231,2.14,-1.69251,-1.31408,2.14275
2024-03-14T04:00,calibration,1.46,164,1.5,274,0.04,-1.89878,1.50808,2.4248
2024-03-14T05:00,calibration,1.5,184,2.1,295,0.6,-1.79861,2.38384,2.98625
2024-03-14T06:00,calibration,0.42,225,1.48,208,1.06,-0.39783,-1.00978,1.08532
2024-03-14T07:00,calibration,0.78,230,1.2,185,0.42,0.49293,-0.69406,0.85129
2024-03-14T08:00,calibration,0.54,202,1.7,180,1.16,0.20229,-1.19932,1.21626
2024-03-14T09:00,calibration,0.64,321,1.77,164,1.13,0.89064,-2.19881,2.37234
2024-03-14T10:00,calibration,1.13,45,2.06,166,0.93,-0.30067,-2.79784,2.81395
2024-03-14T11:00,calibration,2.0,37,2.06,166,0.06,-0.70527,-3.59608,3.66459
2024-03-14T12:00,calibration,2.62,43,2.32,173,-0.3,-1.5041,-4.21885,4.47896
2024-03-14T13:00,calibration,1.3,23,2.32,173,1.02,-0.22521,-3.49936,3.5066
2024-03-14T14:00,calibration,0.28,315,1.39,150,1.11,0.89299,-1.40177,1.66204
2024-03-14T15:00,calibration,2.33,133,1.84,151,-0.49,-0.812,-0.02024,0.81226
2024-03-14T16:00,calibration,2.95,152,2.28,165,-0.67,-0.79483,0.40238,0.89088
2024-03-14T17:00,calibration,3.35,190,3.48,198,0.13,-0.49366,-0.01057,0.49377
2024-03-14T18:00,calibration,3.13,187,4.02,207,0.89,-1.44359,-0.47518,1.51979
2024-03-14T19:00,calibration,3.85,189,4.65,205,0.8,-1.3629,-0.41173,1.42374
2024-03-14T20:00,calibration,5.46,206,4.75,202,-0.71,0.61413,0.50329,0.79401
2024-03-14T21:00,calibration,6.02,222,4.55,213,-1.47,1.55006,0.65778,1.68385
2024-03-14T22:00,calibration,5.46,206,3.68,202,-1.78,1.01495,1.49538,1.80729
2024-03-14T23:00,calibration,1.97,294,4.3,198,2.33,0.47091,-4.89081,4.91343
2024-03-15T00:00,calibration,1.6,94,4.03,194,2.43,-2.57105,-3.79868,4.58697
2024-03-15T01:00,calibration,1.57,153,1.17,290,-0.4,-1.81221,1.79904,2.55356
2024-03-15T02:00,calibration,1.92,189,1.7,3,-0.22,0.38933,3.59403,3.61506
2024-03-15T03:00,calibration,2.61,4,1.24,76,-1.37,1.0211,-2.30366,2.51982
2024-03-15T04:00,calibration,3.58,210,4.85,302,1.27,-2.32303,5.67048,6.12787
2024-03-15T05:00,calibration,5.76,231,3.32,224,-2.44,2.17009,1.23668,2.49774
2024-03-15T06:00,calibration,3.94,210,3.41,230,-0.53,-0.64221,1.22023,1.37892
2024-03-15T07:00,calibration,4.35,203,5.42,240,1.07,-2.99418,1.2942,3.26191
2024-03-15T08:00,calibration,4.05,200,4.69,236,0.64,-2.503,1.18314,2.76855
2024-03-15T09:00,calibration,5.62,219,4.48,231,-1.14,0.05517,1.5482,1.54919
2024-03-15T10:00,calibration,4.84,210,4.7,232,-0.14,-1.28365,1.29795,1.8255
2024-03-15T11:00,calibration,4.48,219,4.39,240,-0.09,-0.9825,1.28661,1.61885
2024-03-15T12:00,calibration,5.64,207,4.1,271,-1.54,-1.53887,5.09683,5.32408
2024-03-15T13:00,calibration,4.0,283,5.39,301,1.39,-0.72265,1.87625,2.01061
2024-03-15T14:00,calibration,4.98,308,4.53,319,-0.45,0.95235,0.35284,1.01561
2024-03-15T15:00,calibration,3.89,314,4.4,321,0.51,0.02922,0.71722,0.71782
2024-03-15T16:00,calibration,3.83,311,3.61,312,-0.22,0.20778,-0.09714,0.22937
2024-03-15T17:00,calibration,3.14,307,3.76,310,0.62,-0.37261,0.52718,0.64557
2024-03-15T18:00,calibration,4.53,313,4.16,325,-0.37,0.92695,0.31822,0.98006
2024-03-15T19:00,calibration,4.1,315,4.39,330,0.29,0.70414,0.90271,1.14486
2024-03-15T20:00,calibration,3.5,323,3.85,332,0.35,0.29889,0.60412,0.67402
2024-03-15T21:00,calibration,3.54,315,4.03,330,0.49,0.48816,0.98692,1.10105
2024-03-15T22:00,calibration,3.97,311,4.12,337,0.15,1.38638,1.18793,1.82571
2024-03-15T23:00,calibration,3.04,316,3.36,337,0.32,0.7989,0.9061,1.208
2024-03-16T00:00,calibration,2.52,304,2.86,335,0.34,0.88049,1.18287,1.4746
2024-03-16T01:00,calibration,3.86,329,3.18,332,-0.68,0.49513,-0.50089,0.7043
2024-03-16T02:00,calibration,1.66,335,3.31,331,1.65,-0.90317,1.39052,1.65809
2024-03-16T03:00,calibration,1.12,333,3.16,325,2.04,-1.30403,1.59059,2.05681
2024-03-16T04:00,calibration,0.81,300,3.04,316,2.23,-1.41028,1.78179,2.27237
2024-03-16T05:00,calibration,1.92,298,2.9,314,0.98,-0.39083,1.11312,1.17974
2024-03-16T06:00,calibration,1.26,288,2.48,310,1.22,-0.70146,1.20475,1.39408
2024-03-16T07:00,calibration,1.51,262,2.11,301,0.6,-0.31332,1.29688,1.33419
2024-03-16T08:00,calibration,1.22,279,1.63,281,0.41,-0.39507,0.12017,0.41294
2024-03-16T09:00,calibration,1.4,266,1.6,266,0.2,-0.19951,-0.01395,0.2
2024-03-16T10:00,calibration,0.45,243,1.65,256,1.2,-1.20004,-0.19488,1.21576
2024-03-16T11:00,calibration,0.95,288,1.48,242,0.53,-0.40326,-0.98838,1.06748
2024-03-16T12:00,calibration,0.41,284,1.97,210,1.56,-0.58718,-1.80526,1.89835
2024-03-16T13:00,calibration,0.22,153,1.71,201,1.49,-0.71269,-1.4004,1.57132
2024-03-16T14:00,calibration,2.67,193,2.56,211,-0.11,-0.71788,0.40722,0.82533
2024-03-16T15:00,calibration,3.47,221,4.97,240,1.5,-2.02762,0.13384,2.03203
2024-03-16T16:00,calibration,5.03,229,4.79,244,-0.24,-0.50903,1.20018,1.30367
2024-03-16T17:00,calibration,5.77,242,5.32,242,-0.45,0.39733,0.21126,0.45
2024-03-16T18:00,calibration,5.9,231,5.44,238,-0.46,-0.02822,0.83023,0.83071
2024-03-16T19:00,calibration,6.29,226,5.71,237,-0.58,-0.26416,1.25951,1.28692
2024-03-16T20:00,calibration,6.33,219,5.66,238,-0.67,-0.81635,1.91999,2.08634
2024-03-16T21:00,calibration,6.12,218,5.66,234,-0.46,-0.81119,1.49576,1.70157
2024-03-16T22:00,calibration,6.3,213,5.37,225,-0.93,-0.36594,1.48646,1.53084
2024-03-16T23:00,calibration,5.37,209,4.5,217,-0.87,-0.10474,1.10285,1.10781
2024-03-17T00:00,calibration,3.21,185,4.42,218,1.21,-2.44145,-0.28522,2.45806
2024-03-17T01:00,calibration,4.34,188,4.9,219,0.56,-2.47966,0.48975,2.52756
2024-03-17T02:00,calibration,4.9,219,5.09,227,0.19,-0.63892,0.33664,0.72218
2024-03-17T03:00,calibration,4.2,205,6.17,230,1.97,-2.9515,-0.15951,2.9558
2024-03-17T04:00,calibration,5.1,215,6.59,228,1.49,-1.97208,-0.2319,1.98567
2024-03-17T05:00,calibration,5.82,209,6.85,236,1.03,-2.85732,1.25982,3.12272
2024-03-17T06:00,calibration,4.74,298,6.61,273,1.87,-2.41577,-1.87935,3.06071
2024-03-17T07:00,calibration,5.24,299,3.96,280,-1.28,0.68317,-1.85276,1.9747
2024-03-17T08:00,calibration,3.73,250,3.92,264,0.19,-0.39347,0.86598,0.95118
2024-03-17T09:00,calibration,3.28,211,4.41,266,1.13,-2.70993,2.50388,3.6896
2024-03-17T10:00,calibration,2.69,228,4.96,279,2.27,-2.89987,2.57588,3.87871
2024-03-17T11:00,calibration,2.59,242,4.05,286,1.46,-1.60628,2.33226,2.83188
2024-03-17T12:00,calibration,3.05,247,3.18,283,0.13,-0.29096,1.90707,1.92914
2024-03-17T13:00,calibration,4.0,267,4.61,283,0.61,-0.49733,1.24637,1.34193
2024-03-17T14:00,calibration,5.1,271,4.81,274,-0.29,0.30094,0.24652,0.38902
2024-03-17T15:00,calibration,4.83,264,5.12,264,0.29,-0.28841,-0.03031,0.29
2024-03-17T16:00,calibration,5.55,242,6.25,263,0.7,-1.30305,1.84388,2.25784
2024-03-17T17:00,calibration,6.22,246,7.04,259,0.82,-1.2284,1.18661,1.70793
2024-03-17T18:00,calibration,6.84,255,7.24,259,0.4,-0.50005,0.38887,0.63345
2024-03-17T19:00,calibration,7.18,257,7.45,258,0.27,-0.29122,0.06621,0.29865
2024-03-17T20:00,calibration,7.69,249,7.48,262,-0.21,-0.22797,1.71483,1.72992
2024-03-17T21:00,calibration,7.74,276,7.1,269,-0.64,0.59868,-0.93296,1.10853
2024-03-17T22:00,calibration,6.8,306,6.4,284,-0.4,-0.70858,-2.44864,2.5491
2024-03-17T23:00,calibration,6.63,304,5.77,296,-0.86,0.31048,-1.17805,1.21827
2024-03-18T00:00,calibration,4.36,307,4.81,313,0.45,-0.03576,0.6565,0.65747
2024-03-18T01:00,calibration,4.48,309,4.53,315,0.05,0.27842,0.38384,0.47418
2024-03-18T02:00,calibration,3.31,299,4.31,316,1.0,-0.09899,1.49563,1.49891
2024-03-18T03:00,calibration,2.69,285,3.97,319,1.28,-0.00621,2.29997,2.29998
2024-03-18T04:00,calibration,2.79,291,4.14,307,1.35,-0.70166,1.49167,1.64845
2024-03-18T05:00,calibration,3.5,272,3.89,296,0.39,0.00156,1.58312,1.58312
2024-03-18T06:00,calibration,4.27,286,3.68,292,-0.59,0.69255,0.20158,0.72129
2024-03-18T07:00,calibration,4.11,266,3.96,286,-0.15,0.29339,1.37822,1.40911
2024-03-18T08:00,calibration,3.5,270,4.33,289,0.83,-0.5941,1.40971,1.52978
2024-03-18T09:00,calibration,2.83,262,4.24,289,1.41,-1.20654,1.77427,2.14564
2024-03-18T10:00,calibration,2.06,247,4.03,284,1.97,-2.01405,1.77985,2.6878
2024-03-18T11:00,calibration,2.73,246,4.03,277,1.3,-1.50598,1.60152,2.19838
2024-03-18T12:00,calibration,3.42,249,3.8,270,0.38,-0.60715,1.22562,1.36776
2024-03-18T13:00,calibration,3.48,252,4.13,277,0.65,-0.78954,1.5787,1.76512
2024-03-18T14:00,calibration,4.6,272,5.0,290,0.4,-0.10127,1.54956,1.55287
2024-03-18T15:00,calibration,3.9,271,4.49,291,0.59,-0.29237,1.54101,1.5685
2024-03-18T16:00,calibration,4.04,261,4.66,285,0.62,-0.51095,1.83809,1.90779
2024-03-18T17:00,calibration,4.44,262,5.07,285,0.63,-0.50045,1.93014,1.99397
2024-03-18T18:00,calibration,4.55,261,5.22,287,0.67,-0.49793,2.23796,2.29268
2024-03-18T19:00,calibration,4.91,266,5.19,286,0.28,-0.09091,1.77306,1.77539
2024-03-18T20:00,calibration,4.84,263,5.26,284,0.42,-0.29983,1.86236,1.88634
2024-03-18T21:00,calibration,6.0,268,5.22,282,-0.78,0.89041,1.2947,1.57133
2024-03-18T22:00,calibration,5.14,283,5.46,284,0.32,-0.28955,0.16465,0.33309
2024-03-18T23:00,calibration,3.4,268,5.07,285,1.67,-1.49932,1.43087,2.07252
2024-03-19T00:00,calibration,3.52,255,4.59,286,1.07,-1.01213,2.17622,2.40007
2024-03-19T01:00,calibration,3.35,260,4.03,277,0.68,-0.70086,1.07285,1.28149
2024-03-19T02:00,calibration,3.16,252,4.01,266,0.85,-0.99489,0.69677,1.21462
2024-03-19T03:00,calibration,2.72,216,3.92,264,1.2,-2.29975,1.79077,2.91474
2024-03-19T04:00,calibration,3.23,254,4.53,264,1.3,-1.40031,0.41679,1.46102
2024-03-19T05:00,calibration,2.61,238,4.6,271,1.99,-2.38589,1.46337,2.79892
2024-03-19T06:00,calibration,4.91,274,3.9,269,-1.01,0.99863,-0.41057,1.07974
2024-03-19T07:00,calibration,3.8,270,3.95,261,0.15,-0.10137,-0.61792,0.62618
2024-03-19T08:00,calibration,3.01,255,4.91,266,1.9,-1.9906,0.43654,2.03791
2024-03-19T09:00,calibration,4.16,246,5.2,269,1.04,-1.39886,1.60127,2.12624
2024-03-19T10:00,calibration,4.22,248,4.8,268,0.58,-0.88436,1.41332,1.66721
2024-03-19T11:00,calibration,4.3,252,4.59,259,0.29,-0.41613,0.45296,0.61509
2024-03-19T12:00,calibration,4.44,239,4.68,254,0.24,-0.69288,0.99679,1.21395
2024-03-19T13:00,calibration,4.91,237,5.41,242,0.5,-0.65887,0.13434,0.67243
2024-03-19T14:00,calibration,5.88,235,6.48,250,0.6,-1.27259,1.15634,1.71948
2024-03-19T15:00,calibration,6.56,232,7.03,246,0.47,-1.25287,1.17938,1.72065
2024-03-19T16:00,calibration,6.37,228,7.22,239,0.85,-1.45492,0.54379,1.55322
2024-03-19T17:00,calibration,6.25,220,7.69,242,1.44,-2.77244,1.17754,3.01215
2024-03-19T18:00,calibration,6.79,224,6.45,229,-0.34,-0.15115,0.65274,0.67001
2024-03-19T19:00,calibration,6.72,226,6.28,233,-0.44,-0.18147,0.88871,0.90704
2024-03-19T20:00,calibration,5.95,221,6.25,230,0.3,-0.88423,0.4731,1.00284
2024-03-19T21:00,calibration,6.46,215,5.66,224,-0.8,-0.22646,1.22026,1.2411
2024-03-19T22:00,calibration,4.55,220,5.16,224,0.61,-0.65975,-0.22629,0.69748
2024-03-19T23:00,calibration,3.56,232,4.78,233,1.22,-1.01216,-0.68492,1.22212
2024-03-20T00:00,calibration,2.92,211,4.89,239,1.97,-2.68764,-0.01561,2.68768
2024-03-20T01:00,calibration,3.12,220,2.73,242,-0.39,-0.40495,1.1084,1.18006
2024-03-20T02:00,calibration,3.83,229,4.98,248,1.15,-1.72684,0.64717,1.84412
2024-03-20T03:00,calibration,4.16,215,5.81,243,1.65,-2.79067,0.76999,2.89495
2024-03-20T04:00,calibration,4.9,231,5.87,247,0.97,-1.59535,0.79008,1.78027
2024-03-20T05:00,calibration,5.32,242,5.22,258,-0.1,-0.40865,1.41229,1.47022
2024-03-20T06:00,calibration,4.73,257,4.03,256,-0.7,0.69848,0.08907,0.70414
2024-03-20T07:00,calibration,3.31,245,3.94,234,0.63,-0.18765,-0.91701,0.93601
2024-03-20T08:00,calibration,2.33,211,3.56,232,1.23,-1.60528,-0.19456,1.61703
2024-03-20T09:00,calibration,1.36,216,3.72,234,2.36,-2.21016,-1.0863,2.46269
2024-03-20T10:00,calibration,1.79,207,3.89,226,2.1,-1.98559,-1.10732,2.27348
2024-03-20T11:00,calibration,2.63,189,3.98,231,1.35,-2.68162,0.09293,2.68323
2024-03-20T12:00,calibration,1.62,202,4.48,231,2.86,-2.87475,-1.31732,3.1622
2024-03-20T13:00,calibration,5.12,219,4.48,231,-0.64,-0.25949,1.15963,1.18831
2024-03-20T14:00,calibration,6.76,241,5.35,249,-1.41,0.91777,1.36004,1.64074
2024-03-20T15:00,calibration,8.07,253,7.75,277,-0.32,0.02515,3.30393,3.30402
2024-03-20T16:00,calibration,5.81,274,6.7,272,0.89,-0.90007,-0.17146,0.91626
2024-03-20T17:00,calibration,6.4,284,7.57,299,1.17,-0.41098,2.12171,2.16115
2024-03-20T18:00,calibration,8.25,301,7.91,302,-0.34,0.36357,-0.0574,0.36807
2024-03-20T19:00,calibration,7.45,292,8.32,296,0.87,-0.57045,0.85643,1.02902
2024-03-20T20:00,calibration,7.96,298,8.05,302,0.09,0.20148,0.52886,0.56593
2024-03-20T21:00,calibration,6.93,288,7.36,301,0.43,0.28207,1.64919,1.67314
2024-03-20T22:00,calibration,5.95,295,7.21,299,1.26,-0.91348,0.9809,1.34037
2024-03-20T23:00,calibration,4.29,298,6.24,302,1.95,-1.50397,1.29266,1.98316
2024-03-21T00:00,calibration,4.06,308,5.73,313,1.67,-0.99133,1.40827,1.72219
2024-03-21T01:00,calibration,3.72,329,5.42,330,1.7,-0.79406,1.5052,1.70181
2024-03-21T02:00,calibration,4.58,324,4.94,324,0.36,-0.2116,0.29125,0.36
2024-03-21T03:00,calibration,3.06,322,4.3,324,1.24,-0.64355,1.06746,1.24645
2024-03-21T04:00,calibration,2.56,321,3.44,324,0.88,-0.41092,0.79352,0.89361
2024-03-21T05:00,calibration,1.5,323,2.69,318,1.19,-0.89724,0.80111,1.20283
2024-03-21T06:00,calibration,1.92,298,2.22,306,0.3,-0.10076,0.4035,0.41589
2024-03-21T07:00,calibration,2.33,280,2.31,288,-0.02,0.09766,0.30923,0.32428
2024-03-21T08:00,calibration,2.51,293,2.53,288,0.02,-0.09571,-0.19892,0.22075
2024-03-21T09:00,calibration,1.51,278,2.59,298,1.08,-0.79153,1.00578,1.27989
2024-03-21T10:00,calibration,0.76,247,2.64,307,1.88,-1.40881,1.88575,2.35389
2024-03-21T11:00,calibration,1.14,285,2.69,315,1.55,-0.80096,1.60706,1.7956
2024-03-21T12:00,calibration,1.0,307,2.34,310,1.34,-0.99391,0.90231,1.34239
2024-03-21T13:00,calibration,1.5,307,2.92,322,1.42,-0.59978,1.39827,1.52148
2024-03-21T14:00,calibration,2.9,314,4.1,317,1.2,-0.71011,0.98404,1.2135
2024-03-21T15:00,calibration,3.18,294,3.66,305,0.48,-0.09302,0.80587,0.81122
2024-03-21T16:00,calibration,2.62,288,3.62,294,1.0,-0.81527,0.66276,1.05067
2024-03-21T17:00,calibration,3.13,297,3.1,291,-0.03,-0.10525,-0.31005,0.32743
2024-03-21T18:00,calibration,3.51,290,3.3,284,-0.21,0.09635,-0.40215,0.41353
2024-03-21T19:00,calibration,3.16,288,3.2,284,0.04,-0.09961,-0.20234,0.22553
2024-03-21T20:00,calibration,3.27,293,3.32,291,0.05,-0.08944,-0.08791,0.12541
2024-03-21T21:00,calibration,3.89,299,3.26,297,-0.63,0.49759,-0.4059,0.64215
2024-03-21T22:00,calibration,3.04,297,3.19,302,0.15,0.00339,0.31031,0.31033
2024-03-21T23:00,calibration,2.94,305,2.33,313,-0.61,0.70425,-0.09726,0.71094
2024-03-22T00:00,calibration,1.97,330,2.25,339,0.28,0.17867,0.39449,0.43306
2024-03-22T01:00,calibration,1.9,342,2.83,352,0.93,0.19327,0.99545,1.01404
2024-03-22T02:00,calibration,1.02,349,3.21,4,2.19,0.41854,2.20092,2.24036
2024-03-22T03:00,calibration,1.3,58,2.97,20,1.67,-0.08666,2.10199,2.10378
2024-03-22T04:00,calibration,0.82,14,2.56,39,1.74,1.41268,1.19385,1.84958
2024-03-22T05:00,calibration,2.06,51,2.69,59,0.63,0.70486,0.08905,0.71046
2024-03-22T06:00,calibration,2.88,56,3.18,66,0.3,0.51745,-0.31705,0.60686
2024-03-22T07:00,calibration,3.05,58,3.05,67,0.0,0.22099,-0.42452,0.4786
2024-03-22T08:00,calibration,2.69,68,3.05,67,0.36,0.31342,0.18404,0.36345
2024-03-22T09:00,calibration,2.69,68,2.92,68,0.23,0.21325,0.08616,0.23
2024-03-22T10:00,calibration,2.64,53,3.31,61,0.67,0.78659,0.01593,0.78675
2024-03-22T11:00,calibration,3.02,56,3.51,70,0.49,0.79463,-0.48827,0.93265
2024-03-22T12:00,calibration,2.76,46,3.01,69,0.25,0.8247,-0.83857,1.17615
2024-03-22T13:00,calibration,3.47,49,2.91,63,-0.56,-0.02601,-0.95541,0.95577
2024-03-22T14:00,calibration,3.26,47,2.96,78,-0.3,0.5111,-1.6079,1.68717
2024-03-22T15:00,calibration,2.95,62,2.7,92,-0.25,0.09366,-1.47917,1.48213
2024-03-22T16:00,calibration,2.7,88,2.55,101,-0.15,-0.19521,-0.58079,0.61272
2024-03-22T17:00,calibration,2.42,114,2.66,110,0.24,0.2888,0.07453,0.29826
2024-03-22T18:00,calibration,1.21,114,1.73,100,0.52,0.59833,0.19174,0.6283
2024-03-22T19:00,calibration,0.32,198,1.78,38,1.46,1.19476,1.707,2.08358
2024-03-22T20:00,calibration,3.72,6,3.61,19,-0.11,0.78646,-0.2863,0.83695
2024-03-22T21:00,calibration,1.58,55,2.83,32,1.25,0.20541,1.49373,1.50778
2024-03-22T22:00,calibration,1.91,47,2.09,17,0.18,-0.78583,0.69606,1.04977
2024-03-22T23:00,calibration,2.26,77,2.11,355,-0.15,-2.38597,1.59358,2.86921
2024-03-23T00:00,calibration,1.94,12,2.2,360,0.26,-0.40335,0.30239,0.50412
2024-03-23T01:00,calibration,0.81,300,1.82,81,1.01,2.49907,-0.12029,2.50197
2024-03-23T02:00,calibration,1.53,281,2.09,163,0.56,2.11295,-2.29061,3.11632
2024-03-23T03:00,calibration,1.6,94,2.25,148,0.65,-0.40378,-1.7965,1.84132
2024-03-23T04:00,calibration,1.7,50,2.7,141,1.0,0.39689,-3.19103,3.21562
2024-03-23T05:00,calibration,1.06,41,2.3,146,1.24,0.59072,-2.70678,2.77049
2024-03-23T06:00,calibration,0.54,292,1.26,162,0.72,0.89004,-1.40062,1.65949
2024-03-23T07:00,calibration,1.02,259,1.2,180,0.18,1.00126,-1.00537,1.41891
2024-03-23T08:00,calibration,2.12,289,2.66,304,0.54,-0.20074,0.79725,0.82213
2024-03-23T09:00,calibration,3.12,310,3.66,325,0.54,0.29077,0.9926,1.03431
2024-03-23T10:00,calibration,3.69,319,4.02,325,0.33,0.11508,0.50811,0.52098
2024-03-23T11:00,calibration,4.17,314,4.7,333,0.53,0.86589,1.29101,1.5545
2024-03-23T12:00,calibration,3.28,322,4.72,339,1.44,0.32787,1.82182,1.85109
2024-03-23T13:00,calibration,4.44,324,5.6,344,1.16,1.0662,1.79103,2.08436
2024-03-23T14:00,calibration,4.46,314,5.14,347,0.68,2.05201,1.91009,2.80342
2024-03-23T15:00,calibration,4.49,339,5.6,344,1.11,0.0655,1.19129,1.19309
2024-03-23T16:00,calibration,5.02,329,6.57,347,1.55,1.10756,2.09863,2.37296
2024-03-23T17:00,calibration,6.22,323,6.45,341,0.23,1.64337,1.13108,1.995
2024-03-23T18:00,calibration,6.13,332,5.92,338,-0.21,0.66019,0.07646,0.6646
2024-03-23T19:00,calibration,5.99,332,5.91,336,-0.08,0.40832,0.1102,0.42293
2024-03-23T20:00,calibration,5.77,326,5.95,335,0.18,0.71196,0.60898,0.93689
2024-03-23T21:00,calibration,5.74,325,6.4,333,0.66,0.38679,1.00051,1.07267
2024-03-23T22:00,calibration,5.48,322,6.31,335,0.83,0.7071,1.4005,1.56889
2024-03-23T23:00,calibration,4.81,317,4.75,338,-0.06,1.50103,0.88631,1.74317
2024-03-24T00:00,calibration,3.69,319,4.48,331,0.79,0.24891,1.13342,1.16043
2024-03-24T01:00,calibration,2.48,310,4.21,332,1.73,-0.07669,2.1231,2.12448
2024-03-24T02:00,calibration,1.5,307,3.81,330,2.31,-0.70705,2.39683,2.49895
2024-03-24T03:00,calibration,1.92,298,3.55,328,1.63,-0.18595,2.10919,2.11737
2024-03-24T04:00,calibration,1.0,276,3.97,326,2.97,-1.22547,3.18675,3.41426
2024-03-24T05:00,calibration,3.56,308,3.58,324,0.02,0.70105,0.70453,0.99389
2024-03-24T06:00,calibration,3.02,326,3.44,334,0.42,0.18077,0.58816,0.61531
2024-03-24T07:00,calibration,2.46,333,3.45,338,0.99,-0.17558,1.00691,1.0221
2024-03-24T08:00,calibration,2.75,341,3.04,343,0.29,0.0065,0.30699,0.30706
2024-03-24T09:00,calibration,2.2,357,2.14,349,-0.06,-0.29319,-0.0963,0.3086
2024-03-24T10:00,calibration,1.84,347,2.44,341,0.6,-0.38048,0.51422,0.63968
2024-03-24T11:00,calibration,1.34,333,2.5,344,1.16,-0.08075,1.20921,1.2119
2024-03-24T12:00,calibration,1.28,321,2.3,2,1.02,0.8858,1.30385,1.57628
2024-03-24T13:00,calibration,2.55,11,2.52,34,-0.03,0.9226,-0.41397,1.01122
2024-03-24T14:00,calibration,3.11,42,2.97,57,-0.14,0.40986,-0.6936,0.80565
2024-03-24T15:00,calibration,2.56,59,2.64,61,0.08,0.11465,-0.0386,0.12097
2024-03-24T16:00,calibration,2.02,33,2.28,52,0.26,0.69649,-0.29041,0.75461
2024-03-24T17:00,calibration,2.12,45,2.28,52,0.16,0.2976,-0.09536,0.3125
2024-03-24T18:00,calibration,2.15,68,2.56,69,0.41,0.39652,0.11202,0.41204
2024-03-24T19:00,calibration,1.71,83,2.55,79,0.84,0.8059,0.27817,0.85255
2024-03-24T20:00,calibration,2.6,90,2.45,78,-0.15,-0.20354,0.50938,0.54854
2024-03-24T21:00,calibration,2.52,83,2.71,86,0.19,0.20218,-0.11807,0.23413
2024-03-24T22:00,calibration,3.26,79,2.82,84,-0.44,-0.39555,-0.32727,0.51339
2024-03-24T23:00,calibration,2.6,67,1.97,66,-0.63,-0.59363,-0.21463,0.63124
2024-03-25T00:00,calibration,2.01,27,2.84,51,0.83,1.29457,-0.00365,1.29458
2024-03-25T01:00,calibration,1.61,60,3.49,66,1.88,1.79397,0.61451,1.8963
2024-03-25T02:00,calibration,2.6,90,3.96,106,1.36,1.2066,-1.09152,1.62705
2024-03-25T03:00,calibration,2.73,98,4.18,107,1.45,1.29392,-0.84217,1.54385
2024-03-25T04:00,calibration,2.91,74,4.0,103,1.09,1.10021,-1.70191,2.02656
2024-03-25T05:00,calibration,2.28,67,3.64,106,1.36,1.40024,-1.89419,2.35555
2024-03-25T06:00,calibration,2.75,57,3.27,113,0.52,0.70371,-2.77545,2.86327
2024-03-25T07:00,calibration,3.14,68,3.01,105,-0.13,-0.00392,-1.95531,1.95531
2024-03-25T08:00,calibration,2.22,54,3.11,94,0.89,1.30641,-1.52183,2.00565
2024-03-25T09:00,calibration,3.45,30,3.03,98,-0.42,1.27551,-3.40948,3.64026
2024-03-25T10:00,calibration,2.51,23,2.79,105,0.28,1.7142,-3.03257,3.48353
2024-03-25T11:00,calibration,2.94,55,2.86,102,-0.08,0.3892,-2.28094,2.31391
2024-03-25T12:00,calibration,2.7,39,2.94,100,0.24,1.19617,-2.60882,2.86998
2024-03-25T13:00,calibration,2.82,84,2.72,126,-0.1,-0.60403,-1.89355,1.98755
2024-03-25T14:00,calibration,3.42,111,3.25,135,-0.17,-0.89475,-1.07248,1.3967
2024-03-25T15:00,calibration,4.25,114,3.14,127,-1.11,-1.37485,-0.16107,1.38426
2024-03-25T16:00,calibration,4.46,106,3.94,120,-0.52,-0.87509,-0.74066,1.14645
2024-03-25T17:00,calibration,4.61,114,3.88,125,-0.73,-1.03313,-0.35042,1.09095
2024-03-25T18:00,calibration,4.49,111,4.22,121,-0.27,-0.57453,-0.56439,0.80537
2024-03-25T19:00,calibration,5.28,115,4.41,123,-0.87,-1.08677,-0.17043,1.10005
2024-03-25T20:00,calibration,5.24,119,4.89,121,-0.35,-0.39146,0.02187,0.39207
2024-03-25T21:00,calibration,5.41,118,5.05,124,-0.36,-0.59011,-0.28408,0.65493
2024-03-25T22:00,calibration,4.89,121,4.94,122,0.05,-0.00219,-0.09926,0.09929
2024-03-25T23:00,calibration,5.22,110,4.88,118,-0.34,-0.59641,-0.50568,0.78193
2024-03-26T00:00,calibration,5.03,107,5.06,120,0.03,-0.42812,-1.05937,1.14261
2024-03-26T01:00,calibration,5.12,107,5.27,123,0.15,-0.47649,-1.3733,1.45362
2024-03-26T02:00,calibration,4.74,108,5.14,127,0.4,-0.40302,-1.62859,1.67771
2024-03-26T03:00,calibration,5.41,118,4.81,135,-0.6,-1.37556,-0.86134,1.62299
2024-03-26T04:00,calibration,5.95,117,4.92,128,-1.03,-1.42448,-0.32781,1.46171
2024-03-26T05:00,calibration,5.41,109,4.6,124,-0.81,-1.30168,-0.81096,1.53364
2024-03-26T06:00,calibration,3.32,74,4.94,122,1.62,0.99797,-3.53292,3.67116
2024-03-26T07:00,calibration,2.69,45,4.12,119,1.43,1.70132,-3.89953,4.25451
2024-03-26T08:00,calibration,2.84,51,3.09,115,0.25,0.5934,-3.09316,3.14957
2024-03-26T09:00,calibration,3.1,69,2.4,107,-0.7,-0.59897,-1.81263,1.90903
2024-03-26T10:00,calibration,1.8,71,3.64,106,1.84,1.79706,-1.58934,2.39905
2024-03-26T11:00,calibration,2.31,108,3.28,128,0.97,0.38773,-1.30554,1.3619
2024-03-26T12:00,calibration,4.16,117,4.44,121,0.28,0.09924,-0.39817,0.41035
2024-03-26T13:00,calibration,3.35,107,5.23,133,1.88,0.62136,-2.58741,2.66097
2024-03-26T14:00,calibration,2.06,129,2.86,144,0.8,0.08015,-1.01739,1.02054
2024-03-26T15:00,calibration,3.13,107,4.31,136,1.18,0.00074,-2.18523,2.18523
2024-03-26T16:00,calibration,2.41,85,3.24,146,0.83,-0.58904,-2.89613,2.95542
2024-03-26T17:00,calibration,2.02,81,3.11,132,1.09,0.31605,-2.39699,2.41774
2024-03-26T18:00,calibration,2.96,78,2.83,132,-0.13,-0.79222,-2.50906,2.63116
2024-03-26T19:00,calibration,2.71,94,2.2,141,-0.51,-1.31889,-1.52068,2.01295
2024-03-26T20:00,calibration,2.55,116,2.51,151,-0.04,-1.07505,-1.07745,1.52205
2024-03-26T21:00,calibration,2.14,101,3.26,133,1.12,0.28353,-1.81498,1.837
2024-03-26T22:00,calibration,4.08,101,4.03,134,-0.05,-1.1061,-2.02097,2.30386
2024-03-26T23:00,calibration,3.14,121,4.31,134,1.17,0.40885,-1.37676,1.43618
2024-03-27T00:00,calibration,5.01,116,5.3,136,0.29,-0.82127,-1.61626,1.81295
2024-03-27T01:00,calibration,1.84,119,4.88,157,3.04,0.29747,-3.60001,3.61228
2024-03-27T02:00,calibration,2.59,28,3.5,182,0.91,-1.33808,-5.7847,5.93744
2024-03-27T03:00,calibration,3.01,86,3.93,173,0.92,-2.52372,-4.11067,4.82357
2024-03-27T04:00,calibration,1.43,102,4.3,179,2.87,-1.32371,-4.00203,4.21526
2024-03-27T05:00,calibration,1.4,180,4.34,188,2.94,-0.60401,-2.89776,2.96004
2024-03-27T06:00,calibration,1.97,156,3.77,191,1.8,-1.52062,-1.90105,2.4344
2024-03-27T07:00,calibration,3.41,183,3.42,187,0.01,-0.23833,0.01082,0.23857
2024-03-27T08:00,calibration,2.0,183,2.92,186,0.92,-0.20055,-0.90674,0.92866
2024-03-27T09:00,calibration,2.28,157,2.65,191,0.37,-1.39651,-0.50256,1.48419
2024-03-27T10:00,calibration,2.22,188,2.57,193,0.35,-0.26916,-0.30574,0.40733
2024-03-27T11:00,calibration,2.0,180,2.63,189,0.63,-0.41142,-0.59762,0.72555
2024-03-27T12:00,calibration,1.75,211,2.71,184,0.96,0.71228,-1.20336,1.39836
2024-03-27T13:00,calibration,2.72,216,3.5,182,0.78,1.47663,-1.29734,1.96559
2024-03-27T14:00,calibration,3.96,201,4.3,211,0.34,-0.79553,0.01116,0.7956
2024-03-27T15:00,calibration,4.03,226,4.68,222,0.65,-0.23259,-0.67844,0.71721
2024-03-27T16:00,calibration,4.33,230,4.61,229,0.28,-0.16224,-0.24116,0.29066
2024-03-27T17:00,calibration,4.3,252,5.19,230,0.89,0.11377,-2.00729,2.01052
2024-03-27T18:00,calibration,4.31,224,4.92,241,0.61,-1.30915,0.71509,1.49172
2024-03-27T19:00,calibration,5.19,251,5.06,245,-0.13,0.32132,-0.44875,0.55193
2024-03-27T20:00,calibration,5.24,257,5.19,242,-0.05,0.5232,-1.25781,1.36229
2024-03-27T21:00,calibration,5.06,252,4.61,257,-0.45,0.3205,0.5266,0.61647
2024-03-27T22:00,calibration,5.22,274,4.62,265,-0.6,0.60486,-0.76679,0.97664
2024-03-27T23:00,calibration,3.37,282,3.2,270,-0.17,0.09636,-0.70066,0.70726
2024-03-28T00:00,calibration,4.84,300,2.72,287,-2.12,1.59041,-1.62475,2.27359
2024-03-28T01:00,calibration,3.69,311,4.39,313,0.7,-0.42576,0.57311,0.71396
2024-03-28T02:00,calibration,4.66,301,3.7,322,-0.96,1.71645,0.51556,1.79221
2024-03-28T03:00,calibration,2.45,282,2.75,341,0.3,1.50115,2.09079,2.57388
2024-03-28T04:00,calibration,1.04,163,2.0,360,0.96,-0.30407,2.99456,3.00995
2024-03-28T05:00,calibration,0.91,276,1.96,345,1.05,0.39773,1.79809,1.84156
2024-03-28T06:00,calibration,2.11,301,2.15,338,0.04,1.00322,0.90671,1.35225
2024-03-28T07:00,calibration,1.92,298,2.15,332,0.23,0.6859,0.99695,1.21011
2024-03-28T08:00,calibration,3.56,308,2.61,328,-0.95,1.42223,0.02165,1.42239
2024-03-28T09:00,calibration,2.02,303,2.44,325,0.42,0.29459,0.89856,0.94562
2024-03-28T10:00,calibration,1.57,333,2.1,335,0.53,-0.17473,0.50437,0.53378
2024-03-28T11:00,calibration,1.36,287,2.25,328,0.89,0.10826,1.51048,1.51436
2024-03-28T12:00,calibration,1.53,328,1.7,310,0.17,-0.4915,-0.20477,0.53245
2024-03-28T13:00,calibration,2.19,317,2.06,321,-0.13,0.19718,-0.00074,0.19718
2024-03-28T14:00,calibration,2.62,310,2.48,317,-0.14,0.31568,0.12965,0.34127
2024-03-28T15:00,calibration,2.51,293,2.46,297,-0.05,0.11859,0.13608,0.1805
2024-03-28T16:00,calibration,2.92,264,2.52,277,-0.4,0.40279,0.61233,0.73293
2024-03-28T17:00,calibration,3.54,286,2.73,278,-0.81,0.69943,-0.59581,0.91881
2024-03-28T18:00,calibration,3.61,284,3.76,287,0.15,-0.09294,0.22598,0.24434
2024-03-28T19:00,calibration,5.1,271,4.05,286,-1.05,1.20611,1.02732,1.58433
2024-03-28T20:00,calibration,4.84,277,4.46,290,-0.38,0.61289,0.93556,1.11844
2024-03-28T21:00,calibration,4.75,278,5.29,292,0.54,-0.20103,1.3206,1.33581
2024-03-28T22:00,calibration,5.3,281,5.33,293,0.03,0.29633,1.07131,1.11154
2024-03-28T23:00,calibration,6.09,284,3.76,310,-2.33,3.02877,0.94358,3.17235
2024-03-29T00:00,calibration,3.52,285,3.31,295,-0.21,0.40018,0.48782,0.63096
2024-03-29T01:00,calibration,2.05,313,2.88,290,0.83,-1.20704,-0.41308,1.27577
2024-03-29T02:00,calibration,1.3,180,2.02,290,0.72,-1.89818,1.99088,2.75076
2024-03-29T03:00,calibration,1.66,237,1.9,270,0.24,-0.50781,0.9041,1.03695
2024-03-29T04:00,calibration,1.17,250,1.99,252,0.82,-0.79316,-0.21478,0.82173
2024-03-29T05:00,calibration,2.02,213,2.31,252,0.29,-1.09677,0.98029,1.47101
2024-03-29T06:00,calibration,0.99,225,2.5,268,1.51,-1.79844,0.61279,1.89997
2024-03-29T07:00,calibration,1.41,225,2.51,265,1.1,-1.50343,0.77826,1.69292
2024-03-29T08:00,calibration,0.85,249,2.5,272,1.65,-1.70493,0.39186,1.74939
2024-03-29T09:00,calibration,0.86,216,2.28,293,1.42,-1.59326,1.58662,2.24852
2024-03-29T10:00,calibration,1.61,263,2.64,295,1.03,-0.79465,1.31192,1.53382
2024-03-29T11:00,calibration,1.4,270,3.33,303,1.93,-1.39277,1.81365,2.28673
2024-03-29T12:00,calibration,1.84,283,3.0,300,1.16,-0.80524,1.08609,1.35203
2024-03-29T13:00,calibration,3.53,295,3.41,302,-0.12,0.30742,0.31518,0.44028
2024-03-29T14:00,calibration,4.33,289,4.16,305,-0.17,0.68642,0.97637,1.19351
2024-03-29T15:00,calibration,4.83,294,4.41,303,-0.42,0.71389,0.43732,0.83719
2024-03-29T16:00,calibration,5.15,294,4.96,304,-0.19,0.59273,0.6789,0.90124
2024-03-29T17:00,calibration,5.32,296,5.0,307,-0.32,0.78841,0.67694,1.03915
2024-03-29T18:00,calibration,5.6,305,4.89,301,-0.71,0.3957,-0.69349,0.79844
2024-03-29T19:00,calibration,5.78,293,4.92,297,-0.86,0.93677,-0.02479,0.93709
2024-03-29T20:00,calibration,5.57,288,4.74,298,-0.83,1.11221,0.50407,1.22111
2024-03-29T21:00,calibration,5.32,286,4.7,294,-0.62,0.82025,0.44527,0.93331
2024-03-29T22:00,calibration,5.02,283,4.53,292,-0.49,0.69119,0.56771,0.89445
2024-03-29T23:00,calibration,4.18,287,3.4,294,-0.78,0.8913,0.16079,0.90569
2024-03-30T00:00,calibration,2.1,270,2.5,307,0.4,0.10341,1.50454,1.50809
2024-03-30T01:00,calibration,1.41,278,2.83,328,1.42,-0.10339,2.20374,2.20617
2024-03-30T02:00,calibration,0.41,284,2.37,332,1.96,-0.71483,1.9934,2.11769
2024-03-30T03:00,calibration,1.55,195,1.43,335,-0.12,-0.20317,2.79321,2.80058
2024-03-30T04:00,calibration,1.08,146,1.52,337,0.44,-1.19784,2.29453,2.58837
2024-03-30T05:00,calibration,0.7,270,1.17,301,0.47,-0.30289,0.60259,0.67443
2024-03-30T06:00,calibration,0.7,90,0.73,16,0.03,-0.49878,0.70172,0.86093
2024-03-30T07:00,calibration,1.43,205,0.61,99,-0.82,1.20683,1.2006,1.70232
2024-03-30T08:00,calibration,1.3,212,0.91,174,-0.39,0.78402,0.19745,0.8085
2024-03-30T09:00,calibration,0.32,162,1.46,196,1.14,-0.50132,-1.0991,1.20803
2024-03-30T10:00,calibration,1.27,45,1.21,156,-0.06,-0.40587,-2.00342,2.04412
2024-03-30T11:00,calibration,1.22,55,1.17,110,-0.05,0.10007,-1.09993,1.10447
2024-03-30T12:00,calibration,0.36,56,1.84,131,1.48,1.09021,-1.40846,1.7811
2024-03-30T13:00,calibration,0.36,326,1.02,169,0.66,0.39593,-1.29971,1.35868
2024-03-30T14:00,calibration,1.53,101,1.7,135,0.17,-0.29981,-0.91014,0.95825
2024-03-30T15:00,calibration,2.1,115,1.92,118,-0.18,-0.20799,-0.01389,0.20845
2024-03-30T16:00,calibration,0.78,310,1.32,99,0.54,1.90126,-0.70787,2.02876
2024-03-30T17:00,calibration,2.82,84,1.61,97,-1.21,-1.20655,-0.49098,1.30262
2024-03-30T18:00,calibration,3.34,81,2.9,134,-0.44,-1.21279,-2.537,2.81198
2024-03-30T19:00,calibration,0.61,81,1.92,141,1.31,0.60581,-1.58755,1.69921
2024-03-30T20:00,calibration,1.62,112,2.13,131,0.51,0.10549,-0.79054,0.79755
2024-03-30T21:00,calibration,1.24,104,1.77,133,0.53,0.09133,-0.90715,0.91174
2024-03-30T22:00,calibration,1.49,70,2.83,172,1.34,-1.00628,-3.31207,3.46156
2024-03-30T23:00,calibration,1.53,32,5.77,242,4.24,-5.90538,-4.00636,7.13614
2024-03-31T00:00,calibration,0.73,344,5.19,254,4.46,-4.78773,-2.13228,5.24109
2024-03-31T01:00,calibration,0.71,352,1.8,270,1.09,-1.70119,-0.70309,1.84075
2024-03-31T02:00,calibration,1.58,18,2.73,278,1.15,-3.19168,-1.12273,3.38339
2024-03-31T03:00,calibration,0.58,239,2.95,298,2.37,-2.10754,1.68366,2.69749
2024-03-31T04:00,calibration,2.67,283,2.2,300,-0.47,0.69631,0.49938,0.85687
2024-03-31T05:00,calibration,2.5,286,1.75,283,-0.75,0.69801,-0.29543,0.75795
2024-03-31T06:00,calibration,1.6,270,1.7,270,0.1,-0.1,-0.0,0.1
2024-03-31T07:00,calibration,0.72,236,2.0,273,1.28,-1.40035,0.50729,1.48941
2024-03-31T08:00,calibration,1.39,210,1.79,297,0.4,-0.8999,2.01642,2.20811
2024-03-31T09:00,calibration,0.73,286,1.8,304,1.07,-0.79055,0.80533,1.1285
2024-03-31T10:00,calibration,0.89,333,1.57,297,0.68,-0.99483,-0.08023,0.99806
2024-03-31T11:00,calibration,0.64,219,1.84,319,1.2,-0.80438,1.88604,2.05041
2024-03-31T12:00,calibration,0.71,262,1.35,318,0.64,-0.20024,1.10206,1.1201
2024-03-31T13:00,calibration,1.0,233,1.36,306,0.36,-0.30163,1.4012,1.4333
2024-03-31T14:00,calibration,1.25,241,1.13,315,-0.12,0.29424,1.40504,1.43552
2024-03-31T15:00,calibration,1.2,312,0.85,249,-0.35,0.09823,-1.10757,1.11192
2024-03-31T16:00,calibration,0.64,309,1.8,251,1.16,-1.20456,-0.98879,1.55842
2024-03-31T17:00,calibration,1.92,321,2.2,267,0.28,-0.98869,-1.60726,1.88701
2024-03-31T18:00,calibration,1.92,332,2.43,279,0.51,-1.4987,-1.31512,1.9939
2024-03-31T19:00,calibration,1.63,313,2.11,275,0.48,-0.90986,-0.92776,1.29946
2024-03-31T20:00,calibration,1.84,311,1.9,288,0.06,-0.41834,-0.62002,0.74795
2024-03-31T21:00,calibration,1.92,332,1.61,330,-0.31,0.09639,-0.30096,0.31602
2024-03-31T22:00,calibration,1.8,357,1.68,343,-0.12,-0.39698,-0.19094,0.44051
2024-03-31T23:00,calibration,1.73,350,2.37,28,0.64,1.41306,0.38887,1.46559
2024-04-01T00:00,calibration,2.0,357,2.39,33,0.39,1.40636,0.00716,1.40638
2024-04-01T01:00,calibration,1.2,360,2.34,40,1.14,1.50412,0.59254,1.61663
2024-04-01T02:00,calibration,0.8,90,2.41,42,1.61,0.8126,1.79098,1.96671
2024-04-01T03:00,calibration,0.91,84,2.33,59,1.42,1.09218,1.10492,1.55361
2024-04-01T04:00,calibration,1.08,56,2.68,63,1.6,1.49254,0.61277,1.61343
2024-04-01T05:00,calibration,1.65,14,2.2,51,0.55,1.31055,-0.21648,1.32831
2024-04-01T06:00,calibration,0.63,342,2.64,61,2.01,2.50368,0.68073,2.59457
2024-04-01T07:00,calibration,1.99,18,1.97,66,-0.02,1.18474,-1.09133,1.61078
2024-04-01T08:00,calibration,1.91,43,1.79,63,-0.12,0.29228,-0.58424,0.65328
2024-04-01T09:00,calibration,2.77,41,1.98,45,-0.79,-0.41721,-0.69047,0.80673
2024-04-01T10:00,calibration,0.86,126,3.05,32,2.19,0.9205,3.09204,3.22615
2024-04-01T11:00,calibration,2.82,63,3.75,42,0.93,-0.0034,1.50654,1.50654
2024-04-01T12:00,calibration,2.5,16,2.7,51,0.2,1.4092,-0.70399,1.57526
2024-04-01T13:00,calibration,1.89,122,2.38,15,0.49,-0.98682,3.30045,3.44482
2024-04-01T14:00,calibration,1.24,166,1.77,133,0.53,0.99451,-0.00397,0.99452
2024-04-01T15:00,calibration,1.86,126,0.32,198,-1.54,-1.60366,0.78894,1.78722
2024-04-01T16:00,calibration,2.5,358,1.92,351,-0.58,-0.21311,-0.60212,0.63872
2024-04-01T17:00,calibration,2.24,10,1.72,324,-0.52,-1.39996,-0.81446,1.61964
2024-04-01T18:00,calibration,2.33,335,1.78,322,-0.55,-0.11118,-0.70904,0.7177
2024-04-01T19:00,calibration,2.15,332,1.7,298,-0.45,-0.49165,-1.10024,1.20509
2024-04-01T20:00,calibration,1.56,320,1.84,292,0.28,-0.70327,-0.50575,0.86624
2024-04-01T21:00,calibration,1.52,337,1.98,311,0.46,-0.90041,-0.10017,0.90597
2024-04-01T22:00,calibration,2.01,333,1.84,338,-0.17,0.22324,-0.0849,0.23885
2024-04-01T23:00,calibration,1.41,8,1.65,14,0.24,0.20294,0.20471,0.28825
2024-04-02T00:00,calibration,1.28,39,2.62,40,1.34,0.87857,1.01229,1.34038
2024-04-02T01:00,calibration,1.7,40,3.2,76,1.5,2.01221,-0.52813,2.08036
2024-04-02T02:00,calibration,2.02,70,3.65,81,1.63,1.70688,-0.11989,1.71109
2024-04-02T03:00,calibration,2.25,69,3.52,97,1.27,1.39321,-1.23531,1.86199
2024-04-02T04:00,calibration,1.3,58,3.98,108,2.68,2.68274,-1.91878,3.29831
2024-04-02T05:00,calibration,2.21,5,3.76,115,1.55,3.2151,-3.79063,4.97049
2024-04-02T06:00,calibration,1.21,66,3.26,133,2.05,1.27882,-2.71547,3.00152
2024-04-02T07:00,calibration,2.01,96,1.63,137,-0.38,-0.88733,-0.982,1.32351
2024-04-02T08:00,calibration,3.13,17,0.4,360,-2.73,-0.91512,-2.59323,2.74997
2024-04-02T09:00,calibration,2.02,57,1.9,93,-0.12,0.20328,-1.19961,1.21671
2024-04-02T10:00,calibration,2.28,75,1.8,93,-0.48,-0.40478,-0.68431,0.79506
2024-04-02T11:00,calibration,1.28,51,1.91,133,0.63,0.40214,-2.10815,2.14616
2024-04-02T12:00,calibration,1.51,8,1.53,101,0.02,1.29174,-1.78724,2.20518
2024-04-02T13:00,calibration,1.02,101,2.66,124,1.64,1.20398,-1.29283,1.76663
2024-04-02T14:00,calibration,3.0,64,2.75,109,-0.25,-0.09621,-2.21043,2.21252
2024-04-02T15:00,calibration,3.01,84,3.18,156,0.17,-1.70009,-3.21971,3.64099
2024-04-02T16:00,calibration,2.5,106,5.26,189,2.76,-3.226,-4.50615,5.54188
2024-04-02T17:00,calibration,3.26,72,5.37,209,2.11,-5.70387,-5.7041,8.06666
2024-04-02T18:00,calibration,2.42,52,5.49,213,3.07,-4.89705,-6.0942,7.81796
2024-04-02T19:00,calibration,3.49,336,4.47,230,0.98,-2.00471,-6.06153,6.38444
2024-04-02T20:00,calibration,4.36,351,5.64,243,1.28,-4.34322,-6.86683,8.12508
2024-04-02T21:00,calibration,4.62,85,3.44,244,-1.18,-7.69427,-1.91066,7.92795
2024-04-02T22:00,calibration,2.4,107,3.04,163,0.64,-1.40632,-2.20547,2.61569
2024-04-02T23:00,calibration,1.68,73,3.45,120,1.77,1.3812,-2.21618,2.61136
2024-04-03T00:00,calibration,2.38,75,1.94,35,-0.44,-1.18617,0.97317,1.53429
2024-04-03T01:00,calibration,2.72,36,4.42,142,1.7,1.12245,-5.68353,5.79331
2024-04-03T02:00,calibration,4.08,121,5.32,152,1.24,-0.99965,-2.59593,2.78175
2024-04-03T03:00,calibration,2.38,112,6.2,162,3.82,-0.29079,-5.00499,5.01343
2024-04-03T04:00,calibration,6.86,161,5.48,142,-1.38,1.14043,2.16796,2.44962
2024-04-03T05:00,calibration,3.0,90,5.66,132,2.66,1.2062,-3.78728,3.97472
2024-04-03T06:00,calibration,3.04,99,7.86,131,4.82,2.92944,-4.68106,5.52214
2024-04-03T07:00,calibration,3.14,112,6.79,133,3.65,2.05453,-3.4545,4.01929
2024-04-03T08:00,calibration,5.76,129,5.92,127,0.16,0.25156,0.06214,0.25912
2024-04-03T09:00,calibration,6.49,115,3.89,116,-2.6,-2.38563,1.03753,2.60148
2024-04-03T10:00,calibration,4.92,117,4.35,113,-0.57,-0.37956,0.53395,0.65511
2024-04-03T11:00,calibration,6.56,111,3.54,106,-3.02,-2.72142,1.37514,3.04912
2024-04-03T12:00,calibration,2.06,104,3.94,114,1.88,1.60056,-1.10418,1.94448
2024-04-03T13:00,calibration,3.6,90,2.04,101,-1.56,-1.59748,-0.38925,1.64422
2024-04-03T14:00,calibration,2.24,153,2.94,125,0.7,1.39137,0.30954,1.42538
2024-04-03T15:00,calibration,3.26,140,2.61,148,-0.65,-0.7124,0.2839,0.76688
2024-04-03T16:00,calibration,3.63,172,2.8,180,-0.83,-0.5052,0.79467,0.94166
2024-04-03T17:00,calibration,4.49,249,3.09,241,-1.4,1.4892,0.11101,1.49333
2024-04-03T18:00,calibration,4.79,244,3.54,254,-1.25,0.90236,1.12404,1.44143
2024-04-03T19:00,calibration,5.44,250,4.73,257,-0.71,0.50316,0.79657,0.94217
2024-04-03T20:00,calibration,4.09,248,4.44,262,0.35,-0.60461,0.91421,1.09605
2024-04-03T21:00,calibration,4.4,249,4.71,266,0.31,-0.59077,1.24827,1.38101
2024-04-03T22:00,calibration,2.28,241,4.26,261,1.98,-2.21342,0.43896,2.25653
2024-04-03T23:00,calibration,1.77,227,2.32,263,0.55,-1.00821,0.9244,1.36785
2024-04-04T00:00,calibration,2.38,202,1.9,252,-0.48,-0.91544,1.61957,1.86038
2024-04-04T01:00,calibration,1.87,164,1.73,260,-0.14,-2.21916,1.49715,2.67696
2024-04-04T02:00,calibration,0.72,236,0.86,36,0.14,1.1024,1.09837,1.55619
2024-04-04T03:00,calibration,0.45,333,1.06,131,0.61,1.00429,-1.09638,1.48682
2024-04-04T04:00,calibration,0.81,240,1.57,207,0.76,-0.01128,-0.99388,0.99394
2024-04-04T05:00,calibration,1.93,159,2.97,237,1.04,-3.1825,0.18423,3.18783
2024-04-04T06:00,calibration,2.21,185,2.98,230,0.77,-2.0902,0.28608,2.10969
2024-04-04T07:00,calibration,3.26,207,2.48,227,-0.78,-0.33375,1.21333,1.25839
2024-04-04T08:00,calibration,2.19,204,2.16,214,-0.03,-0.3171,0.20994,0.3803
2024-04-04T09:00,calibration,2.28,209,1.8,199,-0.48,0.51934,0.2922,0.5959
2024-04-04T10:00,calibration,0.81,187,2.28,209,1.47,-1.00665,-1.19017,1.5588
2024-04-04T11:00,calibration,1.9,183,2.28,209,0.38,-1.00593,-0.09674,1.01057
2024-04-04T12:00,calibration,2.48,227,2.56,211,0.08,0.49526,-0.50299,0.70589
2024-04-04T13:00,calibration,3.64,212,3.14,217,-0.5,0.03921,0.57918,0.58051
2024-04-04T14:00,calibration,3.83,213,3.33,229,-0.5,-0.42722,1.02743,1.11271
2024-04-04T15:00,calibration,3.16,235,3.86,239,0.7,-0.72015,-0.17555,0.74123
2024-04-04T16:00,calibration,4.57,241,3.99,248,-0.58,0.29755,0.7209,0.77989
2024-04-04T17:00,calibration,3.94,243,4.0,257,0.06,-0.38691,0.88892,0.96947
2024-04-04T18:00,calibration,3.35,253,3.6,270,0.25,-0.39638,0.97945,1.05661
2024-04-04T19:00,calibration,6.0,281,3.91,266,-2.09,1.98929,-1.4176,2.44272
2024-04-04T20:00,calibration,2.06,293,3.34,261,1.28,-1.40264,-1.3274,1.93116
2024-04-04T21:00,calibration,5.45,317,3.84,309,-1.61,0.73265,-1.56929,1.73189
2024-04-04T22:00,calibration,2.4,270,3.83,290,1.43,-1.19902,1.30994,1.77584
2024-04-04T23:00,calibration,0.22,27,4.08,301,3.86,-3.59712,1.90533,4.07057
2024-04-05T00:00,calibration,2.22,234,2.65,281,0.43,-0.80529,1.81053,1.98154
2024-04-05T01:00,calibration,2.09,253,2.71,266,0.62,-0.70472,0.42202,0.82142
2024-04-05T02:00,calibration,1.43,258,2.72,264,1.29,-1.30635,0.013,1.30641
2024-04-05T03:00,calibration,1.65,256,3.83,277,2.18,-2.20046,0.86593,2.36471
2024-04-05T04:00,calibration,1.39,240,3.52,285,2.13,-2.19628,1.60604,2.72085
2024-04-05T05:00,calibration,2.21,265,3.11,274,0.9,-0.90083,0.40956,0.98956
2024-04-05T06:00,calibration,2.15,248,3.4,272,1.25,-1.40448,0.92406,1.68121
2024-04-05T07:00,calibration,2.06,247,3.6,272,1.54,-1.70157,0.93054,1.93939
2024-04-05T08:00,calibration,3.18,242,3.7,270,0.52,-0.89223,1.49292,1.73922
2024-04-05T09:00,calibration,3.03,262,3.83,263,0.8,-0.80094,-0.04507,0.80221
2024-04-05T10:00,calibration,3.72,276,4.31,266,0.59,-0.59988,-0.6895,0.91393
2024-04-05T11:00,calibration,3.34,279,4.75,262,1.41,-1.40489,-1.18356,1.83699
2024-04-05T12:00,calibration,2.77,257,5.01,273,2.24,-2.30413,0.88532,2.46836
2024-04-05T13:00,calibration,4.72,328,4.57,331,-0.15,0.28564,-0.00577,0.2857
2024-04-05T14:00,calibration,3.69,319,4.96,332,1.27,0.09228,1.59454,1.59721
2024-04-05T15:00,calibration,4.31,314,5.99,327,1.68,-0.16203,2.02966,2.03612
2024-04-05T16:00,calibration,5.38,312,6.87,312,1.49,-1.10729,0.997,1.49
2024-04-05T17:00,calibration,5.11,301,7.17,310,2.06,-1.11241,1.97694,2.26843
2024-04-05T18:00,calibration,5.1,298,6.89,310,1.79,-0.77501,2.0345,2.17712
2024-04-05T19:00,calibration,5.23,296,6.52,311,1.29,-0.22001,1.98482,1.99698
2024-04-05T20:00,calibration,6.0,300,7.53,310,1.53,-0.57216,1.84019,1.92709
2024-04-05T21:00,calibration,4.89,311,7.08,313,2.19,-1.48745,1.62042,2.19961
2024-04-05T22:00,calibration,4.46,314,7.07,316,2.61,-1.70298,1.98756,2.61735
2024-04-05T23:00,calibration,4.47,320,6.01,317,1.54,-1.22555,0.97122,1.56372
2024-04-06T00:00,calibration,3.2,290,5.24,312,2.04,-0.88706,2.41178,2.56974
2024-04-06T01:00,calibration,2.92,292,3.72,301,0.8,-0.48129,0.82209,0.95261
2024-04-06T02:00,calibration,2.44,305,4.13,302,1.69,-1.50371,0.78904,1.69815
2024-04-06T03:00,calibration,2.56,291,4.08,306,1.52,-0.91082,1.48074,1.73845
2024-04-06T04:00,calibration,2.6,286,3.76,310,1.16,-0.38105,1.70022,1.7424
2024-04-06T05:00,calibration,2.64,299,3.86,307,1.22,-0.77374,1.04311,1.29875
2024-04-06T06:00,calibration,2.88,290,4.08,301,1.2,-0.79093,1.11634,1.36813
2024-04-06T07:00,calibration,2.34,290,3.8,297,1.46,-1.18694,0.92484,1.50471
2024-04-06T08:00,calibration,2.33,280,3.62,298,1.29,-0.90167,1.29489,1.57789
2024-04-06T09:00,calibration,2.4,272,3.56,308,1.16,-0.40678,2.108,2.14689
2024-04-06T10:00,calibration,2.47,284,3.47,303,1.0,-0.51356,1.29235,1.39065
2024-04-06T11:00,calibration,2.84,280,3.66,305,0.82,-0.20124,1.60613,1.61869
2024-04-06T12:00,calibration,2.42,277,3.49,297,1.07,-0.70765,1.2895,1.47091
2024-04-06T13:00,calibration,3.13,277,5.03,319,1.9,-0.19331,3.41474,3.42021
2024-04-06T14:00,calibration,3.66,305,5.06,330,1.4,0.4681,2.2828,2.3303
2024-04-06T15:00,calibration,3.29,290,4.99,327,1.7,0.37384,3.05972,3.08247
2024-04-06T16:00,calibration,3.94,306,5.5,335,1.56,0.86313,2.66882,2.80492
2024-04-06T17:00,calibration,4.4,321,5.28,333,0.88,0.37194,1.28507,1.33782
2024-04-06T18:00,calibration,5.12,321,5.16,328,0.04,0.48774,0.39694,0.62885
2024-04-06T19:00,calibration,3.89,318,5.25,329,1.36,-0.10103,1.60929,1.61246
2024-04-06T20:00,calibration,3.94,306,4.85,328,0.91,0.61742,1.79716,1.90026
2024-04-06T21:00,calibration,4.46,318,4.85,328,0.39,0.41421,0.79861,0.89964
2024-04-06T22:00,calibration,4.1,313,4.41,327,0.31,0.59669,0.90234,1.08179
2024-04-06T23:00,calibration,3.32,314,3.75,312,0.43,-0.39858,0.20297,0.44729
2024-04-07T00:00,calibration,3.14,323,3.7,308,0.56,-1.02594,-0.22977,1.05136
2024-04-07T01:00,calibration,1.08,292,3.22,306,2.14,-1.60368,1.48809,2.18774
2024-04-07T02:00,calibration,1.87,286,3.4,313,1.53,-0.68904,1.80335,1.93051
2024-04-07T03:00,calibration,1.0,264,3.14,323,2.14,-0.89518,2.61224,2.76137
2024-04-07T04:00,calibration,1.66,245,2.69,312,1.03,-0.49459,2.50151,2.54993
2024-04-07T05:00,calibration,1.91,223,2.75,303,0.84,-1.00373,2.89464,3.06373
2024-04-07T06:00,calibration,1.84,229,2.69,301,0.85,-0.91711,2.5926,2.75003
2024-04-07T07:00,calibration,1.49,222,2.2,321,0.71,-0.3875,2.81701,2.84353
2024-04-07T08:00,calibration,1.7,220,1.78,308,0.08,-0.30992,2.39815,2.4181
2024-04-07T09:00,calibration,1.36,197,1.22,325,-0.14,-0.30214,2.29994,2.3197
2024-04-07T10:00,calibration,1.57,207,1.26,342,-0.31,0.3234,2.59721,2.61727
2024-04-07T11:00,calibration,1.22,215,1.21,294,-0.01,-0.40563,1.49152,1.54569
2024-04-07T12:00,calibration,0.22,207,0.98,294,0.76,-0.7954,0.59462,0.99309
2024-04-07T13:00,calibration,0.0,270,0.36,56,0.36,0.29845,0.20131,0.36
2024-04-07T14:00,calibration,0.89,27,0.22,117,-0.67,-0.20803,-0.89287,0.91679
2024-04-07T15:00,calibration,1.08,68,0.22,243,-0.86,-1.19738,-0.50445,1.2993
2024-04-07T16:00,calibration,0.5,37,0.36,34,-0.14,-0.0996,-0.10086,0.14175
2024-04-07T17:00,calibration,0.1,180,0.64,51,0.54,0.49737,0.50277,0.70721
2024-04-07T18:00,calibration,0.28,45,0.81,83,0.53,0.60597,-0.09928,0.61405
2024-04-07T19:00,calibration,0.28,45,1.04,107,0.76,0.79657,-0.50206,0.94158
2024-04-07T20:00,calibration,0.94,58,0.85,111,-0.09,-0.00362,-0.80274,0.80275
2024-04-07T21:00,calibration,1.7,62,0.73,106,-0.97,-0.79929,-0.99932,1.27965
2024-04-07T22:00,calibration,1.33,103,1.02,101,-0.31,-0.29465,0.10456,0.31265
2024-04-07T23:00,calibration,2.02,147,0.85,111,-1.17,-0.30663,1.3895,1.42293
2024-04-08T00:00,calibration,1.84,158,1.7,152,-0.14,0.10883,0.20501,0.2321
2024-04-08T01:00,calibration,2.53,198,1.96,195,-0.57,0.27453,0.51296,0.5818
2024-04-08T02:00,calibration,2.06,166,1.75,149,-0.31,0.40296,0.49877,0.6412
2024-04-08T03:00,calibration,2.28,61,2.42,120,0.14,0.10165,-2.31537,2.3176
2024-04-08T04:00,calibration,1.53,122,2.82,113,1.29,1.29831,-0.29109,1.33054
2024-04-08T05:00,calibration,1.75,149,3.22,116,1.47,1.9928,0.08849,1.99476
2024-04-08T06:00,calibration,1.12,117,2.28,119,1.16,0.99621,-0.5969,1.16134
2024-04-08T07:00,calibration,1.36,73,2.33,121,0.97,0.69663,-1.59766,1.74293
2024-04-08T08:00,calibration,2.42,60,2.39,123,-0.03,-0.09136,-2.51169,2.51335
2024-04-08T09:00,calibration,2.06,61,2.12,109,0.06,0.20278,-1.68891,1.70104
2024-04-08T10:00,calibration,1.75,59,1.71,97,-0.04,0.19721,-1.10971,1.1271
2024-04-08T11:00,calibration,2.33,65,1.84,103,-0.49,-0.31886,-1.39861,1.4345
2024-04-08T12:00,calibration,1.75,24,2.73,118,0.98,1.69866,-2.88036,3.34394
2024-04-08T13:00,calibration,1.96,75,1.73,100,-0.23,-0.1895,-0.8077,0.82963
2024-04-08T14:00,calibration,1.0,96,2.14,127,1.14,0.71456,-1.18336,1.38236
2024-04-08T15:00,calibration,1.57,117,2.59,152,1.02,-0.18295,-1.57407,1.58467
2024-04-08T16:00,calibration,2.42,142,3.61,175,1.19,-1.17527,-1.68928,2.05789
2024-04-08T17:00,calibration,2.06,151,2.98,194,0.92,-1.71964,-1.08976,2.03586
2024-04-08T18:00,calibration,0.41,194,3.54,223,3.13,-2.31509,-2.19117,3.18761
2024-04-08T19:00,calibration,0.42,315,5.61,239,5.19,-4.51172,-3.18635,5.52345
2024-04-08T20:00,calibration,1.94,192,4.61,246,2.67,-3.8081,0.02255,3.80816
2024-04-08T21:00,calibration,4.28,233,3.89,252,-0.39,-0.28145,1.37369,1.40223
2024-04-08T22:00,calibration,4.32,265,2.77,257,-1.55,1.60456,-0.2466,1.6234
2024-04-08T23:00,calibration,1.93,249,1.36,253,-0.57,0.50124,0.29402,0.58111
2024-04-09T00:00,calibration,1.58,305,2.3,272,0.72,-1.00434,-0.82598,1.30036
2024-04-09T01:00,calibration,1.03,241,2.44,341,1.41,0.10647,2.80642,2.80844
2024-04-09T02:00,calibration,1.14,165,1.62,22,0.48,0.31181,2.60319,2.6218
2024-04-09T03:00,calibration,2.02,200,1.53,58,-0.49,1.98839,2.70896,3.36038
2024-04-09T04:00,calibration,0.78,230,1.91,84,1.13,2.49705,0.70102,2.59359
2024-04-09T05:00,calibration,0.64,129,1.8,90,1.16,1.30263,0.40277,1.36347
2024-04-09T06:00,calibration,1.25,209,2.04,169,0.79,0.99526,-0.90924,1.34806
2024-04-09T07:00,calibration,1.3,32,2.47,148,1.17,0.62001,-3.19714,3.2567
2024-04-09T08:00,calibration,0.8,90,2.4,178,1.6,-0.71624,-2.39854,2.5032
2024-04-09T09:00,calibration,0.78,50,2.51,185,1.73,-0.81628,-3.00182,3.11083
2024-04-09T10:00,calibration,1.17,31,2.33,170,1.16,-0.19799,-3.29749,3.30343
2024-04-09T11:00,calibration,1.94,55,2.52,173,0.58,-1.28204,-3.61395,3.83462
2024-04-09T12:00,calibration,0.76,23,2.9,178,2.14,-0.19575,-3.59782,3.60314
2024-04-09T13:00,calibration,0.54,158,3.1,165,2.56,0.60005,-2.49369,2.56487
2024-04-09T14:00,calibration,0.81,173,3.13,187,2.32,-0.48017,-2.30271,2.35224
2024-04-09T15:00,calibration,2.31,198,2.81,184,0.5,0.51781,-0.60621,0.79726
2024-04-09T16:00,calibration,3.18,204,3.63,188,0.45,0.78822,-0.6896,1.0473
2024-04-09T17:00,calibration,3.4,194,3.74,196,0.34,-0.20835,-0.29611,0.36207
2024-04-09T18:00,calibration,3.93,195,3.8,207,-0.13,-0.70801,0.41026,0.81828
2024-04-09T19:00,calibration,4.08,191,4.0,212,-0.08,-1.34118,0.61285,1.47456
2024-04-09T20:00,calibration,4.44,216,4.5,217,0.06,-0.0984,-0.00182,0.09842
2024-04-09T21:00,calibration,4.62,202,3.91,220,-0.71,-0.78262,1.28836,1.50743
2024-04-09T22:00,calibration,4.43,205,3.7,218,-0.73,-0.40575,1.0993,1.17179
2024-04-09T23:00,calibration,2.64,205,2.27,221,-0.37,-0.37354,0.67946,0.77537
2024-04-10T00:00,calibration,2.41,228,1.97,210,-0.44,0.80598,-0.09347,0.81138
2024-04-10T01:00,calibration,1.84,241,1.92,279,0.08,-0.28706,1.1924,1.22647
2024-04-10T02:00,calibration,1.82,279,1.75,246,-0.07,0.19889,-0.9965,1.01615
2024-04-10T03:00,calibration,1.49,200,2.36,216,0.87,-0.87756,-0.50914,1.01456
2024-04-10T04:00,calibration,2.42,210,3.39,225,0.97,-1.18709,-0.30131,1.22473
2024-04-10T05:00,calibration,1.63,191,3.54,225,1.91,-2.19214,-0.90311,2.37088
2024-04-10T06:00,calibration,1.27,225,3.11,222,1.84,-1.18297,-1.41315,1.84294
2024-04-10T07:00,calibration,1.36,234,3.06,218,1.7,-0.78366,-1.61192,1.79232
2024-04-10T08:00,calibration,3.14,211,3.58,216,0.44,-0.48705,-0.20478,0.52835
2024-04-10T09:00,calibration,2.44,235,3.11,213,0.67,0.3049,-1.20874,1.2466
2024-04-10T10:00,calibration,2.52,214,2.78,210,0.26,0.01917,-0.31838,0.31895
2024-04-10T11:00,calibration,1.82,189,2.55,206,0.73,-0.83314,-0.49433,0.96875
2024-04-10T12:00,calibration,2.12,199,2.92,211,0.8,-0.81371,-0.49843,0.95423
2024-04-10T13:00,calibration,2.15,208,3.45,210,1.3,-0.71564,-1.08945,1.30347
2024-04-10T14:00,calibration,2.44,199,3.13,207,0.69,-0.6266,-0.48179,0.79041
2024-04-10T15:00,calibration,4.06,190,3.48,219,-0.58,-1.48502,1.29385,1.96961
2024-04-10T16:00,calibration,2.73,188,3.24,214,0.51,-1.43184,0.01735,1.43195
2024-04-10T17:00,calibration,2.47,194,3.4,223,0.93,-1.72125,-0.08997,1.7236
2024-04-10T18:00,calibration,1.14,218,3.44,234,2.3,-2.08116,-1.12365,2.36513
2024-04-10T19:00,calibration,1.39,291,3.06,232,1.67,-1.11364,-2.38206,2.62952
2024-04-10T20:00,calibration,0.64,231,2.5,217,1.86,-1.00716,-1.59382,1.88538
2024-04-10T21:00,calibration,1.68,163,2.26,193,0.58,-0.99957,-0.59548,1.16351
2024-04-10T22:00,calibration,0.72,146,1.73,190,1.01,-0.70303,-1.10681,1.31121
2024-04-10T23:00,calibration,1.1,90,1.68,197,0.58,-1.59118,-1.60659,2.2612
2024-04-11T00:00,calibration,1.75,103,1.43,205,-0.32,-2.30949,-0.90236,2.47952
2024-04-11T01:00,calibration,1.44,34,1.24,104,-0.2,0.39793,-1.4938,1.54589
2024-04-11T02:00,calibration,1.39,60,2.52,97,1.13,1.29744,-1.00211,1.63938
2024-04-11T03:00,calibration,1.8,87,2.72,107,0.92,0.80362,-0.88946,1.19872
2024-04-11T04:00,calibration,1.3,94,2.94,100,1.64,1.5985,-0.41984,1.65272
2024-04-11T05:00,calibration,1.21,66,2.87,119,1.66,1.40477,-1.88355,2.34971
2024-04-11T06:00,calibration,1.39,60,3.19,131,1.8,1.20375,-2.78783,3.03661
2024-04-11T07:00,calibration,1.86,54,3.06,142,1.2,0.37915,-3.50459,3.52504
2024-04-11T08:00,calibration,1.56,40,2.72,144,1.16,0.59603,-3.39556,3.44747
2024-04-11T09:00,calibration,1.91,43,2.5,143,0.59,0.20192,-3.39347,3.39948
2024-04-11T10:00,calibration,2.39,57,3.02,146,0.63,-0.31566,-3.80538,3.81845
2024-04-11T11:00,calibration,2.92,52,3.08,144,0.16,-0.49061,-4.2895,4.31747
2024-04-11T12:00,calibration,2.83,122,4.05,140,1.22,0.20331,-1.60281,1.61565
2024-04-11T13:00,calibration,3.36,120,4.78,164,1.42,-1.5923,-2.91483,3.32139
2024-04-11T14:00,calibration,3.83,131,3.64,143,-0.19,-0.69993,-0.39433,0.80337
2024-04-11T15:00,calibration,4.9,141,4.3,162,-0.6,-1.7549,-0.28153,1.77734
2024-04-11T16:00,calibration,5.91,146,3.18,167,-2.73,-2.58949,1.80112,3.15428
2024-04-11T17:00,calibration,2.73,118,2.12,161,-0.61,-1.72024,-0.72284,1.86594
2024-04-11T18:00,calibration,2.61,122,3.19,139,0.58,-0.12058,-1.02443,1.03151
2024-04-11T19:00,calibration,4.08,101,5.88,148,1.8,-0.88911,-4.20802,4.30093
2024-04-11T20:00,calibration,2.34,110,5.17,139,2.83,1.19294,-3.10152,3.32303
2024-04-11T21:00,calibration,4.6,88,4.22,126,-0.38,-1.18315,-2.64099,2.8939
2024-04-11T22:00,calibration,3.95,81,4.46,132,0.51,-0.58694,-3.60224,3.64974
2024-04-11T23:00,calibration,1.3,67,5.69,149,4.39,1.73391,-5.38523,5.65749
2024-04-12T00:00,calibration,3.8,63,5.24,138,1.44,0.12042,-5.61924,5.62053
2024-04-12T01:00,calibration,1.36,343,1.25,209,-0.11,-0.20839,-2.39385,2.4029
2024-04-12T02:00,calibration,4.39,246,3.21,184,-1.18,3.78655,-1.41661,4.04286
2024-04-12T03:00,calibration,1.97,66,3.91,193,1.94,-2.67924,-4.61106,5.33294
2024-04-12T04:00,calibration,1.91,133,2.46,207,0.55,-2.5137,-0.88926,2.66636
2024-04-12T05:00,calibration,1.4,184,3.18,226,1.78,-2.18984,-0.81242,2.33569
2024-04-12T06:00,calibration,4.25,210,3.28,211,-0.97,0.43568,0.8691,0.97219
2024-04-12T07:00,calibration,4.47,207,4.65,242,0.18,-2.07637,1.79976,2.7478
2024-04-12T08:00,calibration,7.16,237,6.84,255,-0.32,-0.60205,2.12929,2.21277
2024-04-12T09:00,calibration,7.24,244,7.24,259,0.0,-0.59971,1.79235,1.89002
2024-04-12T10:00,calibration,7.24,235,7.25,255,0.01,-1.0723,2.27626,2.51618
2024-04-12T11:00,calibration,6.55,236,7.16,245,0.61,-1.05897,0.63677,1.23567
2024-04-12T12:00,calibration,5.88,228,7.17,247,1.29,-2.23033,1.13295,2.50159
2024-04-12T13:00,calibration,6.16,238,7.21,246,1.05,-1.36269,0.33173,1.40248
2024-04-12T14:00,calibration,6.62,241,7.31,253,0.69,-1.20061,1.0722,1.60968
2024-04-12T15:00,calibration,6.94,242,8.86,259,1.92,-2.56956,1.56756,3.00997
2024-04-12T16:00,calibration,5.44,238,7.53,253,2.09,-2.58759,0.6812,2.67576
2024-04-12T17:00,calibration,6.49,241,6.89,251,0.4,-0.83834,0.90325,1.23235
2024-04-12T18:00,calibration,6.91,239,6.02,255,-0.89,0.10815,2.00082,2.00374
2024-04-12T19:00,calibration,8.24,237,10.09,250,1.85,-2.57085,1.03684,2.77206
2024-04-12T20:00,calibration,7.42,243,6.99,253,-0.43,-0.0733,1.32493,1.32696
2024-04-12T21:00,calibration,6.24,248,7.61,267,1.37,-1.81394,1.93927,2.6554
2024-04-12T22:00,calibration,7.97,252,6.81,260,-1.16,0.87338,1.28032,1.54984
2024-04-12T23:00,calibration,6.54,247,7.24,264,0.7,-1.18024,1.7986,2.15126
2024-04-13T00:00,calibration,8.32,241,8.57,277,0.25,-1.22928,5.07804,5.22471
2024-04-13T01:00,calibration,7.02,259,8.97,277,1.95,-2.01212,2.43265,3.15696
2024-04-13T02:00,calibration,8.4,269,8.48,287,0.08,0.28926,2.62591,2.6418
2024-04-13T03:00,calibration,8.25,264,8.93,292,0.68,-0.07495,4.2076,4.20826
2024-04-13T04:00,calibration,9.19,284,7.53,289,-1.66,1.79726,0.22827,1.8117
2024-04-13T05:00,calibration,5.82,289,6.94,282,1.12,-1.28543,-0.4519,1.36255
2024-04-13T06:00,calibration,2.8,272,6.36,278,3.56,-3.49981,0.78742,3.5873
2024-04-13T07:00,calibration,3.61,251,5.63,287,2.02,-1.97067,2.82135,3.44145
2024-04-13T08:00,calibration,4.0,267,4.94,277,0.94,-0.90866,0.81138,1.21819
2024-04-13T09:00,calibration,4.73,276,5.79,280,1.06,-0.99795,0.511,1.12117
2024-04-13T10:00,calibration,5.11,273,5.77,279,0.66,-0.59596,0.63519,0.871
2024-04-13T11:00,calibration,5.25,278,5.84,277,0.59,-0.59756,-0.01894,0.59786
2024-04-13T12:00,calibration,5.61,273,5.77,279,0.16,-0.09665,0.60902,0.61664
2024-04-13T13:00,calibration,6.2,272,8.23,291,2.03,-1.48714,2.73299,3.1114
2024-04-13T14:00,calibration,6.74,285,8.59,296,1.85,-1.2103,2.02117,2.35583
2024-04-13T15:00,calibration,7.06,286,8.99,299,1.93,-1.07632,2.41244,2.64165
2024-04-13T16:00,calibration,7.03,276,8.97,301,1.94,-0.6973,3.88506,3.94714
2024-04-13T17:00,calibration,7.63,275,8.82,299,1.19,-0.11318,3.61102,3.6128
2024-04-13T18:00,calibration,6.71,280,7.75,290,1.04,-0.67456,1.48548,1.63146
2024-04-13T19:00,calibration,6.91,273,7.27,288,0.36,-0.01365,1.88491,1.88496
2024-04-13T20:00,calibration,7.58,278,7.16,285,-0.42,0.5902,0.79821,0.99271
2024-04-13T21:00,calibration,7.14,276,6.83,288,-0.31,0.60517,1.36425,1.49245
2024-04-13T22:00,calibration,6.94,276,6.14,289,-0.8,1.0965,1.27356,1.68055
2024-04-13T23:00,calibration,5.66,278,4.71,287,-0.95,1.10072,0.58935,1.24857
2024-04-14T00:00,calibration,3.1,268,3.55,280,0.45,-0.39796,0.72464,0.82672
2024-04-14T01:00,calibration,2.24,243,3.61,265,1.37,-1.60041,0.70231,1.74772
2024-04-14T02:00,calibration,2.51,241,3.59,257,1.08,-1.30269,0.4093,1.36548
2024-04-14T03:00,calibration,1.97,210,3.09,245,1.12,-1.81549,0.40018,1.85907
2024-04-14T04:00,calibration,2.36,216,3.09,245,0.73,-1.41332,0.60339,1.53673
2024-04-14T05:00,calibration,2.2,219,3.28,239,1.08,-1.427,0.0204,1.42715
2024-04-14T06:00,calibration,2.0,217,2.88,250,0.88,-1.50268,0.61225,1.62263
2024-04-14T07:00,calibration,2.14,217,2.91,243,0.77,-1.30494,0.38797,1.3614
2024-04-14T08:00,calibration,1.98,221,2.34,230,0.36,-0.49355,-0.0098,0.49364
2024-04-14T09:00,calibration,1.49,200,2.01,207,0.52,-0.40291,-0.39078,0.56129
2024-04-14T10:00,calibration,1.1,85,2.61,184,1.51,-1.27788,-2.69951,2.98669
2024-04-14T11:00,calibration,2.42,66,3.41,175,0.99,-1.91358,-4.38133,4.78098
2024-04-14T12:00,calibration,1.49,48,4.46,171,2.97,-0.40959,-5.40209,5.4176
2024-04-14T13:00,calibration,5.22,192,4.67,190,-0.55,0.27436,0.50688,0.57637
2024-04-14T14:00,calibration,5.57,201,5.1,206,-0.47,-0.23958,0.61619,0.66113
2024-04-14T15:00,calibration,6.3,216,6.25,220,-0.05,-0.31438,0.30903,0.44083
2024-04-14T16:00,calibration,6.81,230,6.79,226,-0.02,0.33245,-0.33935,0.47505
2024-04-14T17:00,calibration,7.19,212,7.03,230,-0.16,-1.57517,1.57867,2.2301
2024-04-14T18:00,calibration,7.86,222,7.22,227,-0.64,-0.02101,0.91709,0.91733
2024-04-14T19:00,calibration,8.35,224,7.16,229,-1.19,0.39668,1.3091,1.36788
2024-04-14T20:00,calibration,8.22,233,7.87,230,-0.35,0.53601,-0.11182,0.54755
2024-04-14T21:00,calibration,8.42,233,8.05,243,-0.37,-0.44809,1.41266,1.48202
2024-04-14T22:00,calibration,8.58,229,7.52,241,-1.06,-0.10173,1.98322,1.98583
2024-04-14T23:00,calibration,7.83,242,4.93,264,-2.9,2.01049,3.16064,3.74589
2024-04-15T00:00,calibration,5.74,235,5.02,23,-0.72,6.6634,7.91326,10.34508
2024-04-15T01:00,calibration,4.16,215,1.82,279,-2.34,0.58849,3.69238,3.73898
2024-04-15T02:00,calibration,4.46,228,3.01,6,-1.45,3.62906,5.97783,6.99318
2024-04-15T03:00,calibration,2.75,260,1.73,80,-1.02,4.41194,0.77794,4.48
2024-04-15T04:00,calibration,3.9,293,3.49,204,-0.41,2.17046,-4.71213,5.18797
2024-04-15T05:00,calibration,2.5,268,2.68,207,0.18,1.28178,-2.30065,2.63362
2024-04-15T06:00,calibration,0.85,21,2.14,233,1.29,-2.01369,-2.08143,2.89608
2024-04-15T07:00,calibration,1.71,7,1.92,219,0.21,-1.41669,-3.18937,3.48986
2024-04-15T08:00,calibration,1.3,274,1.9,252,0.6,-0.51017,-0.67782,0.84836
2024-04-15T09:00,calibration,0.42,225,1.36,234,0.94,-0.80328,-0.5024,0.94745
2024-04-15T10:00,calibration,0.91,96,2.1,205,1.19,-1.79251,-1.80813,2.54606
2024-04-15T11:00,calibration,0.2,180,1.98,225,1.78,-1.40007,-1.20007,1.84401
2024-04-15T12:00,calibration,0.6,90,2.04,281,1.44,-2.60252,0.38925,2.63147
2024-04-15T13:00,calibration,1.88,25,0.9,360,-0.98,-0.79452,-0.80386,1.13025
2024-04-15T14:00,calibration,2.73,332,1.51,352,-1.22,1.07151,-0.91514,1.40912
2024-04-15T15:00,calibration,2.0,357,1.77,344,-0.23,-0.38321,-0.29583,0.48411
2024-04-15T16:00,calibration,3.01,345,2.4,343,-0.61,0.07735,-0.61231,0.61717
2024-04-15T17:00,calibration,4.65,341,2.86,348,-1.79,0.91926,-1.59916,1.84455
2024-04-15T18:00,calibration,4.08,324,3.01,339,-1.07,1.31948,-0.49071,1.40777
2024-04-15T19:00,calibration,4.4,339,3.16,325,-1.24,-0.23568,-1.51923,1.53741
2024-04-15T20:00,calibration,4.42,322,3.78,323,-0.64,0.44636,-0.46417,0.64396
2024-04-15T21:00,calibration,4.46,340,4.0,328,-0.46,-0.59427,-0.79884,0.99564
2024-04-15T22:00,calibration,4.46,344,3.71,333,-0.75,-0.45496,-0.98159,1.0819
2024-04-15T23:00,calibration,4.61,347,3.26,342,-1.35,0.02963,-1.3914,1.39172
2024-04-16T00:00,calibration,3.77,349,3.11,356,-0.66,0.50241,-0.59831,0.78127
2024-04-16T01:00,calibration,2.01,354,3.9,1,1.89,0.27817,1.90042,1.92067
2024-04-16T02:00,calibration,3.21,4,3.64,16,0.43,0.7794,0.29681,0.83401
2024-04-16T03:00,calibration,0.1,90,3.0,26,2.9,1.21511,2.69638,2.95753
2024-04-16T04:00,calibration,2.0,180,2.55,42,0.55,1.70628,3.89502,4.25236
2024-04-16T05:00,calibration,1.5,180,1.93,69,0.43,1.80181,2.19165,2.83723
2024-04-16T06:00,calibration,1.3,157,1.93,111,0.63,1.29386,0.50501,1.38892
2024-04-16T07:00,calibration,1.0,96,2.2,141,1.2,0.38998,-1.60519,1.65189
2024-04-16T08:00,calibration,1.28,141,1.65,166,0.37,-0.40636,-0.60624,0.72983
2024-04-16T09:00,calibration,1.64,38,1.63,101,-0.01,0.59037,-1.60336,1.70859
2024-04-16T10:00,calibration,1.28,51,1.14,52,-0.14,-0.09641,-0.10368,0.14158
2024-04-16T11:00,calibration,1.13,45,2.0,53,0.87,0.79824,0.4046,0.89492
2024-04-16T12:00,calibration,2.25,32,1.66,57,-0.59,0.19987,-1.00401,1.02371
2024-04-16T13:00,calibration,1.0,37,0.91,96,-0.09,0.3032,-0.89376,0.94379
2024-04-16T14:00,calibration,1.71,83,1.02,101,-0.69,-0.69599,-0.40302,0.80426
2024-04-16T15:00,calibration,1.3,86,1.39,120,0.09,-0.09306,-0.78568,0.79118
2024-04-16T16:00,calibration,1.28,141,1.64,142,0.36,0.20415,-0.29759,0.36089
2024-04-16T17:00,calibration,0.58,149,0.92,131,0.34,0.39561,-0.10642,0.40967
2024-04-16T18:00,calibration,0.81,353,0.36,124,-0.45,0.39717,-1.00527,1.08089
2024-04-16T19:00,calibration,2.11,355,0.64,39,-1.47,0.58666,-1.6046,1.70848
2024-04-16T20:00,calibration,4.12,23,1.35,42,-2.77,-0.70649,-2.78923,2.87732
2024-04-16T21:00,calibration,2.87,29,1.58,55,-1.29,-0.09714,-1.60391,1.60685
2024-04-16T22:00,calibration,1.75,31,1.4,86,-0.35,0.49527,-1.40238,1.48727
2024-04-16T23:00,calibration,3.11,48,1.39,111,-1.72,-1.0135,-2.57913,2.77112
2024-04-17T00:00,calibration,1.84,68,2.3,90,0.46,0.59398,-0.68928,0.9099
2024-04-17T01:00,calibration,1.51,82,2.82,67,1.31,1.10052,0.89171,1.41644
2024-04-17T02:00,calibration,1.48,118,2.85,72,1.37,1.40375,1.57552,2.11016
2024-04-17T03:00,calibration,1.25,61,2.7,92,1.45,1.60508,-0.70024,1.75118
2024-04-17T04:00,calibration,1.58,55,1.71,111,0.13,0.30216,-1.51906,1.54882
2024-04-17T05:00,calibration,1.13,45,1.34,117,0.21,0.39492,-1.40738,1.46174
2024-04-17T06:00,calibration,2.06,61,1.98,135,-0.08,-0.40165,-2.39878,2.43217
2024-04-17T07:00,calibration,0.5,37,2.34,140,1.84,1.20322,-2.19186,2.5004
2024-04-17T08:00,calibration,2.13,41,2.8,145,0.67,0.20861,-3.90116,3.90673
2024-04-17T09:00,calibration,1.58,55,2.2,129,0.62,0.41546,-2.29076,2.32813
2024-04-17T10:00,calibration,1.0,96,2.33,149,1.33,0.20552,-1.89267,1.9038
2024-04-17T11:00,calibration,2.24,80,2.55,169,0.31,-1.71941,-2.89212,3.36463
2024-04-17T12:00,calibration,0.32,72,2.41,185,2.09,-0.51438,-2.49971,2.55209
2024-04-17T13:00,calibration,0.67,63,3.32,224,2.65,-2.90324,-2.69238,3.95951
2024-04-17T14:00,calibration,1.33,77,2.94,198,1.61,-2.20442,-3.09529,3.80004
2024-04-17T15:00,calibration,2.47,111,3.8,180,1.33,-2.30594,-2.91483,3.71667
2024-04-17T16:00,calibration,3.73,188,4.12,157,0.39,2.12893,-0.09878,2.13122
2024-04-17T17:00,calibration,2.68,207,4.36,171,1.68,1.89875,-1.91842,2.69918
2024-04-17T18:00,calibration,3.39,225,4.03,157,0.64,3.97174,-1.31254,4.183
2024-04-17T19:00,calibration,3.54,188,5.79,201,2.25,-1.58228,-1.89988,2.47248
2024-04-17T20:00,calibration,4.56,165,6.75,205,2.19,-4.03289,-1.71296,4.3816
2024-04-17T21:00,calibration,4.37,196,5.32,208,0.95,-1.29305,-0.49657,1.38512
2024-04-17T22:00,calibration,4.41,213,5.0,233,0.59,-1.59132,0.68946,1.73426
2024-04-17T23:00,calibration,3.68,227,3.22,240,-0.46,-0.09722,0.89975,0.90499
2024-04-18T00:00,calibration,3.94,243,2.97,200,-0.97,2.49477,-1.00216,2.68853
2024-04-18T01:00,calibration,4.96,261,2.82,287,-2.14,2.20215,1.6004,2.72227
2024-04-18T02:00,calibration,2.28,241,2.86,245,0.58,-0.59791,-0.10332,0.60677
2024-04-18T03:00,calibration,1.06,229,2.26,257,1.2,-1.40208,0.18703,1.4145
2024-04-18T04:00,calibration,1.65,194,2.75,237,1.1,-1.90717,0.10323,1.90996
2024-04-18T05:00,calibration,2.51,209,3.77,248,1.26,-2.27861,0.78303,2.4094
2024-04-18T06:00,calibration,2.15,208,2.96,258,0.81,-1.88595,1.28292,2.28094
2024-04-18T07:00,calibration,2.1,245,2.82,253,0.72,-0.79353,0.06301,0.79603
2024-04-18T08:00,calibration,2.15,248,3.01,264,0.86,-1.00007,0.49077,1.114
2024-04-18T09:00,calibration,2.01,243,3.1,270,1.09,-1.30908,0.91252,1.59574
2024-04-18T10:00,calibration,1.96,255,3.63,278,1.67,-1.70146,1.01248,1.97992
2024-04-18T11:00,calibration,2.62,252,3.54,286,0.92,-0.9111,1.78538,2.00442
2024-04-18T12:00,calibration,2.14,259,3.52,285,1.38,-1.29938,1.31937,1.85179
2024-04-18T13:00,calibration,2.4,270,3.37,282,0.97,-0.89636,0.70066,1.13771
2024-04-18T14:00,calibration,3.51,265,4.66,293,1.15,-0.79291,2.12672,2.26973
2024-04-18T15:00,calibration,3.01,276,4.96,298,1.95,-1.38591,2.01395,2.44474
2024-04-18T16:00,calibration,3.22,277,3.01,291,-0.21,0.38592,0.68627,0.78734
2024-04-18T17:00,calibration,2.11,265,3.07,289,0.96,-0.80077,1.18339,1.42886
2024-04-18T18:00,calibration,1.96,285,2.51,293,0.55,-0.41725,0.47345,0.63107
2024-04-18T19:00,calibration,1.68,287,1.93,291,0.25,-0.19522,0.20047,0.27982
2024-04-18T20:00,calibration,1.79,297,2.04,281,0.25,-0.40762,-0.42339,0.58772
2024-04-18T21:00,calibration,1.51,262,1.75,283,0.24,-0.20984,0.60382,0.63924
2024-04-18T22:00,calibration,1.06,311,1.63,281,0.57,-0.80006,-0.3844,0.88762
2024-04-18T23:00,calibration,1.0,354,0.92,319,-0.08,-0.49905,-0.30019,0.58237
2024-04-19T00:00,calibration,1.36,324,1.33,13,-0.03,1.09857,0.19565,1.11586
2024-04-19T01:00,calibration,2.34,40,2.3,56,-0.04,0.40266,-0.5064,0.64698
2024-04-19T02:00,calibration,1.77,47,2.4,90,0.63,1.1055,-1.20714,1.63686
2024-04-19T03:00,calibration,0.63,162,2.64,115,2.01,2.19797,-0.51655,2.25785
2024-04-19T04:00,calibration,1.35,138,3.04,134,1.69,1.28347,-1.10852,1.69591
2024-04-19T05:00,calibration,1.49,110,2.5,143,1.01,0.1044,-1.48698,1.49064
2024-04-19T06:00,calibration,2.0,360,2.28,157,0.28,0.89087,-4.09875,4.19445
2024-04-19T07:00,calibration,2.15,62,2.72,144,0.57,-0.29956,-3.20989,3.22384
2024-04-19T08:00,calibration,1.84,68,3.33,139,1.49,0.47866,-3.20246,3.23803
2024-04-19T09:00,calibration,1.86,36,3.54,135,1.68,1.40988,-4.00793,4.24868
2024-04-19T10:00,calibration,3.42,21,2.33,137,-1.09,0.36344,-4.8969,4.91037
2024-04-19T11:00,calibration,1.35,42,3.14,143,1.79,0.98637,-3.51096,3.64689
2024-04-19T12:00,calibration,1.55,195,2.82,203,1.27,-0.70069,-1.09864,1.30306
2024-04-19T13:00,calibration,3.69,213,3.47,224,-0.22,-0.40075,0.59859,0.72035
2024-04-19T14:00,calibration,2.52,173,3.91,212,1.39,-2.3791,-0.81465,2.51471
2024-04-19T15:00,calibration,4.02,199,3.32,201,-0.7,0.119,0.7015,0.71152
2024-04-19T16:00,calibration,4.47,230,6.24,238,1.77,-1.8676,-0.43344,1.91724
2024-04-19T17:00,calibration,3.32,249,5.28,251,1.96,-1.89285,-0.52922,1.96544
2024-04-19T18:00,calibration,4.03,247,5.53,276,1.5,-1.79007,2.15269,2.79972
2024-04-19T19:00,calibration,4.34,296,5.6,289,1.26,-1.39414,-0.07935,1.39639
2024-04-19T20:00,calibration,4.92,294,5.06,300,0.14,0.11256,0.52886,0.5407
2024-04-19T21:00,calibration,3.07,289,4.72,291,1.65,-1.50376,0.692,1.65534
2024-04-19T22:00,calibration,3.61,289,4.4,291,0.79,-0.69443,0.40152,0.80215
2024-04-19T23:00,calibration,4.11,296,3.44,296,-0.67,0.60219,-0.29371,0.67
2024-04-20T00:00,calibration,2.2,300,2.36,306,0.16,-0.00402,0.28717,0.2872
2024-04-20T01:00,calibration,2.56,301,3.11,312,0.55,-0.11683,0.7625,0.7714
2024-04-20T02:00,calibration,2.3,270,2.7,309,0.4,0.20171,1.69917,1.7111
2024-04-20T03:00,calibration,0.98,294,2.55,296,1.57,-1.39665,0.71924,1.57097
2024-04-20T04:00,calibration,1.4,270,3.09,299,1.69,-1.30257,1.49806,1.98517
2024-04-20T05:00,calibration,2.12,289,3.04,297,0.92,-0.70416,0.68993,0.98582
2024-04-20T06:00,calibration,2.12,278,3.66,305,1.54,-0.89873,1.80424,2.01569
2024-04-20T07:00,calibration,3.09,295,3.0,300,-0.09,0.20241,0.19411,0.28045
2024-04-20T08:00,calibration,2.55,281,2.75,289,0.2,-0.09703,0.40875,0.42011
2024-04-20T09:00,calibration,1.7,310,2.38,285,0.68,-0.99663,-0.47675,1.10479
2024-04-20T10:00,calibration,1.35,222,2.1,270,0.75,-1.19667,1.00325,1.56158
2024-04-20T11:00,calibration,2.0,233,2.77,257,0.77,-1.10173,0.58052,1.24532
2024-04-20T12:00,calibration,2.77,221,3.07,251,0.3,-1.08546,1.09105,1.53903
2024-04-20T13:00,calibration,5.04,256,4.61,266,-0.43,0.29152,0.89771,0.94386
2024-04-20T14:00,calibration,6.35,263,5.3,271,-1.05,1.00348,0.86637,1.32573
2024-04-20T15:00,calibration,6.4,268,7.2,269,0.8,-0.8028,0.0977,0.80873
2024-04-20T16:00,calibration,7.55,259,7.1,268,-0.45,0.31561,1.19282,1.23387
2024-04-20T17:00,calibration,7.3,270,7.92,274,0.62,-0.60071,0.55247,0.81613
2024-04-20T18:00,calibration,8.1,269,6.91,284,-1.19,1.39402,1.81304,2.28701
2024-04-20T19:00,calibration,7.86,277,7.47,286,-0.39,0.62079,1.10112,1.26406
2024-04-20T20:00,calibration,7.17,300,6.76,299,-0.41,0.29697,-0.30769,0.42763
2024-04-20T21:00,calibration,6.85,304,6.05,304,-0.8,0.66323,-0.44735,0.8
2024-04-20T22:00,calibration,6.3,306,5.73,317,-0.57,1.18896,0.48761,1.28506
2024-04-20T23:00,calibration,5.75,310,5.03,319,-0.72,1.10478,0.10016,1.10931
2024-04-21T00:00,calibration,4.34,322,4.18,349,-0.16,1.87439,0.68323,1.99503
2024-04-21T01:00,calibration,3.38,326,3.72,336,0.34,0.37701,0.59624,0.70544
2024-04-21T02:00,calibration,2.44,341,3.4,346,0.96,-0.02815,0.99194,0.99234
2024-04-21T03:00,calibration,1.8,360,2.77,347,0.97,-0.62311,0.89901,1.09384
2024-04-21T04:00,calibration,0.67,63,2.0,360,1.33,-0.59697,1.69583,1.79783
2024-04-21T05:00,calibration,0.58,121,1.41,8,0.83,-0.30092,1.695,1.72151
2024-04-21T06:00,calibration,1.12,117,0.91,6,-0.21,-0.90281,1.41348,1.6772
2024-04-21T07:00,calibration,0.73,164,0.0,270,-0.73,-0.20122,0.70172,0.73
2024-04-21T08:00,calibration,0.2,180,0.5,180,0.3,0.0,-0.3,0.3
2024-04-21T09:00,calibration,0.5,217,1.62,202,1.12,-0.30596,-1.10272,1.14438
2024-04-21T10:00,calibration,0.67,243,1.36,234,0.69,-0.50329,-0.49521,0.70607
2024-04-21T11:00,calibration,0.51,259,1.4,266,0.89,-0.89596,-0.00035,0.89596
2024-04-21T12:00,calibration,1.89,238,1.8,267,-0.09,-0.19472,0.90734,0.928
2024-04-21T13:00,calibration,2.4,253,3.03,278,0.63,-0.70538,1.12339,1.32648
2024-04-21T14:00,calibration,3.1,272,3.75,279,0.65,-0.60572,0.47844,0.77188
2024-04-21T15:00,calibration,3.34,279,4.42,275,1.08,-1.1043,-0.13726,1.1128
2024-04-21T16:00,calibration,3.61,273,4.3,271,0.69,-0.69429,-0.11389,0.70357
2024-04-21T17:00,calibration,3.54,262,4.37,281,0.83,-0.78416,1.32651,1.54095
2024-04-21T18:00,calibration,4.16,260,4.34,285,0.18,-0.09532,1.84565,1.84811
2024-04-21T19:00,calibration,4.57,293,4.48,294,-0.09,0.11402,0.03654,0.11973
2024-04-21T20:00,calibration,5.2,300,4.77,303,-0.43,0.50287,-0.00207,0.50288
2024-04-21T21:00,calibration,4.88,298,4.84,308,-0.04,0.49481,0.68878,0.84809
2024-04-21T22:00,calibration,4.52,298,4.48,309,-0.04,0.50931,0.69734,0.86353
2024-04-21T23:00,calibration,3.89,314,4.18,312,0.29,-0.30811,0.09474,0.32235
2024-04-22T00:00,calibration,1.78,308,3.19,319,1.41,-0.69017,1.31165,1.48214
2024-04-22T01:00,calibration,2.37,332,2.34,310,-0.03,-0.6799,-0.58846,0.89919
2024-04-22T02:00,calibration,0.71,278,1.89,328,1.18,-0.29846,1.504,1.53333
2024-04-22T03:00,calibration,1.22,261,1.13,315,-0.09,0.40595,0.98988,1.06989
2024-04-22T04:00,calibration,0.42,225,1.02,259,0.6,-0.70427,0.10236,0.71167
2024-04-22T05:00,calibration,0.73,164,1.44,236,0.71,-1.39503,-0.10352,1.39886
2024-04-22T06:00,calibration,0.61,171,2.28,241,1.67,-2.08956,-0.50288,2.14922
2024-04-22T07:00,calibration,0.51,101,2.24,243,1.73,-2.49648,-0.91963,2.66048
2024-04-22T08:00,calibration,1.02,169,2.28,241,1.26,-2.18876,-0.10411,2.19123
2024-04-22T09:00,calibration,1.12,10,2.28,241,1.16,-2.18862,-2.20835,3.10916
2024-04-22T10:00,calibration,1.33,13,2.31,252,0.98,-2.49613,-2.00974,3.20464
2024-04-22T11:00,calibration,1.12,10,2.33,260,1.21,-2.48909,-1.50758,2.91005
2024-04-22T12:00,calibration,1.63,259,1.82,279,0.19,-0.19754,0.59573,0.62763
2024-04-22T13:00,calibration,1.61,263,1.04,253,-0.57,0.60344,-0.10786,0.61301
2024-04-22T14:00,calibration,0.98,246,1.12,260,0.14,-0.20771,0.20412,0.29122
2024-04-22T15:00,calibration,1.12,260,1.53,259,0.41,-0.3989,-0.09745,0.41064
2024-04-22T16:00,calibration,1.7,298,2.06,284,0.36,-0.4978,-0.29974,0.58108
2024-04-22T17:00,calibration,2.21,288,2.94,305,0.73,-0.30647,1.00339,1.04915
2024-04-22T18:00,calibration,2.48,310,3.16,305,0.68,-0.68873,0.21839,0.72253
2024-04-22T19:00,calibration,2.18,286,2.91,297,0.73,-0.49728,0.72022,0.87522
2024-04-22T20:00,calibration,1.88,295,3.1,291,1.22,-1.19024,0.31642,1.23158
2024-04-22T21:00,calibration,2.85,288,3.18,294,0.33,-0.19456,0.41272,0.45629
2024-04-22T22:00,calibration,1.81,264,2.95,294,1.14,-0.89487,1.38907,1.65237
2024-04-22T23:00,calibration,2.91,274,1.75,301,-1.16,1.40287,0.69833,1.56707
2024-04-23T00:00,calibration,1.49,228,1.17,290,-0.32,0.00785,1.39717,1.39719
2024-04-23T01:00,calibration,1.55,195,1.99,252,0.44,-1.49143,0.88224,1.73284
2024-04-23T02:00,calibration,1.24,166,1.66,237,0.42,-1.69218,0.29907,1.7184
2024-04-23T03:00,calibration,1.03,119,1.17,211,0.14,-1.50345,-0.50353,1.58553
2024-04-23T04:00,calibration,1.9,183,1.41,188,-0.49,-0.0968,0.50112,0.51038
2024-04-23T05:00,calibration,1.5,176,2.31,175,0.81,0.0967,-0.80486,0.81065
2024-04-23T06:00,calibration,0.72,124,2.3,180,1.58,-0.59691,-1.89738,1.98906
2024-04-23T07:00,calibration,1.12,100,2.61,184,1.49,-1.28505,-2.40916,2.73046
2024-04-23T08:00,calibration,1.08,68,2.75,190,1.67,-1.47889,-3.1128,3.44625
2024-04-23T09:00,calibration,1.03,61,2.84,190,1.81,-1.39402,-3.29621,3.57887
2024-04-23T10:00,calibration,1.84,68,2.96,192,1.12,-2.32144,-3.58459,4.27064
2024-04-23T11:00,calibration,1.77,74,3.14,189,1.37,-2.19264,-3.58922,4.20597
2024-04-23T12:00,calibration,1.75,156,3.72,174,1.97,-0.32294,-2.10092,2.12559
2024-04-23T13:00,calibration,3.3,182,3.21,185,-0.09,-0.1646,0.1002,0.1927
2024-04-23T14:00,calibration,3.93,195,4.06,190,0.13,0.31215,-0.20223,0.37193
2024-04-23T15:00,calibration,4.66,203,4.81,197,0.15,0.4145,-0.31027,0.51776
2024-04-23T16:00,calibration,5.82,209,6.07,213,0.25,-0.48437,-0.00044,0.48437
2024-04-23T17:00,calibration,5.83,211,6.16,216,0.33,-0.61809,0.01374,0.61824
2024-04-23T18:00,calibration,6.28,211,6.12,218,-0.16,-0.53341,0.56038,0.77366
2024-04-23T19:00,calibration,6.2,218,6.26,219,0.06,-0.12244,0.02073,0.12419
2024-04-23T20:00,calibration,5.48,232,6.15,226,0.67,-0.10564,-0.89832,0.90451
2024-04-23T21:00,calibration,3.96,227,5.23,225,1.27,-0.80201,-0.99745,1.2799
2024-04-23T22:00,calibration,2.37,208,3.72,216,1.35,-1.07391,-0.91696,1.41213
2024-04-23T23:00,calibration,3.2,231,2.69,225,-0.51,0.58475,0.11171,0.59532
2024-04-24T00:00,calibration,0.78,320,2.15,208,1.37,-0.50799,-2.49585,2.54702
2024-04-24T01:00,calibration,2.53,288,3.01,274,0.48,-0.59649,-0.57185,0.82633
2024-04-24T02:00,calibration,2.44,235,4.39,313,1.95,-1.21191,4.3935,4.55758
2024-04-24T03:00,calibration,3.26,227,2.24,297,-1.02,0.38836,3.24025,3.26344
2024-04-24T04:00,calibration,2.01,243,1.81,264,-0.2,-0.00916,0.72332,0.72338
2024-04-24T05:00,calibration,1.84,229,2.6,247,0.76,-1.00465,0.19125,1.02269
2024-04-24T06:00,calibration,2.12,199,4.49,249,2.37,-3.50157,0.39543,3.52383
2024-04-24T07:00,calibration,3.19,221,4.4,253,1.21,-2.11491,1.12109,2.39368
2024-04-24T08:00,calibration,2.27,221,3.92,264,1.65,-2.40927,1.30344,2.73926
2024-04-24T09:00,calibration,2.91,229,2.7,270,-0.21,-0.5038,1.90913,1.97449
2024-04-24T10:00,calibration,1.86,216,2.24,243,0.38,-0.90257,0.48783,1.02597
2024-04-24T11:00,calibration,2.77,229,2.97,250,0.2,-0.70034,0.80148,1.06436
2024-04-24T12:00,calibration,2.91,229,4.21,266,1.3,-2.00354,1.61546,2.57369
2024-04-24T13:00,calibration,5.02,265,3.82,264,-1.2,1.20182,0.03822,1.20243
2024-04-24T14:00,calibration,5.1,270,4.81,291,-0.29,0.60948,1.72375,1.82833
2024-04-24T15:00,calibration,4.85,278,4.47,304,-0.38,1.097,1.8246,2.12899
2024-04-24T16:00,calibration,3.92,276,4.24,304,0.32,0.38341,1.96123,1.99835
2024-04-24T17:00,calibration,3.92,289,4.58,302,0.66,-0.17763,1.1508,1.16443
2024-04-24T18:00,calibration,5.98,308,5.28,297,-0.7,0.00779,-1.28459,1.28461
2024-04-24T19:00,calibration,5.66,318,5.84,308,0.18,-0.8147,-0.61074,1.0182
2024-04-24T20:00,calibration,4.95,315,5.5,307,0.55,-0.89232,-0.1902,0.91236
2024-04-24T21:00,calibration,6.53,320,5.75,310,-0.78,-0.20735,-1.30624,1.3226
2024-04-24T22:00,calibration,5.73,314,5.74,311,0.01,-0.21022,-0.21461,0.30042
2024-04-24T23:00,calibration,5.47,320,5.45,317,-0.02,-0.20084,-0.20439,0.28655
2024-04-25T00:00,calibration,4.0,323,4.88,325,0.88,-0.39179,0.80292,0.89341
2024-04-25T01:00,calibration,3.16,325,4.43,335,1.27,-0.0597,1.42642,1.42767
2024-04-25T02:00,calibration,2.08,325,3.29,340,1.21,0.06779,1.38775,1.38941
2024-04-25T03:00,calibration,2.52,326,3.69,347,1.17,0.5791,1.50625,1.61374
2024-04-25T04:00,calibration,2.56,329,3.18,336,0.62,0.02507,0.71073,0.71117
2024-04-25T05:00,calibration,2.26,315,3.23,338,0.97,0.38808,1.39674,1.44965
2024-04-25T06:00,calibration,2.13,311,3.04,333,0.91,0.2274,1.31125,1.33083
2024-04-25T07:00,calibration,2.06,321,2.78,330,0.72,-0.0936,0.80663,0.81204
2024-04-25T08:00,calibration,1.89,302,2.42,330,0.53,0.39281,1.09423,1.1626
2024-04-25T09:00,calibration,1.36,306,2.02,327,0.66,9e-05,0.89473,0.89473
2024-04-25T10:00,calibration,1.44,326,1.98,319,0.54,-0.49376,0.30051,0.57802
2024-04-25T11:00,calibration,1.39,300,1.28,309,-0.11,0.20903,0.11053,0.23645
2024-04-25T12:00,calibration,1.17,329,0.72,326,-0.45,0.19998,-0.40598,0.45256
2024-04-25T13:00,calibration,1.06,41,1.42,309,0.36,-1.79897,0.09364,1.80141
2024-04-25T14:00,calibration,0.36,56,1.5,37,1.14,0.60427,0.99664,1.16552
2024-04-25T15:00,calibration,1.12,333,2.04,79,0.92,2.51099,-0.60868,2.58371
2024-04-25T16:00,calibration,0.81,30,1.92,81,1.11,1.49136,-0.40113,1.54436
2024-04-25T17:00,calibration,2.26,13,1.77,74,-0.49,1.19304,-1.7142,2.0885
2024-04-25T18:00,calibration,2.08,35,1.87,74,-0.21,0.60452,-1.18839,1.33331
2024-04-25T19:00,calibration,1.75,13,1.56,50,-0.19,0.80136,-0.7024,1.06562
2024-04-25T20:00,calibration,2.19,24,1.84,29,-0.35,0.0013,-0.39136,0.39137
2024-04-25T21:00,calibration,2.28,38,1.72,36,-0.56,-0.39272,-0.40516,0.56425
2024-04-25T22:00,calibration,2.0,3,2.06,29,0.06,0.89404,-0.19554,0.91517
2024-04-25T23:00,calibration,2.89,346,2.39,33,-0.5,2.00084,-0.79973,2.15475
2024-04-26T00:00,calibration,2.14,349,0.45,243,-1.69,0.00738,-2.30498,2.30499
2024-04-26T01:00,calibration,1.9,342,1.13,315,-0.77,-0.2119,-1.00798,1.03001
2024-04-26T02:00,calibration,0.73,196,2.42,330,1.69,-1.00878,2.7975,2.97383
2024-04-26T03:00,calibration,0.64,51,2.75,350,2.11,-0.97491,2.30546,2.50311
2024-04-26T04:00,calibration,1.17,110,2.6,358,1.43,-1.19018,2.99858,3.22614
2024-04-26T05:00,calibration,1.5,53,2.42,24,0.92,-0.21365,1.30806,1.32539
2024-04-26T06:00,calibration,0.42,135,2.39,33,1.97,1.0047,2.30141,2.51116
2024-04-26T07:00,calibration,0.71,98,2.78,52,2.07,1.48758,1.81035,2.34313
2024-04-26T08:00,calibration,0.85,45,2.75,57,1.9,1.7053,0.89672,1.9267
2024-04-26T09:00,calibration,1.08,34,2.73,66,1.65,1.89005,0.21503,1.90224
2024-04-26T10:00,calibration,0.94,32,3.01,75,2.07,2.40931,-0.01812,2.40938
2024-04-26T11:00,calibration,2.28,29,2.94,80,0.66,1.78997,-1.48361,2.32488
2024-04-26T12:00,calibration,2.72,54,2.79,75,0.07,0.49441,-0.87667,1.00647
2024-04-26T13:00,calibration,3.31,85,3.04,107,-0.27,-0.39024,-1.1773,1.24029
2024-04-26T14:00,calibration,3.1,111,3.5,121,0.4,0.10599,-0.69169,0.69977
2024-04-26T15:00,calibration,4.4,129,3.83,131,-0.57,-0.5289,0.2563,0.58773
2024-04-26T16:00,calibration,4.18,132,3.94,153,-0.24,-1.31762,-0.7136,1.49845
2024-04-26T17:00,calibration,3.8,125,3.61,166,-0.19,-2.23944,-1.32318,2.60113
2024-04-26T18:00,calibration,4.79,116,4.02,153,-0.77,-2.48018,-1.48205,2.88925
2024-04-26T19:00,calibration,4.74,115,4.7,142,-0.04,-1.40229,-1.70044,2.20407
2024-04-26T20:00,calibration,4.11,116,5.98,128,1.87,1.01826,-1.87995,2.13801
2024-04-26T21:00,calibration,4.34,116,5.24,125,0.9,0.39159,-1.10301,1.17046
2024-04-26T22:00,calibration,4.59,101,5.24,125,0.65,-0.21331,-2.12973,2.14038
2024-04-26T23:00,calibration,3.45,107,4.25,117,0.8,0.48753,-0.92078,1.04188
2024-04-27T00:00,calibration,3.72,96,4.3,102,0.58,0.50641,-0.50517,0.7153
2024-04-27T01:00,calibration,3.21,94,4.03,113,0.82,0.50745,-1.35073,1.44291
2024-04-27T02:00,calibration,3.73,98,4.12,113,0.39,0.09878,-1.0907,1.09516
2024-04-27T03:00,calibration,4.52,118,3.86,127,-0.66,-0.90819,-0.20099,0.93017
2024-04-27T04:00,calibration,4.56,128,3.47,136,-1.09,-1.18286,0.31131,1.22314
2024-04-27T05:00,calibration,2.82,117,4.14,143,1.32,-0.02112,-2.0261,2.02621
2024-04-27T06:00,calibration,3.2,129,3.5,149,0.3,-0.68423,-0.98626,1.20037
2024-04-27T07:00,calibration,2.75,109,3.52,145,0.77,-0.58119,-1.9881,2.07131
2024-04-27T08:00,calibration,2.35,102,2.97,132,0.62,-0.09151,-1.49873,1.50152
2024-04-27T09:00,calibration,3.55,130,3.52,125,-0.03,0.16396,0.26291,0.30984
2024-04-27T10:00,calibration,2.32,97,4.13,122,1.81,1.19973,-1.90583,2.25201
2024-04-27T11:00,calibration,2.96,102,3.69,131,0.73,-0.11044,-1.80544,1.80881
2024-04-27T12:00,calibration,2.45,102,3.28,121,0.83,0.41505,-1.17994,1.25081
2024-04-27T13:00,calibration,3.27,113,2.98,130,-0.29,-0.72724,-0.63782,0.96731
2024-04-27T14:00,calibration,3.04,99,4.0,143,0.96,-0.59531,-2.71898,2.78339
2024-04-27T15:00,calibration,2.72,126,4.05,140,1.33,0.40276,-1.5037,1.55671
2024-04-27T16:00,calibration,3.28,128,3.89,151,0.61,-0.69877,-1.3829,1.54942
2024-04-27T17:00,calibration,3.86,127,4.28,191,0.42,-3.8994,-1.87836,4.32822
2024-04-27T18:00,calibration,2.94,145,5.5,217,2.56,-4.9963,-1.98419,5.37587
2024-04-27T19:00,calibration,3.18,204,5.23,225,2.05,-2.40475,-0.79309,2.53215
2024-04-27T20:00,calibration,3.33,229,5.59,226,2.26,-1.50793,-1.69846,2.27126
2024-04-27T21:00,calibration,3.89,222,5.19,236,1.3,-1.69979,-0.01138,1.69983
2024-04-27T22:00,calibration,2.98,230,4.38,235,1.4,-1.30507,-0.59676,1.43504
2024-04-27T23:00,calibration,2.21,252,3.72,216,1.51,-0.08473,-2.32662,2.32816
2024-04-28T00:00,calibration,3.36,203,2.7,182,-0.66,1.21863,0.39454,1.2809
2024-04-28T01:00,calibration,1.1,185,2.22,172,1.12,0.40484,-1.10258,1.17455
2024-04-28T02:00,calibration,1.92,171,3.13,153,1.21,1.12064,-0.89249,1.43261
2024-04-28T03:00,calibration,0.99,135,2.31,185,1.32,-0.90137,-1.60117,1.83745
2024-04-28T04:00,calibration,1.41,135,2.62,227,1.21,-2.91317,-0.78982,3.01834
2024-04-28T05:00,calibration,1.88,115,2.51,203,0.63,-2.68459,-1.51594,3.08304
2024-04-28T06:00,calibration,1.7,140,2.86,192,1.16,-1.68737,-1.49523,2.25453
2024-04-28T07:00,calibration,2.06,194,2.71,184,0.65,0.30932,-0.70459,0.7695
2024-04-28T08:00,calibration,2.51,209,2.96,192,0.45,0.60145,-0.70002,0.92292
2024-04-28T09:00,calibration,2.06,194,2.94,190,0.88,-0.01217,-0.89653,0.89661
2024-04-28T10:00,calibration,1.63,169,3.1,195,1.47,-1.11336,-1.39432,1.78429
2024-04-28T11:00,calibration,1.39,150,3.14,202,1.75,-1.87126,-1.70758,2.53327
2024-04-28T12:00,calibration,2.0,177,3.32,196,1.32,-1.01979,-1.19413,1.57032
2024-04-28T13:00,calibration,3.72,211,3.54,209,-0.18,0.19972,0.09251,0.2201
2024-04-28T14:00,calibration,4.1,225,4.47,220,0.37,0.02588,-0.52508,0.52572
2024-04-28T15:00,calibration,5.16,238,4.64,233,-0.52,0.67026,-0.05804,0.67277
2024-04-28T16:00,calibration,4.34,232,5.07,248,0.73,-1.28086,0.77272,1.49589
2024-04-28T17:00,calibration,4.64,233,5.37,246,0.73,-1.20007,0.60825,1.34541
2024-04-28T18:00,calibration,5.12,231,5.24,246,0.12,-0.80799,1.09082,1.35748
2024-04-28T19:00,calibration,4.83,230,4.66,247,-0.17,-0.58956,1.28386,1.41275
2024-04-28T20:00,calibration,4.46,228,4.72,249,0.26,-1.09207,1.29283,1.69234
2024-04-28T21:00,calibration,4.76,231,4.61,243,-0.15,-0.40833,0.90267,0.99073
2024-04-28T22:00,calibration,3.22,234,3.94,243,0.72,-0.90553,0.10395,0.91148
2024-04-28T23:00,calibration,3.68,227,2.34,250,-1.34,0.4925,1.70943,1.77896
2024-04-29T00:00,calibration,2.4,197,2.01,243,-0.39,-1.08923,1.38261,1.76012
2024-04-29T01:00,calibration,2.26,193,1.7,208,-0.56,-0.28971,0.70107,0.75857
2024-04-29T02:00,calibration,1.43,205,2.62,220,1.19,-1.07976,-0.71102,1.29284
2024-04-29T03:00,calibration,1.82,171,2.62,227,0.8,-2.20086,0.01076,2.20088
2024-04-29T04:00,calibration,2.04,191,2.34,220,0.3,-1.11487,0.20998,1.13447
2024-04-29T05:00,calibration,1.53,191,2.16,214,0.63,-0.91592,-0.28883,0.96038
2024-04-29T06:00,calibration,1.63,191,2.0,233,0.37,-1.28625,0.39642,1.34596
2024-04-29T07:00,calibration,0.78,230,1.97,240,1.19,-1.10856,-0.48363,1.20946
2024-04-29T08:00,calibration,0.36,236,1.92,231,1.56,-1.19367,-1.00699,1.56169
2024-04-29T09:00,calibration,0.36,304,2.06,247,1.7,-1.59779,-1.00622,1.88822
2024-04-29T10:00,calibration,0.22,63,2.11,239,1.89,-2.00464,-1.18661,2.32951
2024-04-29T11:00,calibration,0.89,63,2.19,223,1.3,-2.28657,-2.00572,3.0416
2024-04-29T12:00,calibration,0.71,225,2.47,212,1.76,-0.80685,-1.59263,1.78536
2024-04-29T13:00,calibration,2.64,233,2.36,234,-0.28,0.19912,0.20162,0.28337
2024-04-29T14:00,calibration,3.98,245,3.0,240,-0.98,1.00903,0.18202,1.02531
2024-04-29T15:00,calibration,3.29,250,3.72,246,0.43,-0.3068,-0.38781,0.4945
2024-04-29T16:00,calibration,3.02,236,4.61,243,1.59,-1.60385,-0.40413,1.65398
2024-04-29T17:00,calibration,2.83,228,4.66,239,1.83,-1.8913,-0.50644,1.95793
2024-04-29T18:00,calibration,3.75,226,4.83,236,1.08,-1.30673,-0.09593,1.31024
2024-04-29T19:00,calibration,3.33,213,4.67,223,1.34,-1.37128,-0.62265,1.50603
2024-04-29T20:00,calibration,3.72,211,5.0,217,1.28,-1.09313,-0.80452,1.35727
2024-04-29T21:00,calibration,3.35,190,4.92,209,1.57,-1.80354,-1.00402,2.06418
2024-04-29T22:00,calibration,3.58,207,3.88,215,0.3,-0.60019,0.01149,0.6003
2024-04-29T23:00,calibration,3.39,225,2.61,212,-0.78,1.014,0.18369,1.03051
2024-04-30T00:00,calibration,1.22,215,1.89,212,0.67,-0.30178,-0.60345,0.6747
2024-04-30T01:00,calibration,0.8,270,2.0,273,1.2,-1.19726,0.10467,1.20183
2024-04-30T02:00,calibration,1.1,265,1.6,266,0.5,-0.50029,-0.01574,0.50054
2024-04-30T03:00,calibration,1.4,266,1.8,273,0.4,-0.40094,0.19186,0.44449
2024-04-30T04:00,calibration,0.45,27,1.36,216,0.91,-1.00368,-1.50122,1.80583
2024-04-30T05:00,calibration,0.81,173,1.44,214,0.63,-0.90395,-0.38985,0.98444
2024-04-30T06:00,calibration,1.14,232,2.95,246,1.81,-1.79663,-0.49802,1.86437
2024-04-30T07:00,calibration,3.26,313,2.46,297,-0.8,0.19234,-1.1065,1.12309
2024-04-30T08:00,calibration,1.44,214,1.75,301,0.31,-0.6948,2.09513,2.20733
2024-04-30T09:00,calibration,2.05,223,0.81,263,-1.24,0.59413,1.40056,1.52137
2024-04-30T10:00,calibration,1.14,255,1.48,208,0.34,0.40634,-1.01171,1.09026
2024-04-30T11:00,calibration,0.82,256,1.75,193,0.93,0.40198,-1.50677,1.55947
2024-04-30T12:00,calibration,1.35,312,2.1,180,0.75,1.00325,-3.00333,3.16646
2024-04-30T13:00,calibration,1.0,276,0.32,162,-0.68,1.09341,-0.40887,1.16735
2024-04-30T14:00,calibration,0.5,180,1.48,208,0.98,-0.69482,-0.80676,1.06472
2024-04-30T15:00,calibration,2.83,238,3.26,227,0.43,0.01576,-0.72364,0.72381
2024-04-30T16:00,calibration,3.81,256,3.59,257,-0.22,0.19884,0.11415,0.22927
2024-04-30T17:00,calibration,6.61,273,4.06,260,-2.55,2.60262,-1.05095,2.8068
2024-04-30T18:00,calibration,2.22,278,3.01,264,0.79,-0.79512,-0.62359,1.01048
2024-04-30T19:00,calibration,3.11,266,2.7,268,-0.41,0.40407,0.12271,0.42229
2024-04-30T20:00,calibration,2.21,265,1.81,264,-0.4,0.40151,0.00342,0.40152
2024-04-30T21:00,calibration,2.66,250,2.02,279,-0.64,0.50445,1.22577,1.32551
2024-04-30T22:00,calibration,1.57,243,1.92,279,0.35,-0.49748,1.01312,1.12867
2024-04-30T23:00,calibration,1.46,286,0.92,283,-0.54,0.50702,-0.19548,0.5434
2024-05-01T00:00,calibration,2.42,353,0.36,146,-2.06,0.49623,-2.70042,2.74563
2024-05-01T01:00,calibration,2.33,10,1.39,300,-0.94,-1.60838,-1.5996,2.26839
2024-05-01T02:00,calibration,1.82,81,1.68,253,-0.14,-3.40418,-0.7759,3.49149
2024-05-01T03:00,calibration,0.7,90,1.75,239,1.05,-2.20004,-0.90132,2.37751
2024-05-01T04:00,calibration,1.44,214,2.19,246,0.75,-1.19543,0.30306,1.23324
2024-05-01T05:00,calibration,0.81,263,1.6,270,0.79,-0.79604,0.09871,0.80213
2024-05-01T06:00,calibration,0.94,212,1.58,305,0.64,-0.79614,1.70342,1.88028
2024-05-01T07:00,calibration,1.06,229,1.14,308,0.08,-0.09834,1.39728,1.40073
2024-05-01T08:00,calibration,0.28,315,1.65,284,1.37,-1.403,0.20118,1.41735
2024-05-01T09:00,calibration,0.78,230,1.39,210,0.61,-0.09749,-0.7024,0.70913
2024-05-01T10:00,calibration,0.45,207,1.63,223,1.18,-0.90736,-0.79115,1.20384
2024-05-01T11:00,calibration,0.67,243,1.03,209,0.36,0.09762,-0.59668,0.60462
2024-05-01T12:00,calibration,0.99,225,1.08,214,0.09,0.09611,-0.19532,0.21769
2024-05-01T13:00,calibration,1.49,228,0.89,243,-0.6,0.31429,0.59295,0.6711
2024-05-01T14:00,calibration,0.9,270,1.14,232,0.24,0.00167,-0.70185,0.70186
2024-05-01T15:00,calibration,0.36,214,1.9,252,1.54,-1.6057,-0.28868,1.63144
2024-05-01T16:00,calibration,2.11,239,2.25,249,0.14,-0.29193,0.2804,0.40478
2024-05-01T17:00,calibration,3.11,237,2.19,227,-0.92,1.0066,0.20025,1.02633
2024-05-01T18:00,calibration,3.68,225,2.66,236,-1.02,0.39691,1.1147,1.18326
2024-05-01T19:00,calibration,3.92,218,3.0,233,-0.92,0.01749,1.28356,1.28368
2024-05-01T20:00,calibration,4.48,209,3.3,235,-1.18,-0.53125,2.02549,2.09401
2024-05-01T21:00,calibration,4.03,224,3.45,240,-0.58,-0.18831,1.17394,1.18895
2024-05-01T22:00,calibration,3.96,227,3.89,252,-0.07,-0.80345,1.49864,1.70042
2024-05-01T23:00,calibration,4.31,226,2.56,239,-1.75,0.90601,1.67548,1.90475
2024-05-02T00:00,calibration,3.83,200,2.14,217,-1.69,0.02205,1.88994,1.89007
2024-05-02T01:00,calibration,2.72,174,2.59,208,-0.13,-1.50025,0.41827,1.55746
2024-05-02T02:00,calibration,2.9,182,3.42,201,0.52,-1.12441,-0.29461,1.16237
2024-05-02T03:00,calibration,3.07,199,3.28,211,0.21,-0.68983,0.09123,0.69584
2024-05-02T04:00,calibration,2.72,197,3.28,218,0.56,-1.22412,0.01647,1.22423
2024-05-02T05:00,calibration,3.81,210,2.97,222,-0.84,-0.08232,1.09242,1.09551
2024-05-02T06:00,calibration,3.11,222,3.06,232,-0.05,-0.33032,0.42726,0.54005
2024-05-02T07:00,calibration,1.44,236,2.75,260,1.31,-1.51441,0.32771,1.54946
2024-05-02T08:00,calibration,0.98,246,2.7,272,1.72,-1.80308,0.49283,1.86922
2024-05-02T09:00,calibration,1.03,209,2.31,288,1.28,-1.69759,1.61469,2.34286
2024-05-02T10:00,calibration,1.08,214,1.62,292,0.54,-0.89811,1.50222,1.75022
2024-05-02T11:00,calibration,1.51,262,1.2,270,-0.31,0.2953,0.21015,0.36245
2024-05-02T12:00,calibration,1.08,338,1.08,304,0.0,-0.49079,-0.39743,0.63152
2024-05-02T13:00,calibration,1.24,346,0.54,292,-0.7,-0.2007,-1.00088,1.0208
2024-05-02T14:00,calibration,1.08,326,0.41,284,-0.67,0.20611,-0.79617,0.82242
2024-05-02T15:00,calibration,1.97,294,0.81,277,-1.16,0.99572,-0.70256,1.21863
2024-05-02T16:00,calibration,1.61,277,1.43,295,-0.18,0.30198,0.40813,0.50771
2024-05-02T17:00,calibration,2.38,292,1.17,290,-1.21,1.10726,-0.4914,1.2114
2024-05-02T18:00,calibration,1.39,240,1.6,274,0.21,-0.39233,0.80661,0.89696
2024-05-02T19:00,calibration,2.1,267,1.48,298,-0.62,0.79036,0.80472,1.12794
2024-05-02T20:00,calibration,2.51,275,1.78,308,-0.73,1.09779,0.87712,1.40516
2024-05-02T21:00,calibration,1.84,283,2.14,323,0.3,0.50496,1.29517,1.39012
2024-05-02T22:00,calibration,2.55,315,2.33,335,-0.22,0.81842,0.30857,0.87466
2024-05-02T23:00,calibration,2.64,331,2.2,3,-0.44,1.39504,-0.11201,1.39953
2024-05-03T00:00,calibration,1.33,13,2.28,23,0.95,0.59168,0.80284,0.99732
2024-05-03T01:00,calibration,1.36,17,2.63,9,1.27,0.0138,1.29705,1.29712
2024-05-03T02:00,calibration,0.8,90,3.58,23,2.78,0.59882,3.29541,3.34937
2024-05-03T03:00,calibration,0.86,36,3.55,40,2.69,1.7764,2.0237,2.69276
2024-05-03T04:00,calibration,2.01,6,2.8,55,0.79,2.08352,-0.39297,2.12026
2024-05-03T05:00,calibration,1.39,69,3.11,48,1.72,1.0135,1.58286,1.87953
2024-05-03T06:00,calibration,1.24,76,2.9,44,1.66,0.81134,1.7861,1.96174
2024-05-03T07:00,calibration,1.89,32,2.75,57,0.86,1.3048,-0.10505,1.30902
2024-05-03T08:00,calibration,1.35,48,2.55,48,1.2,0.89177,0.80296,1.2
2024-05-03T09:00,calibration,1.84,68,2.42,52,0.58,0.20097,0.80062,0.82546
2024-05-03T10:00,calibration,1.48,28,2.42,52,0.94,1.21217,0.18314,1.22592
2024-05-03T11:00,calibration,1.97,60,2.69,68,0.72,0.78805,0.02269,0.78838
2024-05-03T12:00,calibration,2.0,53,2.67,77,0.67,1.0043,-0.60301,1.17142
2024-05-03T13:00,calibration,2.02,99,2.21,95,0.19,0.20646,0.12338,0.24052
2024-05-03T14:00,calibration,2.6,88,2.06,119,-0.54,-0.7967,-1.08945,1.34968
2024-05-03T15:00,calibration,2.12,135,2.36,144,0.24,-0.11189,-0.41021,0.4252
2024-05-03T16:00,calibration,2.02,160,2.82,157,0.8,0.41098,-0.69764,0.8097
2024-05-03T17:00,calibration,2.41,175,2.53,171,0.12,0.18573,-0.09802,0.21001
2024-05-03T18:00,calibration,1.41,172,2.31,162,0.9,0.5176,-0.80066,0.9534
2024-05-03T19:00,calibration,3.36,203,1.77,164,-1.59,1.80073,1.39146,2.2757
2024-05-03T20:00,calibration,2.53,261,4.74,224,2.21,-0.79383,-3.01389,3.11668
2024-05-03T21:00,calibration,5.92,292,2.38,22,-3.54,6.38049,-0.01097,6.3805
2024-05-03T22:00,calibration,2.72,306,1.02,281,-1.7,1.19927,-1.40415,1.84659
2024-05-03T23:00,calibration,3.07,19,2.44,251,-0.63,-3.30656,-3.69713,4.96005
2024-05-04T00:00,calibration,1.02,101,1.49,20,0.47,-0.49165,1.59477,1.66883
2024-05-04T01:00,calibration,0.41,104,2.28,142,1.87,1.00589,-1.69748,1.97313
2024-05-04T02:00,calibration,1.04,343,0.3,360,-0.74,0.30407,-0.69456,0.7582
2024-05-04T03:00,calibration,2.69,75,1.58,145,-1.11,-1.69209,-1.99048,2.61251
2024-05-04T04:00,calibration,1.41,98,2.1,115,0.69,0.50697,-0.69126,0.85724
2024-05-04T05:00,calibration,1.3,122,1.84,139,0.54,0.10469,-0.69977,0.70756
2024-05-04T06:00,calibration,2.78,128,2.7,129,-0.08,-0.09238,0.01237,0.0932
2024-05-04T07:00,calibration,2.0,127,2.62,133,0.62,0.31888,-0.58321,0.66469
2024-05-04T08:00,calibration,0.6,90,2.98,140,2.38,1.31551,-2.28281,2.63473
2024-05-04T09:00,calibration,1.84,112,2.94,125,1.1,0.70229,-0.99704,1.21955
2024-05-04T10:00,calibration,2.15,112,2.44,109,0.29,0.31362,0.01102,0.31381
2024-05-04T11:00,calibration,2.86,115,2.16,103,-0.7,-0.4874,0.72279,0.87177
2024-05-04T12:00,calibration,2.38,112,2.26,103,-0.12,-0.00462,0.38317,0.3832
2024-05-04T13:00,calibration,2.83,98,3.26,117,0.43,0.10222,-1.08615,1.09095
2024-05-04T14:00,calibration,3.61,109,3.69,123,0.08,-0.31863,-0.83442,0.89318
2024-05-04T15:00,calibration,3.35,100,4.12,129,0.77,-0.09726,-2.01108,2.01343
2024-05-04T16:00,calibration,2.6,106,3.06,128,0.46,-0.08797,-1.16727,1.17058
2024-05-04T17:00,calibration,3.26,101,2.88,124,-0.38,-0.81248,-0.98844,1.2795
2024-05-04T18:00,calibration,3.14,81,3.35,107,0.21,0.10228,-1.47065,1.4742
2024-05-04T19:00,calibration,3.92,84,3.09,115,-0.83,-1.09803,-1.71564,2.03694
2024-05-04T20:00,calibration,3.82,84,3.92,109,0.1,-0.09264,-1.67553,1.67809
2024-05-04T21:00,calibration,3.18,77,5.4,129,2.22,1.09809,-4.11367,4.25771
2024-05-04T22:00,calibration,4.1,87,4.9,129,0.8,-0.28637,-3.29825,3.31066
2024-05-04T23:00,calibration,3.26,101,4.2,128,0.94,0.10954,-1.96374,1.96679
2024-05-05T00:00,calibration,3.41,85,4.27,123,0.86,0.1841,-2.62281,2.62926
2024-05-05T01:00,calibration,2.5,74,3.85,115,1.35,1.08613,-2.31617,2.55819
2024-05-05T02:00,calibration,1.92,81,4.0,122,2.08,1.49583,-2.42003,2.84501
2024-05-05T03:00,calibration,1.87,74,4.18,132,2.31,1.30879,-3.31241,3.5616
2024-05-05T04:00,calibration,1.81,96,4.1,135,2.29,1.09905,-2.70994,2.92433
2024-05-05T05:00,calibration,1.84,45,3.97,139,2.13,1.30348,-4.29727,4.49061
2024-05-05T06:00,calibration,1.79,63,3.84,141,2.05,0.82169,-3.79688,3.88478
2024-05-05T07:00,calibration,2.16,77,3.7,142,1.54,0.17331,-3.40153,3.40595
2024-05-05T08:00,calibration,2.11,85,3.42,142,1.31,0.00359,-2.8789,2.8789
2024-05-05T09:00,calibration,1.17,121,3.58,153,2.41,0.6224,-2.58721,2.66102
2024-05-05T10:00,calibration,1.84,68,3.62,156,1.78,-0.23363,-3.99631,4.00313
2024-05-05T11:00,calibration,1.56,45,3.79,168,2.23,-0.3151,-4.81027,4.82058
2024-05-05T12:00,calibration,1.6,90,4.3,180,2.7,-1.6,-4.3,4.58803
2024-05-05T13:00,calibration,1.0,90,3.51,177,2.51,-0.8163,-3.50519,3.59899
2024-05-05T14:00,calibration,1.93,111,2.65,169,0.72,-1.29617,-1.90966,2.308
2024-05-05T15:00,calibration,3.81,166,3.03,172,-0.78,-0.50003,0.69631,0.85725
2024-05-05T16:00,calibration,3.55,202,3.77,202,0.22,-0.08241,-0.20398,0.22
2024-05-05T17:00,calibration,3.05,238,3.44,216,0.39,0.56457,-1.16676,1.29618
2024-05-05T18:00,calibration,2.47,238,3.47,229,1.0,-0.52416,-0.96762,1.10047
2024-05-05T19:00,calibration,3.19,221,3.7,251,0.51,-1.40559,1.20292,1.85006
2024-05-05T20:00,calibration,2.15,242,1.92,279,-0.23,0.00198,1.30972,1.30972
2024-05-05T21:00,calibration,2.3,270,2.1,267,-0.2,0.20288,-0.10991,0.23074
2024-05-05T22:00,calibration,3.58,330,1.86,234,-1.72,0.28523,-4.19365,4.20334
2024-05-05T23:00,calibration,2.55,349,1.14,142,-1.41,1.18842,-3.40148,3.60311
2024-05-06T00:00,calibration,4.53,227,1.93,111,-2.6,5.11484,2.3978,5.64899
2024-05-06T01:00,calibration,1.53,79,1.73,80,0.2,0.20183,0.00847,0.20201
2024-05-06T02:00,calibration,1.17,160,1.43,245,0.26,-1.69618,0.4951,1.76696
2024-05-06T03:00,calibration,0.5,323,1.86,234,1.36,-1.20386,-1.4926,1.91759
2024-05-06T04:00,calibration,1.58,305,1.12,333,-0.46,0.78579,0.09168,0.79112
2024-05-06T05:00,calibration,0.54,22,0.94,58,0.4,0.59488,-0.00256,0.59488
2024-05-06T06:00,calibration,0.5,90,1.32,351,0.82,-0.70649,1.30375,1.48287
2024-05-06T07:00,calibration,0.82,166,0.81,330,-0.01,-0.60338,1.49712,1.61414
2024-05-06T08:00,calibration,0.73,286,0.61,9,-0.12,0.79715,0.40127,0.89245
2024-05-06T09:00,calibration,0.22,117,0.82,346,0.6,-0.3944,0.89552,0.97852
2024-05-06T10:00,calibration,0.2,360,1.53,328,1.33,-0.81078,1.09751,1.36451
2024-05-06T11:00,calibration,0.32,342,1.3,337,0.98,-0.40907,0.89232,0.98161
2024-05-06T12:00,calibration,1.51,82,1.61,30,0.1,-0.6903,1.18415,1.37067
2024-05-06T13:00,calibration,1.3,67,1.64,38,0.34,-0.18697,0.78439,0.80636
2024-05-06T14:00,calibration,1.68,73,2.12,45,0.44,-0.10753,1.00788,1.0136
2024-05-06T15:00,calibration,1.41,45,2.1,65,0.69,0.90623,-0.10952,0.91282
2024-05-06T16:00,calibration,0.7,90,1.68,73,0.98,0.90659,0.49118,1.0311
2024-05-06T17:00,calibration,0.61,261,0.61,81,0.0,1.20498,0.19085,1.22
2024-05-06T18:00,calibration,0.5,270,0.54,248,0.04,-0.00068,-0.20229,0.20229
2024-05-06T19:00,calibration,1.34,297,0.73,254,-0.61,0.49223,-0.80956,0.94746
2024-05-06T20:00,calibration,1.43,295,1.28,309,-0.15,0.30127,0.20119,0.36227
2024-05-06T21:00,calibration,0.54,292,1.66,327,1.12,-0.40342,1.18991,1.25643
2024-05-06T22:00,calibration,0.32,288,2.1,357,1.78,0.19443,1.99824,2.00767
2024-05-06T23:00,calibration,1.02,281,1.3,4,0.28,1.09194,1.10221,1.55152
2024-05-07T00:00,calibration,1.6,176,0.9,360,-0.7,-0.11161,2.4961,2.4986
2024-05-07T01:00,calibration,1.81,276,1.35,318,-0.46,0.89676,0.81405,1.21114
2024-05-07T02:00,calibration,1.41,135,0.92,319,-0.49,-1.60059,1.69135,2.32864
2024-05-07T03:00,calibration,0.81,120,1.4,180,0.59,-0.70148,-0.995,1.21742
2024-05-07T04:00,calibration,1.53,349,1.03,331,-0.5,-0.20742,-0.60103,0.63581
2024-05-07T05:00,calibration,1.61,7,1.1,360,-0.51,-0.19621,-0.498,0.53526
2024-05-07T06:00,calibration,0.64,321,1.39,21,0.75,0.9009,0.8003,1.20503
2024-05-07T07:00,calibration,0.72,236,1.77,16,1.05,1.08479,2.10405,2.36723
2024-05-07T08:00,calibration,0.76,293,1.35,42,0.59,1.60291,0.70629,1.75162
2024-05-07T09:00,calibration,1.51,188,1.39,69,-0.12,1.50783,1.99344,2.49947
2024-05-07T10:00,calibration,1.7,357,1.22,55,-0.48,1.08834,-0.99791,1.47658
2024-05-07T11:00,calibration,1.14,308,0.89,63,-0.25,1.69133,-0.2978,1.71735
2024-05-07T12:00,calibration,0.95,342,0.71,135,-0.24,0.79561,-1.40555,1.61511
2024-05-07T13:00,calibration,0.98,246,0.22,117,-0.76,1.0913,0.29872,1.13144
2024-05-07T14:00,calibration,1.52,157,0.1,90,-1.42,-0.49391,1.39917,1.48378
2024-05-07T15:00,calibration,0.6,180,0.81,150,0.21,0.405,-0.10148,0.41752
2024-05-07T16:00,calibration,0.73,254,1.56,220,0.83,-0.30103,-0.99381,1.0384
2024-05-07T17:00,calibration,1.02,281,2.06,231,1.04,-0.59966,-1.49103,1.60709
2024-05-07T18:00,calibration,1.34,207,1.7,230,0.36,-0.69393,0.10121,0.70127
2024-05-07T19:00,calibration,2.22,188,2.27,221,0.05,-1.18029,0.4852,1.27613
2024-05-07T20:00,calibration,3.05,212,2.69,228,-0.36,-0.38281,0.78659,0.87479
2024-05-07T21:00,calibration,3.93,195,2.41,222,-1.52,-0.59545,2.00511,2.09165
2024-05-07T22:00,calibration,3.67,206,2.92,211,-0.75,0.10491,0.79565,0.80253
2024-05-07T23:00,calibration,1.7,208,2.77,206,1.07,-0.41619,-0.98865,1.07268
2024-05-08T00:00,calibration,2.31,198,1.7,180,-0.61,0.71383,0.49694,0.86977
2024-05-08T01:00,calibration,0.64,231,2.52,187,1.88,0.19026,-2.09845,2.10706
2024-05-08T02:00,calibration,0.98,114,2.7,180,1.72,-0.89527,-2.3014,2.4694
2024-05-08T03:00,calibration,1.89,148,3.2,180,1.31,-1.00155,-1.59719,1.88523
2024-05-08T04:00,calibration,1.27,135,3.64,196,2.37,-1.90135,-2.60097,3.22182
2024-05-08T05:00,calibration,2.4,182,3.73,200,1.33,-1.19198,-1.10652,1.6264
2024-05-08T06:00,calibration,1.89,122,5.38,223,3.49,-5.27196,-2.93314,6.03298
2024-05-08T07:00,calibration,4.37,250,4.06,232,-0.31,0.90713,-1.00496,1.35382
2024-05-08T08:00,calibration,1.75,156,4.57,241,2.82,-4.7088,-0.61688,4.74904
2024-05-08T09:00,calibration,2.38,202,4.97,245,2.59,-3.61279,0.10628,3.61435
2024-05-08T10:00,calibration,1.49,228,3.98,242,2.49,-2.40685,-0.87149,2.55977
2024-05-08T11:00,calibration,2.15,242,3.96,254,1.81,-1.90826,-0.08216,1.91003
2024-05-08T12:00,calibration,3.58,247,4.44,256,0.86,-1.01271,0.32468,1.06348
2024-05-08T13:00,calibration,5.04,256,4.33,263,-0.71,0.59257,0.69159,0.91073
2024-05-08T14:00,calibration,5.41,258,5.04,277,-0.37,0.28935,1.73902,1.76293
2024-05-08T15:00,calibration,4.62,252,4.44,278,-0.18,-0.00291,2.04559,2.04559
2024-05-08T16:00,calibration,4.32,265,4.31,274,-0.01,0.00406,0.67716,0.67718
2024-05-08T17:00,calibration,5.82,265,5.61,274,-0.21,0.20152,0.89858,0.9209
2024-05-08T18:00,calibration,6.48,253,5.51,266,-0.97,0.70028,1.51021,1.66467
2024-05-08T19:00,calibration,5.43,257,6.1,271,0.67,-0.80824,1.32794,1.55457
2024-05-08T20:00,calibration,4.8,268,6.33,282,1.53,-1.3946,1.4836,2.03617
2024-05-08T21:00,calibration,5.01,273,5.5,289,0.49,-0.19722,1.52842,1.54109
2024-05-08T22:00,calibration,5.43,283,4.46,290,-0.97,1.0998,0.30393,1.14102
2024-05-08T23:00,calibration,4.59,290,3.36,307,-1.23,1.62977,0.45223,1.69135
2024-05-09T00:00,calibration,2.32,277,2.51,293,0.19,-0.00776,0.698,0.69804
2024-05-09T01:00,calibration,1.04,287,2.2,300,1.16,-0.9107,0.79593,1.2095
2024-05-09T02:00,calibration,1.42,231,2.25,291,0.83,-0.99701,1.69996,1.97076
2024-05-09T03:00,calibration,0.6,270,2.02,303,1.42,-1.09411,1.10017,1.5516
2024-05-09T04:00,calibration,1.14,232,1.56,310,0.42,-0.2967,1.7046,1.73023
2024-05-09T05:00,calibration,1.3,4,1.53,349,0.23,-0.38262,0.20506,0.4341
2024-05-09T06:00,calibration,1.24,76,2.38,22,1.14,-0.3116,1.90671,1.93201
2024-05-09T07:00,calibration,1.21,156,2.69,42,1.48,1.30781,3.10445,3.36868
2024-05-09T08:00,calibration,0.57,315,2.84,51,2.27,2.61015,1.38422,2.95447
2024-05-09T09:00,calibration,1.61,7,2.84,51,1.23,2.01088,0.18927,2.01977
2024-05-09T10:00,calibration,1.02,79,1.92,81,0.9,0.8951,0.10573,0.90132
2024-05-09T11:00,calibration,1.02,11,2.47,76,1.45,2.20201,-0.40371,2.23871
2024-05-09T12:00,calibration,1.78,52,1.88,65,0.1,0.3012,-0.30136,0.42607
2024-05-09T13:00,calibration,2.12,19,2.82,27,0.7,0.59005,0.50814,0.77869
2024-05-09T14:00,calibration,1.43,25,2.59,28,1.16,0.61159,0.99081,1.16437
2024-05-09T15:00,calibration,3.85,9,2.83,42,-1.02,1.29137,-1.6995,2.13446
2024-05-09T16:00,calibration,2.77,64,2.06,104,-0.71,-0.49085,-1.71265,1.7816
2024-05-09T17:00,calibration,3.36,30,3.2,90,-0.16,1.52,-2.90985,3.28293
2024-05-09T18:00,calibration,4.03,44,4.4,87,0.37,1.5945,-2.66866,3.10873
2024-05-09T19:00,calibration,3.11,33,3.67,64,0.56,1.60475,-0.99944,1.89053
2024-05-09T20:00,calibration,2.7,51,4.02,55,1.32,1.1947,0.60661,1.33988
2024-05-09T21:00,calibration,3.37,12,4.38,35,1.01,1.8116,0.29153,1.83491
2024-05-09T22:00,calibration,6.24,22,5.31,43,-0.93,1.28387,-1.90214,2.29487
2024-05-09T23:00,calibration,3.8,27,5.16,54,1.36,2.44936,-0.35285,2.47465
2024-05-10T00:00,calibration,4.08,31,5.26,51,1.18,1.98643,-0.18702,1.99522
2024-05-10T01:00,calibration,2.92,31,5.36,14,2.44,-0.20721,2.69786,2.7058
2024-05-10T02:00,calibration,3.78,53,5.78,37,2.0,0.45965,2.34125,2.38595
2024-05-10T03:00,calibration,2.51,23,5.19,28,2.68,1.45582,2.27203,2.69843
2024-05-10T04:00,calibration,3.34,9,5.22,32,1.88,2.24369,1.12793,2.51125
2024-05-10T05:00,calibration,3.96,21,4.34,29,0.38,0.68494,0.09887,0.69204
2024-05-10T06:00,calibration,3.38,19,3.92,19,0.54,0.17581,0.51058,0.54
2024-05-10T07:00,calibration,3.03,8,3.89,18,0.86,0.78038,0.6991,1.04773
2024-05-10T08:00,calibration,2.42,7,3.62,28,1.2,1.40456,0.79431,1.61361
2024-05-10T09:00,calibration,1.9,3,2.9,2,1.0,0.00177,1.00084,1.00084
2024-05-10T10:00,calibration,1.87,344,2.98,346,1.11,-0.20549,1.09392,1.11305
2024-05-10T11:00,calibration,2.86,348,2.94,350,0.08,0.0841,0.09783,0.12901
2024-05-10T12:00,calibration,2.4,358,4.08,343,1.68,-1.10912,1.50319,1.86808
2024-05-10T13:00,calibration,3.22,330,3.34,351,0.12,1.08751,0.51028,1.20127
2024-05-10T14:00,calibration,3.23,338,2.86,335,-0.37,0.00129,-0.40276,0.40277
2024-05-10T15:00,calibration,3.45,343,3.55,350,0.1,0.39223,0.19682,0.43884
2024-05-10T16:00,calibration,3.85,351,3.72,6,-0.13,0.99112,-0.10298,0.99645
2024-05-10T17:00,calibration,3.91,356,3.5,2,-0.41,0.3949,-0.40261,0.56395
2024-05-10T18:00,calibration,3.8,360,3.92,354,0.12,-0.40975,0.09853,0.42143
2024-05-10T19:00,calibration,2.5,360,3.77,338,1.27,-1.41227,0.99548,1.72786
2024-05-10T20:00,calibration,3.4,332,3.32,339,-0.08,0.40642,0.09747,0.41795
2024-05-10T21:00,calibration,2.4,2,2.69,338,0.29,-1.09145,0.09559,1.09563
2024-05-10T22:00,calibration,0.85,339,3.07,341,2.22,-0.69488,2.1092,2.22072
2024-05-10T23:00,calibration,2.06,14,2.7,321,0.64,-2.19752,0.09948,2.19977
2024-05-11T00:00,calibration,1.0,360,1.7,310,0.7,-1.30228,0.09274,1.30557
2024-05-11T01:00,calibration,1.7,90,1.66,115,-0.04,-0.19553,-0.70155,0.72828
2024-05-11T02:00,calibration,1.88,155,1.84,131,-0.04,0.59414,0.49671,0.77442
2024-05-11T03:00,calibration,0.67,297,2.12,188,1.45,0.30193,-2.40354,2.42243
2024-05-11T04:00,calibration,1.0,37,2.1,205,1.1,-1.48931,-2.70188,3.08516
2024-05-11T05:00,calibration,0.81,120,2.01,207,1.2,-1.614,-1.38592,2.12739
2024-05-11T06:00,calibration,1.5,86,2.04,191,0.54,-1.8856,-2.10715,2.82764
2024-05-11T07:00,calibration,0.42,45,1.55,195,1.13,-0.69815,-1.79417,1.92522
2024-05-11T08:00,calibration,1.8,34,1.65,194,-0.15,-1.40572,-3.09326,3.39769
2024-05-11T09:00,calibration,0.76,67,1.55,195,0.79,-1.10075,-1.79414,2.1049
2024-05-11T10:00,calibration,1.89,58,1.63,191,-0.26,-1.91383,-2.6016,3.22972
2024-05-11T11:00,calibration,0.91,84,2.24,190,1.33,-1.29399,-2.30109,2.63997
2024-05-11T12:00,calibration,2.2,120,2.21,175,0.01,-1.71264,-1.10159,2.03633
2024-05-11T13:00,calibration,2.7,141,2.77,167,0.07,-1.07605,-0.60071,1.23237
2024-05-11T14:00,calibration,3.61,175,4.1,179,0.49,-0.24308,-0.50311,0.55876
2024-05-11T15:00,calibration,3.74,164,4.62,202,0.88,-2.76157,-0.68847,2.84609
2024-05-11T16:00,calibration,3.93,187,5.34,218,1.41,-2.80869,-0.30727,2.82544
2024-05-11T17:00,calibration,3.22,240,3.78,233,0.56,-0.23024,-0.66486,0.7036
2024-05-11T18:00,calibration,2.94,215,3.76,209,0.82,-0.13657,-0.88026,0.89079
2024-05-11T19:00,calibration,4.03,187,5.19,214,1.16,-2.41108,-0.30274,2.43001
2024-05-11T20:00,calibration,4.44,194,4.33,220,-0.11,-1.70914,0.99114,1.97573
2024-05-11T21:00,calibration,4.25,204,4.75,240,0.5,-2.38499,1.50757,2.82151
2024-05-11T22:00,calibration,1.57,297,2.1,270,0.53,-0.70112,-0.71277,0.9998
2024-05-11T23:00,calibration,2.42,232,2.5,217,0.08,0.40245,-0.50669,0.64707
2024-05-12T00:00,calibration,1.04,287,3.91,267,2.87,-2.91008,-0.5087,2.95421
2024-05-12T01:00,calibration,1.7,90,2.6,270,0.9,-4.3,-0.0,4.3
2024-05-12T02:00,calibration,1.14,255,3.3,284,2.16,-2.10082,1.0934,2.36832
2024-05-12T03:00,calibration,3.01,274,3.42,277,0.41,-0.39184,0.20683,0.44308
2024-05-12T04:00,calibration,2.6,254,3.2,268,0.6,-0.69877,0.60498,0.92427
2024-05-12T05:00,calibration,1.77,254,3.13,253,1.36,-1.2918,-0.42725,1.36062
2024-05-12T06:00,calibration,2.4,225,3.23,248,0.83,-1.29775,0.48708,1.38614
2024-05-12T07:00,calibration,2.13,229,3.77,259,1.64,-2.0932,0.67806,2.20029
2024-05-12T08:00,calibration,2.13,229,3.82,264,1.69,-2.19154,0.99811,2.40813
2024-05-12T09:00,calibration,2.12,251,4.0,269,1.88,-1.99489,0.62039,2.08913
2024-05-12T10:00,calibration,2.16,257,3.9,271,1.74,-1.79477,0.55396,1.87831
2024-05-12T11:00,calibration,2.53,261,3.92,276,1.39,-1.39967,0.80553,1.61492
2024-05-12T12:00,calibration,3.6,270,5.24,299,1.64,-0.98301,2.5404,2.72396
2024-05-12T13:00,calibration,3.22,277,4.75,300,1.53,-0.91762,1.98258,2.18464
2024-05-12T14:00,calibration,4.12,293,5.17,313,1.05,0.01138,1.91612,1.91615
2024-05-12T15:00,calibration,3.45,292,4.74,314,1.29,-0.21089,2.00029,2.01137
2024-05-12T16:00,calibration,3.11,276,5.28,307,2.17,-1.12383,2.8525,3.0659
2024-05-12T17:00,calibration,3.94,294,5.83,309,1.89,-0.93139,2.0664,2.2666
2024-05-12T18:00,calibration,2.88,304,5.06,308,2.18,-1.59971,1.50477,2.19622
2024-05-12T19:00,calibration,3.2,309,4.62,309,1.42,-1.10355,0.89363,1.42
2024-05-12T20:00,calibration,3.18,298,4.26,309,1.08,-0.50287,1.18799,1.29003
2024-05-12T21:00,calibration,3.08,306,4.06,308,0.98,-0.70755,0.68921,0.98774
2024-05-12T22:00,calibration,2.34,310,2.92,308,0.58,-0.50845,0.29361,0.58713
2024-05-12T23:00,calibration,1.58,342,2.47,291,0.89,-1.8177,-0.6175,1.91972
2024-05-13T00:00,calibration,1.71,69,1.79,297,0.08,-3.19132,0.19983,3.19757
2024-05-13T01:00,calibration,2.24,80,1.94,125,-0.3,-0.61681,-1.50171,1.62345
2024-05-13T02:00,calibration,1.49,110,2.0,143,0.51,-0.19651,-1.08766,1.10527
2024-05-13T03:00,calibration,1.14,128,2.51,157,1.37,0.0824,-1.60861,1.61072
2024-05-13T04:00,calibration,1.72,144,2.57,167,0.85,-0.43287,-1.11262,1.19386
2024-05-13T05:00,calibration,0.95,108,2.47,166,1.52,-0.30596,-2.10306,2.1252
2024-05-13T06:00,calibration,1.36,54,2.41,175,1.05,-0.89022,-3.20022,3.32173
2024-05-13T07:00,calibration,1.89,32,2.61,184,0.72,-1.18361,-4.20645,4.3698
2024-05-13T08:00,calibration,1.44,56,2.6,182,1.16,-1.28455,-3.40365,3.63799
2024-05-13T09:00,calibration,2.33,31,2.82,186,0.49,-1.49481,-4.80175,5.02904
2024-05-13T10:00,calibration,2.72,36,2.73,188,0.01,-1.97872,-4.90396,5.28811
2024-05-13T11:00,calibration,2.06,23,2.84,190,0.78,-1.29807,-4.69309,4.8693
2024-05-13T12:00,calibration,0.94,122,2.22,188,1.28,-1.10613,-1.70027,2.02841
2024-05-13T13:00,calibration,1.2,185,2.4,180,1.2,0.10459,-1.20457,1.2091
2024-05-13T14:00,calibration,3.11,213,2.7,180,-0.41,1.69383,-0.09173,1.69631
2024-05-13T15:00,calibration,3.37,192,3.35,190,-0.02,0.11894,-0.00275,0.11897
2024-05-13T16:00,calibration,4.31,202,3.73,200,-0.58,0.33882,0.49111,0.59665
2024-05-13T17:00,calibration,3.31,205,3.72,204,0.41,-0.11419,-0.39851,0.41455
2024-05-13T18:00,calibration,3.7,218,3.94,207,0.24,0.48922,-0.59493,0.77025
2024-05-13T19:00,calibration,2.98,220,3.99,202,1.01,0.42083,-1.41665,1.47783
2024-05-13T20:00,calibration,4.02,215,3.69,193,-0.33,1.47571,-0.30243,1.50638
2024-05-13T21:00,calibration,2.82,197,3.91,193,1.09,-0.05507,-1.11301,1.11437
2024-05-13T22:00,calibration,3.0,206,3.57,191,0.57,0.63393,-0.80803,1.02702
2024-05-13T23:00,calibration,3.61,222,2.94,190,-0.67,1.90504,-0.21258,1.91686
2024-05-14T00:00,calibration,1.63,223,2.43,189,0.8,0.73152,-1.20798,1.41221
2024-05-14T01:00,calibration,1.55,165,2.51,203,0.96,-1.3819,-0.81328,1.60346
2024-05-14T02:00,calibration,1.75,193,2.94,215,1.19,-1.29265,-0.70316,1.47152
2024-05-14T03:00,calibration,2.11,175,2.86,205,0.75,-1.39259,-0.49007,1.4763
2024-05-14T04:00,calibration,1.94,192,3.54,188,1.6,-0.08932,-1.60794,1.61042
2024-05-14T05:00,calibration,1.1,180,3.83,195,2.73,-0.99128,-2.5995,2.78209
2024-05-14T06:00,calibration,0.6,90,3.76,197,3.16,-1.69932,-3.59571,3.97703
2024-05-14T07:00,calibration,1.08,34,3.32,196,2.24,-1.51904,-4.08675,4.35993
2024-05-14T08:00,calibration,0.71,45,3.1,195,2.39,-1.30438,-3.49642,3.7318
2024-05-14T09:00,calibration,1.46,74,2.72,197,1.26,-2.19869,-3.00358,3.72233
2024-05-14T10:00,calibration,1.79,63,2.0,180,0.21,-1.5949,-2.81264,3.23337
2024-05-14T11:00,calibration,1.36,73,2.16,167,0.8,-0.81468,-2.50226,2.63155
2024-05-14T12:00,calibration,2.41,132,1.96,165,-0.45,-1.28369,-0.28061,1.31401
2024-05-14T13:00,calibration,1.75,114,1.03,119,-0.72,-0.69785,0.21244,0.72946
2024-05-14T14:00,calibration,2.59,118,1.7,140,-0.89,-1.1941,-0.08634,1.19721
2024-05-14T15:00,calibration,1.66,147,2.3,178,0.64,-0.82383,-0.90641,1.22486
2024-05-14T16:00,calibration,1.98,131,3.2,166,1.22,-0.72017,-1.80595,1.94425
2024-05-14T17:00,calibration,1.72,144,3.8,180,2.08,-1.01099,-2.40849,2.61207
2024-05-14T18:00,calibration,2.0,127,3.1,180,1.1,-1.59727,-1.89637,2.47941
2024-05-14T19:00,calibration,1.17,121,2.94,190,1.77,-1.51341,-2.29274,2.74719
2024-05-14T20:00,calibration,2.18,106,1.65,194,-0.53,-2.49472,-1.0001,2.68772
2024-05-14T21:00,calibration,2.32,83,1.0,180,-1.32,-2.30271,-1.28274,2.63588
2024-05-14T22:00,calibration,1.9,90,0.71,135,-1.19,-1.39795,-0.50205,1.48537
2024-05-14T23:00,calibration,1.14,105,1.13,135,-0.01,-0.30212,-0.50398,0.5876
2024-05-15T00:00,calibration,1.8,56,1.53,101,-0.27,0.00962,-1.29848,1.29852
2024-05-15T01:00,calibration,1.25,29,2.34,50,1.09,1.18653,0.41085,1.25565
2024-05-15T02:00,calibration,1.97,24,1.88,65,-0.09,0.90259,-1.00516,1.35093
2024-05-15T03:00,calibration,0.85,45,2.32,97,1.47,1.70167,-0.88378,1.91748
2024-05-15T04:00,calibration,1.56,45,1.3,113,-0.26,0.09357,-1.61104,1.61375
2024-05-15T05:00,calibration,1.0,84,1.56,130,0.56,0.20051,-1.10728,1.12528
2024-05-15T06:00,calibration,0.91,96,2.06,113,1.15,0.99123,-0.70979,1.21915
2024-05-15T07:00,calibration,0.98,66,1.26,108,0.28,0.30306,-0.78796,0.84423
2024-05-15T08:00,calibration,1.58,18,1.08,56,-0.5,0.40711,-0.89874,0.98665
2024-05-15T09:00,calibration,1.34,27,1.91,96,0.57,1.29119,-1.3936,1.89981
2024-05-15T10:00,calibration,1.33,13,1.3,67,-0.03,0.89747,-0.78796,1.19429
2024-05-15T11:00,calibration,0.54,112,2.02,99,1.48,1.49445,-0.11371,1.49877
2024-05-15T12:00,calibration,1.77,74,2.31,95,0.54,0.59978,-0.68921,0.91364
2024-05-15T13:00,calibration,1.66,115,2.75,123,1.09,0.80187,-0.79621,1.13002
2024-05-15T14:00,calibration,1.49,70,3.28,121,1.79,1.41137,-2.19893,2.6129
2024-05-15T15:00,calibration,2.47,69,2.42,114,-0.05,-0.09516,-1.86947,1.87189
2024-05-15T16:00,calibration,2.57,77,2.21,95,-0.36,-0.30254,-0.77074,0.82799
2024-05-15T17:00,calibration,2.65,79,2.1,90,-0.55,-0.50131,-0.50564,0.71203
2024-05-15T18:00,calibration,3.2,104,1.75,77,-1.45,-1.3998,1.16781,1.82297
2024-05-15T19:00,calibration,2.97,45,1.94,55,-1.03,-0.51095,-0.98737,1.11174
2024-05-15T20:00,calibration,1.58,72,2.05,47,0.47,-0.00339,0.90985,0.90986
2024-05-15T21:00,calibration,2.62,47,2.55,45,-0.07,-0.11302,0.01629,0.11419
2024-05-15T22:00,calibration,1.7,45,2.82,6,1.12,-0.90731,1.60247,1.8415
2024-05-15T23:00,calibration,2.92,22,1.91,6,-1.01,-0.8942,-0.80784,1.20507
2024-05-16T00:00,calibration,3.55,22,2.09,17,-1.46,-0.7188,-1.29283,1.47921
2024-05-16T01:00,calibration,1.35,48,2.8,360,1.45,-1.00325,1.89667,2.14566
2024-05-16T02:00,calibration,0.22,153,2.61,32,2.39,1.28321,2.40943,2.72983
2024-05-16T03:00,calibration,0.98,24,3.48,39,2.5,1.79143,1.80919,2.54606
2024-05-16T04:00,calibration,2.02,70,2.34,70,0.32,0.3007,0.10945,0.32
2024-05-16T05:00,calibration,0.82,76,1.81,84,0.99,1.00444,-0.00918,1.00448
2024-05-16T06:00,calibration,0.63,18,1.52,67,0.89,1.20449,-0.00525,1.2045
2024-05-16T07:00,calibration,0.98,24,0.71,352,-0.27,-0.49741,-0.19218,0.53325
2024-05-16T08:00,calibration,0.14,135,1.51,352,1.37,-0.30915,1.5943,1.624
2024-05-16T09:00,calibration,0.91,276,1.81,6,0.9,1.09421,1.70496,2.02588
2024-05-16T10:00,calibration,1.06,311,1.51,8,0.45,1.01014,0.79988,1.28849
2024-05-16T11:00,calibration,1.13,315,1.48,28,0.35,1.49385,0.50773,1.57778
2024-05-16T12:00,calibration,1.46,16,0.89,27,-0.57,0.00162,-0.61045,0.61045
2024-05-16T13:00,calibration,1.6,360,0.58,59,-1.02,0.49716,-1.30128,1.39301
2024-05-16T14:00,calibration,1.42,51,0.4,90,-1.02,-0.70355,-0.89363,1.13735
2024-05-16T15:00,calibration,1.17,329,0.2,90,-0.97,0.80259,-1.00289,1.2845
2024-05-16T16:00,calibration,2.15,338,1.17,329,-0.98,0.20281,-0.99056,1.01111
2024-05-16T17:00,calibration,2.61,356,1.22,351,-1.39,-0.00879,-1.39866,1.39869
2024-05-16T18:00,calibration,2.76,316,1.0,354,-1.76,1.81273,-0.99086,2.06586
2024-05-16T19:00,calibration,2.3,304,1.61,330,-0.69,1.10179,0.10816,1.10708
2024-05-16T20:00,calibration,3.41,320,2.05,317,-1.36,0.79381,-1.11294,1.36703
2024-05-16T21:00,calibration,2.02,340,1.92,332,-0.1,-0.2105,-0.20292,0.29238
2024-05-16T22:00,calibration,1.75,329,1.75,336,0.0,0.18953,0.09866,0.21367
2024-05-16T23:00,calibration,1.94,305,1.34,333,-0.6,0.98081,0.08121,0.98416
2024-05-17T00:00,calibration,2.42,300,1.28,321,-1.14,1.29025,-0.21525,1.30808
2024-05-17T01:00,calibration,0.82,346,1.14,322,0.32,-0.50348,0.10269,0.51384
2024-05-17T02:00,calibration,1.75,211,1.14,52,-0.61,1.79965,2.2019,2.84378
2024-05-17T03:00,calibration,0.7,90,1.32,81,0.62,0.60375,0.20649,0.63808
2024-05-17T04:00,calibration,1.21,246,2.31,95,1.1,3.4066,0.29082,3.41899
2024-05-17T05:00,calibration,1.06,221,1.58,125,0.52,1.98968,-0.10626,1.99252
2024-05-17T06:00,calibration,1.97,240,1.81,186,-0.16,1.51687,-0.81508,1.722
2024-05-17T07:00,calibration,1.61,263,1.46,164,-0.15,2.00043,-1.20723,2.33648
2024-05-17T08:00,calibration,0.42,45,1.33,167,0.91,0.0022,-1.5929,1.5929
2024-05-17T09:00,calibration,1.32,99,1.8,146,0.48,-0.2972,-1.28577,1.31968
2024-05-17T10:00,calibration,0.89,117,2.12,135,1.23,0.70607,-1.09501,1.30292
2024-05-17T11:00,calibration,1.49,48,2.42,142,0.93,0.38261,-2.90399,2.92909
2024-05-17T12:00,calibration,1.56,130,2.66,160,1.1,-0.28526,-1.49683,1.52377
2024-05-17T13:00,calibration,0.94,122,2.51,175,1.57,-0.5784,-2.00232,2.08419
2024-05-17T14:00,calibration,0.94,122,1.8,161,0.86,-0.21114,-1.20381,1.22219
2024-05-17T15:00,calibration,1.4,180,2.16,146,0.76,1.20786,-0.39072,1.26948
2024-05-17T16:00,calibration,2.64,119,3.16,169,0.52,-1.70604,-1.82204,2.49608
2024-05-17T17:00,calibration,2.69,158,3.31,183,0.62,-1.18092,-0.81134,1.43278
2024-05-17T18:00,calibration,2.14,169,3.32,187,1.18,-0.81294,-1.19457,1.44495
2024-05-17T19:00,calibration,3.01,174,3.35,190,0.34,-0.89635,-0.3056,0.94701
2024-05-17T20:00,calibration,3.6,178,4.03,194,0.43,-1.10058,-0.31248,1.14409
2024-05-17T21:00,calibration,2.28,195,3.45,190,1.17,-0.00898,-1.19528,1.19531
2024-05-17T22:00,calibration,1.6,180,3.22,187,1.62,-0.39242,-1.596,1.64353
2024-05-17T23:00,calibration,1.9,162,2.69,195,0.79,-1.28336,-0.79133,1.50772
2024-05-18T00:00,calibration,2.73,156,2.11,185,-0.62,-1.29429,0.39201,1.35235
2024-05-18T01:00,calibration,1.8,146,2.91,184,1.11,-1.20954,-1.41064,1.8582
2024-05-18T02:00,calibration,1.12,100,2.6,182,1.48,-1.19372,-2.40393,2.684
2024-05-18T03:00,calibration,1.62,112,2.73,188,1.11,-1.88198,-2.09657,2.81735
2024-05-18T04:00,calibration,2.39,147,2.47,194,0.08,-1.89923,-0.39221,1.93931
2024-05-18T05:00,calibration,1.41,135,2.09,197,0.68,-1.60808,-1.00166,1.89453
2024-05-18T06:00,calibration,0.89,117,1.52,203,0.63,-1.38691,-0.99512,1.70698
2024-05-18T07:00,calibration,1.51,98,1.2,222,-0.31,-2.29826,-0.68162,2.39721
2024-05-18T08:00,calibration,0.61,99,1.08,214,0.47,-1.20642,-0.79994,1.44753
2024-05-18T09:00,calibration,1.26,18,1.46,196,0.2,-0.79179,-2.60177,2.71959
2024-05-18T10:00,calibration,1.6,90,1.36,197,-0.24,-1.99763,-1.30057,2.38369
2024-05-18T11:00,calibration,0.5,307,1.3,203,0.8,-0.10863,-1.49756,1.5015
2024-05-18T12:00,calibration,1.6,270,1.0,276,-0.6,0.60548,0.10453,0.61443
2024-05-18T13:00,calibration,1.7,242,0.91,276,-0.79,0.596,0.89322,1.07381
2024-05-18T14:00,calibration,1.3,238,0.54,338,-0.76,0.90017,1.18957,1.49178
2024-05-18T15:00,calibration,0.1,360,0.51,281,0.41,-0.50063,-0.00269,0.50064
2024-05-18T16:00,calibration,1.14,128,0.58,149,-0.56,-0.59961,0.2047,0.63359
2024-05-18T17:00,calibration,0.22,333,0.73,164,0.51,0.30109,-0.89774,0.94689
2024-05-18T18:00,calibration,0.76,337,0.6,180,-0.16,0.29696,-1.29958,1.33308
2024-05-18T19:00,calibration,0.41,104,0.22,117,-0.19,-0.2018,-0.00069,0.2018
2024-05-18T20:00,calibration,0.81,277,0.4,90,-0.41,1.20396,-0.09871,1.208
2024-05-18T21:00,calibration,0.67,243,0.76,67,0.09,1.29656,0.60113,1.42913
2024-05-18T22:00,calibration,0.73,196,0.95,72,0.22,1.10472,0.99529,1.48694
2024-05-18T23:00,calibration,3.05,293,1.41,45,-1.64,3.80456,-0.19471,3.80954
2024-05-19T00:00,calibration,1.66,335,1.14,52,-0.52,1.59988,-0.80262,1.78992
2024-05-19T01:00,calibration,1.9,342,1.41,45,-0.49,1.58415,-0.80999,1.77922
2024-05-19T02:00,calibration,0.42,45,1.55,105,1.13,1.2002,-0.69815,1.38849
2024-05-19T03:00,calibration,1.2,132,2.47,122,1.27,1.20291,-0.50594,1.30497
2024-05-19T04:00,calibration,0.81,60,2.62,130,1.81,1.30556,-2.0891,2.4635
2024-05-19T05:00,calibration,1.66,237,2.33,149,0.67,2.59223,-1.0931,2.81328
2024-05-19T06:00,calibration,1.0,180,1.79,153,0.79,0.81264,-0.5949,1.00712
2024-05-19T07:00,calibration,1.0,174,1.63,133,0.63,1.08758,-0.11714,1.09387
2024-05-19T08:00,calibration,0.57,315,1.78,128,1.21,1.80571,-1.49893,2.34678
2024-05-19T09:00,calibration,0.76,67,1.35,138,0.59,0.20374,-1.3002,1.31607
2024-05-19T10:00,calibration,0.5,360,1.8,146,1.3,1.00655,-1.99227,2.2321
2024-05-19T11:00,calibration,0.36,124,1.21,156,0.85,0.1937,-0.90408,0.9246
2024-05-19T12:00,calibration,1.03,119,0.76,157,-0.27,-0.6039,-0.20023,0.63623
2024-05-19T13:00,calibration,1.17,121,0.86,126,-0.31,-0.30713,0.0971,0.32211
2024-05-19T14:00,calibration,1.12,333,0.4,90,-0.72,0.90847,-0.99793,1.34951
2024-05-19T15:00,calibration,0.89,27,0.51,79,-0.38,0.09658,-0.69568,0.70235
2024-05-19T16:00,calibration,1.42,39,0.71,45,-0.71,-0.39159,-0.6015,0.71774
2024-05-19T17:00,calibration,1.28,51,1.08,22,-0.2,-0.59017,0.19583,0.62181
2024-05-19T18:00,calibration,2.61,4,1.3,23,-1.31,0.32589,-1.40699,1.44423
2024-05-19T19:00,calibration,3.49,336,1.36,17,-2.13,1.81714,-1.8877,2.62019
2024-05-19T20:00,calibration,4.2,335,1.52,23,-2.68,2.36891,-2.40733,3.37742
2024-05-19T21:00,calibration,2.61,4,1.66,25,-0.95,0.51948,-1.09917,1.21575
2024-05-19T22:00,calibration,2.28,15,1.49,42,-0.79,0.4069,-1.09503,1.16818
2024-05-19T23:00,calibration,2.18,344,1.3,86,-0.88,1.89772,-2.00487,2.76059
2024-05-20T00:00,calibration,1.48,332,1.53,122,0.05,1.99233,-2.11754,2.90747
2024-05-20T01:00,calibration,1.6,266,2.32,83,0.72,3.89881,0.39435,3.9187
2024-05-20T02:00,calibration,1.3,328,1.39,69,0.09,1.98657,-0.60433,2.07646
2024-05-20T03:00,calibration,0.92,193,0.51,259,-0.41,-0.29367,0.79911,0.85136
2024-05-20T04:00,calibration,1.02,259,0.92,41,-0.1,1.60483,0.88896,1.83459
2024-05-20T05:00,calibration,1.98,139,1.3,113,-0.68,-0.10234,0.98637,0.99167
2024-05-20T06:00,calibration,1.88,155,1.64,142,-0.24,0.21516,0.41152,0.46438
2024-05-20T07:00,calibration,0.45,297,1.44,146,0.99,1.20619,-1.39811,1.84651
2024-05-20T08:00,calibration,1.52,23,1.75,149,0.23,0.30741,-2.89921,2.91546
2024-05-20T09:00,calibration,0.36,56,1.4,180,1.04,-0.29845,-1.60131,1.62889
2024-05-20T10:00,calibration,0.2,180,1.43,155,1.23,0.60434,-1.09602,1.2516
2024-05-20T11:00,calibration,0.22,63,1.39,150,1.17,0.49898,-1.30365,1.39588
2024-05-20T12:00,calibration,0.22,27,0.92,139,0.7,0.5037,-0.89035,1.02296
2024-05-20T13:00,calibration,0.5,143,1.44,146,0.94,0.50433,-0.7945,0.94105
2024-05-20T14:00,calibration,1.4,180,1.39,150,-0.01,0.695,0.19622,0.72217
2024-05-20T15:00,calibration,1.43,155,1.66,155,0.23,0.0972,-0.20845,0.23
2024-05-20T16:00,calibration,1.62,158,1.75,167,0.13,-0.2132,-0.20311,0.29446
2024-05-20T17:00,calibration,0.86,144,1.5,176,0.64,-0.40086,-0.80059,0.89534
2024-05-20T18:00,calibration,2.44,145,1.41,172,-1.03,-1.20329,0.60245,1.34568
2024-05-20T19:00,calibration,2.0,127,1.65,166,-0.35,-1.1981,-0.39736,1.26227
2024-05-20T20:00,calibration,2.14,143,1.62,158,-0.52,-0.68102,0.20704,0.7118
2024-05-20T21:00,calibration,1.92,141,2.02,160,0.1,-0.51741,-0.40606,0.65772
2024-05-20T22:00,calibration,1.2,180,1.99,162,0.79,0.61494,-0.6926,0.9262
2024-05-20T23:00,calibration,1.08,236,2.01,153,0.93,1.80788,-1.18699,2.16273
2024-05-21T00:00,calibration,1.0,264,2.46,153,1.46,2.11134,-2.08735,2.96897
2024-05-21T01:00,calibration,2.69,138,2.32,173,-0.37,-1.51722,-0.30365,1.54731
2024-05-21T02:00,calibration,1.75,121,2.01,174,0.26,-1.28994,-1.09767,1.69376
2024-05-21T03:00,calibration,1.43,78,1.6,180,0.17,-1.39875,-1.89731,2.35718
2024-05-21T04:00,calibration,0.51,281,1.61,173,1.1,0.69684,-1.69531,1.83294
2024-05-21T05:00,calibration,1.7,50,2.38,165,0.68,-0.68629,-3.39164,3.46038
2024-05-21T06:00,calibration,0.86,54,2.43,171,1.57,-0.31562,-2.90558,2.92267
2024-05-21T07:00,calibration,0.89,153,2.4,178,1.51,-0.32029,-1.60554,1.63718
2024-05-21T08:00,calibration,2.09,17,2.79,165,0.7,0.11105,-4.69361,4.69492
2024-05-21T09:00,calibration,2.2,60,2.5,180,0.3,-1.90526,-3.6,4.07308
2024-05-21T10:00,calibration,1.84,29,2.41,185,0.57,-1.1021,-4.01013,4.15882
2024-05-21T11:00,calibration,1.66,33,2.6,180,0.94,-0.9041,-3.99219,4.09329
2024-05-21T12:00,calibration,0.86,144,1.91,174,1.05,-0.30585,-1.20378,1.24203
2024-05-21T13:00,calibration,1.46,164,1.94,168,0.48,0.00092,-0.49416,0.49417
2024-05-21T14:00,calibration,1.33,193,2.2,177,0.87,0.41432,-0.90107,0.99176
2024-05-21T15:00,calibration,1.82,171,2.16,193,0.34,-0.77061,-0.30705,0.82952
2024-05-21T16:00,calibration,2.11,239,2.62,220,0.51,0.12452,-0.92031,0.92869
2024-05-21T17:00,calibration,3.2,231,2.62,227,-0.58,0.57072,0.22699,0.6142
2024-05-21T18:00,calibration,3.02,236,2.41,222,-0.61,0.89109,-0.10222,0.89693
2024-05-21T19:00,calibration,2.7,219,2.48,220,-0.22,0.10505,0.1985,0.22459
2024-05-21T20:00,calibration,4.05,237,2.69,225,-1.36,1.4945,0.30367,1.52504
2024-05-21T21:00,calibration,3.54,241,2.48,220,-1.06,1.50204,-0.18356,1.51322
2024-05-21T22:00,calibration,3.2,219,2.48,220,-0.72,0.41971,0.58708,0.72168
2024-05-21T23:00,calibration,2.06,203,1.99,198,-0.07,0.18996,0.00364,0.19
2024-05-22T00:00,calibration,1.22,215,2.5,182,1.28,0.61251,-1.49911,1.61942
2024-05-22T01:00,calibration,1.3,148,2.5,178,1.2,-0.60165,-1.39601,1.52014
2024-05-22T02:00,calibration,1.93,159,2.6,180,0.67,-0.69165,-0.79819,1.05617
2024-05-22T03:00,calibration,1.46,164,2.51,175,1.05,-0.18367,-1.09701,1.11228
2024-05-22T04:00,calibration,1.22,189,2.52,187,1.3,-0.11626,-1.29624,1.30144
2024-05-22T05:00,calibration,1.81,174,2.47,194,0.66,-0.78674,-0.59655,0.98734
2024-05-22T06:00,calibration,1.87,164,2.56,201,0.69,-1.43286,-0.59241,1.5505
2024-05-22T07:00,calibration,1.63,169,2.24,190,0.61,-0.69999,-0.60592,0.92581
2024-05-22T08:00,calibration,0.95,162,2.82,174,1.87,0.0012,-1.90105,1.90105
2024-05-22T09:00,calibration,1.08,56,2.93,188,1.85,-1.30314,-3.50541,3.7398
2024-05-22T10:00,calibration,2.13,49,3.0,182,0.87,-1.71223,-4.39558,4.71729
2024-05-22T11:00,calibration,1.58,55,3.0,178,1.42,-1.18956,-3.90442,4.08161
2024-05-22T12:00,calibration,1.71,173,2.6,180,0.89,-0.2084,-0.90275,0.92649
2024-05-22T13:00,calibration,3.03,188,3.11,184,0.08,0.20475,-0.10191,0.22871
2024-05-22T14:00,calibration,3.98,192,3.73,188,-0.25,0.30837,0.19933,0.36719
2024-05-22T15:00,calibration,4.94,201,4.81,201,-0.13,0.04659,0.12137,0.13
2024-05-22T16:00,calibration,5.72,207,6.34,232,0.62,-2.39916,1.19326,2.67953
2024-05-22T17:00,calibration,6.42,217,3.94,240,-2.48,0.45151,3.15724,3.18936
2024-05-22T18:00,calibration,6.48,207,4.1,214,-2.38,0.64917,2.37467,2.4618
2024-05-22T19:00,calibration,6.18,219,2.94,198,-3.24,2.98069,2.00666,3.59321
2024-05-22T20:00,calibration,5.02,223,4.43,205,-0.59,1.55143,-0.34355,1.58902
2024-05-22T21:00,calibration,6.23,222,4.3,211,-1.93,1.95402,0.94397,2.17009
2024-05-22T22:00,calibration,5.28,217,4.9,231,-0.38,-0.63043,1.13313,1.2967
2024-05-22T23:00,calibration,4.88,215,2.34,200,-2.54,1.99873,1.79858,2.68883
2024-05-23T00:00,calibration,4.28,217,3.26,207,-1.02,1.09576,0.51348,1.2101
2024-05-23T01:00,calibration,4.65,208,2.87,209,-1.78,0.79164,1.59555,1.78114
2024-05-23T02:00,calibration,2.83,212,2.55,206,-0.28,0.38183,0.10805,0.39682
2024-05-23T03:00,calibration,2.55,206,3.32,201,0.77,-0.07194,-0.80756,0.81076
2024-05-23T04:00,calibration,2.53,198,3.2,219,0.67,-1.23201,-0.08069,1.23465
2024-05-23T05:00,calibration,1.8,199,3.33,221,1.53,-1.59865,-0.81125,1.79271
2024-05-23T06:00,calibration,2.88,214,4.53,221,1.65,-1.36147,-1.03121,1.70792
2024-05-23T07:00,calibration,4.32,265,4.12,241,-0.2,0.70013,-1.6209,1.76565
2024-05-23T08:00,calibration,2.04,259,3.51,250,1.47,-1.2958,-0.81124,1.52879
2024-05-23T09:00,calibration,1.02,259,3.0,300,1.98,-1.59682,1.69463,2.32843
2024-05-23T10:00,calibration,2.64,307,2.41,312,-0.23,0.31742,0.02381,0.31831
2024-05-23T11:00,calibration,0.32,18,1.9,288,1.58,-1.90589,0.28279,1.92676
2024-05-23T12:00,calibration,1.86,324,1.64,308,-0.22,-0.19906,-0.49509,0.53361
2024-05-23T13:00,calibration,1.68,343,0.73,344,-0.95,0.28997,-0.90487,0.9502
2024-05-23T14:00,calibration,1.51,352,1.1,360,-0.41,0.21015,-0.3953,0.44769
2024-05-23T15:00,calibration,0.45,333,1.12,10,0.67,0.39878,0.70203,0.80739
2024-05-23T16:00,calibration,1.06,319,0.54,292,-0.52,0.19474,-0.5977,0.62863
2024-05-23T17:00,calibration,1.94,258,1.32,261,-0.62,0.59386,0.19686,0.62563
2024-05-23T18:00,calibration,2.82,243,1.52,247,-1.3,1.11347,0.68634,1.30801
2024-05-23T19:00,calibration,3.04,226,2.08,235,-0.96,0.48296,0.91872,1.03793
2024-05-23T20:00,calibration,3.18,224,3.4,227,0.22,-0.27759,-0.03129,0.27935
2024-05-23T21:00,calibration,2.7,231,2.86,234,0.16,-0.21549,0.0181,0.21625
2024-05-23T22:00,calibration,2.25,201,2.64,233,0.39,-1.30207,0.51176,1.39903
2024-05-23T23:00,calibration,2.56,211,3.04,197,0.48,0.42969,-0.71282,0.83231
2024-05-24T00:00,calibration,1.4,180,2.94,198,1.54,-0.90851,-1.39611,1.66568
2024-05-24T01:00,calibration,1.25,241,0.51,169,-0.74,1.19059,0.10538,1.19524
2024-05-24T02:00,calibration,2.28,255,2.24,207,-0.04,1.18537,-1.40575,1.83881
2024-05-24T03:00,calibration,2.4,225,2.24,207,-0.16,0.68012,-0.2988,0.74286
2024-05-24T04:00,calibration,1.26,18,2.22,188,0.96,-0.69833,-3.39673,3.46777
2024-05-24T05:00,calibration,2.1,295,2.18,196,0.08,1.30236,-2.98305,3.25495
2024-05-24T06:00,calibration,0.92,311,1.39,201,0.47,0.1962,-1.90125,1.91135
2024-05-24T07:00,calibration,1.36,253,1.14,218,-0.22,0.59872,-0.50071,0.7805
2024-05-24T08:00,calibration,0.98,294,0.82,194,-0.16,0.6969,-1.19424,1.38271
2024-05-24T09:00,calibration,0.36,56,1.41,188,1.05,-0.49469,-1.59759,1.67242
2024-05-24T10:00,calibration,1.61,97,1.03,209,-0.58,-2.09735,-0.70465,2.21256
2024-05-24T11:00,calibration,0.64,321,1.3,184,0.66,0.31208,-1.79421,1.82115
2024-05-24T12:00,calibration,0.76,247,0.67,207,-0.09,0.39541,-0.30002,0.49635
2024-05-24T13:00,calibration,0.63,108,1.8,124,1.17,0.8931,-0.81187,1.20696
2024-05-24T14:00,calibration,2.24,117,1.26,162,-0.98,-1.60649,-0.18139,1.6167
2024-05-24T15:00,calibration,1.3,94,1.42,141,0.12,-0.4032,-1.01286,1.09017
2024-05-24T16:00,calibration,1.77,137,0.63,162,-1.14,-1.01246,0.69533,1.22823
2024-05-24T17:00,calibration,0.28,135,0.36,236,0.08,-0.49644,-0.00332,0.49645
2024-05-24T18:00,calibration,2.4,268,1.63,313,-0.77,1.20643,1.19542,1.69838
2024-05-24T19:00,calibration,2.55,244,1.66,295,-0.89,0.78745,1.81939,1.98249
2024-05-24T20:00,calibration,1.2,265,1.17,290,-0.03,0.09599,0.50475,0.5138
2024-05-24T21:00,calibration,1.89,328,0.3,180,-1.59,1.00155,-1.90281,2.1503
2024-05-24T22:00,calibration,1.92,309,0.4,180,-1.52,1.49212,-1.6083,2.19386
2024-05-24T23:00,calibration,2.1,267,1.92,189,-0.18,1.79677,-1.78646,2.53373
2024-05-25T00:00,calibration,1.14,308,2.89,194,1.75,0.19918,-3.50601,3.51166
2024-05-25T01:00,calibration,0.67,63,1.61,210,0.94,-1.40197,-1.69847,2.20235
2024-05-25T02:00,calibration,1.14,232,2.15,242,1.01,-1.00001,-0.30751,1.04622
2024-05-25T03:00,calibration,1.92,351,1.66,327,-0.26,-0.60375,-0.50417,0.78657
2024-05-25T04:00,calibration,1.34,153,0.67,117,-0.67,-0.01137,0.88978,0.88985
2024-05-25T05:00,calibration,0.71,98,1.36,107,0.65,0.59748,-0.29881,0.66804
2024-05-25T06:00,calibration,0.89,63,1.71,159,0.82,-0.18019,-2.00047,2.00857
2024-05-25T07:00,calibration,1.14,38,2.12,172,0.98,-0.40681,-2.9977,3.02518
2024-05-25T08:00,calibration,1.0,354,2.35,192,1.35,-0.38406,-3.29317,3.31549
2024-05-25T09:00,calibration,0.92,41,2.14,191,1.22,-1.01191,-2.79501,2.97255
2024-05-25T10:00,calibration,1.91,47,1.92,189,0.01,-1.69724,-3.19898,3.62134
2024-05-25T11:00,calibration,1.98,49,2.21,198,0.23,-2.17725,-3.40083,4.03808
2024-05-25T12:00,calibration,0.95,108,1.8,177,0.85,-0.8093,-1.50397,1.70789
2024-05-25T13:00,calibration,1.75,204,2.47,166,0.72,1.30934,-0.79793,1.53331
2024-05-25T14:00,calibration,2.21,185,3.01,184,0.8,-0.01735,-0.80108,0.80127
2024-05-25T15:00,calibration,3.4,194,3.14,202,-0.26,-0.35373,0.38765,0.52478
2024-05-25T16:00,calibration,4.55,199,2.92,211,-1.63,-0.02258,1.79918,1.79932
2024-05-25T17:00,calibration,4.12,219,2.59,208,-1.53,1.37687,0.91501,1.65318
2024-05-25T18:00,calibration,3.74,214,5.37,294,1.63,-2.81436,5.28478,5.98744
2024-05-25T19:00,calibration,1.72,234,0.58,121,-1.14,1.88867,0.71227,2.01851
2024-05-25T20:00,calibration,2.7,309,1.12,117,-1.58,3.09622,-2.20763,3.80266
2024-05-25T21:00,calibration,1.72,54,1.39,201,-0.33,-1.88964,-2.30867,2.9834
2024-05-25T22:00,calibration,1.96,75,1.91,223,-0.05,-3.19583,-1.90417,3.72011
2024-05-25T23:00,calibration,1.84,29,2.11,239,0.27,-2.70067,-2.69603,3.81605
2024-05-26T00:00,calibration,1.78,308,1.56,220,-0.22,0.39991,-2.29091,2.32555
2024-05-26T01:00,calibration,1.7,93,1.7,183,0.0,-1.78664,-1.6087,2.40416
2024-05-26T02:00,calibration,0.72,56,1.87,164,1.15,-0.08147,-2.20018,2.20169
2024-05-26T03:00,calibration,2.5,16,1.65,194,-0.85,-1.08826,-4.00414,4.14939
2024-05-26T04:00,calibration,2.15,28,1.42,219,-0.73,-1.903,-3.00188,3.55425
2024-05-26T05:00,calibration,1.98,41,0.92,193,-1.06,-1.50595,-2.39075,2.82552
2024-05-26T06:00,calibration,2.35,12,1.12,190,-1.23,-0.68308,-3.40163,3.46954
2024-05-26T07:00,calibration,1.08,68,1.63,227,0.55,-2.19347,-1.51623,2.66651
2024-05-26T08:00,calibration,0.89,117,1.28,219,0.39,-1.59853,-0.5907,1.70417
2024-05-26T09:00,calibration,0.85,111,1.52,157,0.67,-0.19963,-1.09455,1.11261
2024-05-26T10:00,calibration,1.25,61,1.28,141,0.03,-0.28774,-1.60076,1.62642
2024-05-26T11:00,calibration,1.22,35,1.42,129,0.2,0.40378,-1.893,1.93559
2024-05-26T12:00,calibration,0.95,72,1.84,119,0.89,0.7058,-1.18562,1.37979
2024-05-26T13:00,calibration,0.94,58,2.6,92,1.66,1.80125,-0.58886,1.89506
2024-05-26T14:00,calibration,2.06,51,2.69,112,0.63,0.8932,-2.30409,2.47116
2024-05-26T15:00,calibration,2.02,57,2.92,121,0.9,0.80881,-2.60408,2.7268
2024-05-26T16:00,calibration,2.5,74,2.82,153,0.32,-1.1229,-3.20173,3.39293
2024-05-26T17:00,calibration,2.72,96,2.97,135,0.25,-0.60499,-1.81579,1.91392
2024-05-26T18:00,calibration,2.22,126,3.11,147,0.89,-0.10219,-1.30338,1.30738
2024-05-26T19:00,calibration,3.42,128,3.18,152,-0.24,-1.20208,-0.70221,1.39215
2024-05-26T20:00,calibration,3.78,127,3.67,154,-0.11,-1.41002,-1.02371,1.74245
2024-05-26T21:00,calibration,3.62,129,4.03,157,0.41,-1.23862,-1.43149,1.89298
2024-05-26T22:00,calibration,3.25,135,3.64,159,0.39,-0.99364,-1.10014,1.48244
2024-05-26T23:00,calibration,6.11,122,2.86,155,-3.25,-3.97289,0.64577,4.02503
2024-05-27T00:00,calibration,5.06,240,2.69,135,-2.37,6.28421,0.62788,6.3155
2024-05-27T01:00,calibration,1.3,157,4.92,175,3.62,-0.07914,-3.70462,3.70547
2024-05-27T02:00,calibration,2.06,166,5.0,178,2.94,-0.32386,-2.99814,3.01559
2024-05-27T03:00,calibration,0.32,72,5.17,195,4.85,-1.64243,-5.09272,5.35102
2024-05-27T04:00,calibration,2.09,163,5.02,203,2.93,-2.57253,-2.62226,3.67344
2024-05-27T05:00,calibration,2.11,149,4.46,200,2.35,-2.61214,-2.38241,3.53541
2024-05-27T06:00,calibration,2.33,155,3.64,201,1.31,-2.28916,-1.28654,2.62591
2024-05-27T07:00,calibration,1.8,161,3.3,180,1.5,-0.58602,-1.59807,1.70213
2024-05-27T08:00,calibration,1.79,117,3.11,174,1.32,-1.26982,-2.28032,2.61004
2024-05-27T09:00,calibration,3.01,21,4.49,192,1.48,-2.01221,-7.20196,7.47778
2024-05-27T10:00,calibration,3.48,162,4.14,172,0.66,-0.4992,-0.79003,0.93453
2024-05-27T11:00,calibration,2.11,149,4.82,185,2.71,-1.50682,-2.99304,3.35094
2024-05-27T12:00,calibration,4.0,179,4.7,180,0.7,-0.06981,-0.70061,0.70408
2024-05-27T13:00,calibration,4.37,196,6.59,210,2.22,-2.09046,-1.50639,2.57668
2024-05-27T14:00,calibration,4.62,202,7.03,220,2.41,-2.78811,-1.1017,2.99789
2024-05-27T15:00,calibration,6.55,211,7.23,221,0.68,-1.36981,0.1579,1.37888
2024-05-27T16:00,calibration,6.55,211,7.39,220,0.84,-1.3767,-0.04662,1.37749
2024-05-27T17:00,calibration,5.4,219,6.3,234,0.9,-1.69848,0.49354,1.76873
2024-05-27T18:00,calibration,5.11,211,5.76,231,0.65,-1.84452,0.75524,1.99314
2024-05-27T19:00,calibration,4.67,227,6.09,228,1.42,-1.11033,-0.89007,1.42305
2024-05-27T20:00,calibration,4.81,223,6.37,228,1.56,-1.45342,-0.74455,1.63303
2024-05-27T21:00,calibration,4.6,224,4.14,217,-0.46,0.70391,0.00261,0.70392
2024-05-27T22:00,calibration,4.48,204,4.33,214,-0.15,-0.59913,0.50295,0.78225
2024-05-27T23:00,calibration,3.32,249,2.55,206,-0.77,1.98164,-1.10214,2.26751
2024-05-28T00:00,calibration,3.26,220,3.64,238,0.38,-0.99141,0.5684,1.14279
2024-05-28T01:00,calibration,3.51,267,6.24,282,2.73,-2.59845,1.48107,2.9909
2024-05-28T02:00,calibration,2.6,247,4.71,274,2.11,-2.30521,1.34445,2.66863
2024-05-28T03:00,calibration,2.39,237,4.6,268,2.21,-2.59278,1.14115,2.83279
2024-05-28T04:00,calibration,2.42,232,4.26,261,1.84,-2.30057,0.82349,2.44351
2024-05-28T05:00,calibration,2.69,222,3.88,258,1.19,-1.99525,1.19236,2.32438
2024-05-28T06:00,calibration,2.55,222,3.79,252,1.24,-1.89822,0.72384,2.03155
2024-05-28T07:00,calibration,2.16,214,3.83,250,1.67,-2.39117,0.48078,2.43902
2024-05-28T08:00,calibration,2.61,212,3.96,249,1.35,-2.31389,0.79427,2.44641
2024-05-28T09:00,calibration,1.84,221,3.89,252,2.05,-2.49246,0.18659,2.49944
2024-05-28T10:00,calibration,1.08,202,3.81,256,2.73,-3.29225,0.07964,3.29321
2024-05-28T11:00,calibration,1.5,217,3.86,260,2.36,-2.89864,0.52767,2.94627
2024-05-28T12:00,calibration,3.27,247,3.63,262,0.36,-0.58462,0.77249,0.96878
2024-05-28T13:00,calibration,4.15,255,4.82,265,0.67,-0.79307,0.65401,1.02795
2024-05-28T14:00,calibration,4.55,251,5.25,278,0.7,-0.8968,2.21199,2.38687
2024-05-28T15:00,calibration,4.91,274,5.02,283,0.11,0.0067,0.78675,0.78678
2024-05-28T16:00,calibration,5.29,285,4.9,282,-0.39,0.31682,-0.35039,0.47239
2024-05-28T17:00,calibration,4.75,278,5.0,282,0.25,-0.18696,0.37849,0.42215
2024-05-28T18:00,calibration,4.6,268,5.48,285,0.88,-0.69608,1.57887,1.7255
2024-05-28T19:00,calibration,4.8,268,6.1,305,1.3,-0.19975,3.66633,3.67177
2024-05-28T20:00,calibration,4.74,288,4.35,293,-0.39,0.50381,0.23494,0.5559
2024-05-28T21:00,calibration,3.37,282,4.77,303,1.4,-0.7041,1.89727,2.0237
2024-05-28T22:00,calibration,4.7,207,3.74,304,-0.96,-0.96685,6.27911,6.35311
2024-05-28T23:00,calibration,2.87,209,3.11,312,0.24,-0.91978,4.59115,4.68238
2024-05-29T00:00,calibration,2.5,196,2.39,327,-0.11,-0.61259,4.40758,4.44994
2024-05-29T01:00,calibration,0.89,243,1.48,242,0.59,-0.51377,-0.29077,0.59034
2024-05-29T02:00,calibration,1.08,248,1.64,308,0.56,-0.29098,1.41426,1.44388
2024-05-29T03:00,calibration,0.1,180,1.46,286,1.36,-1.40344,0.50243,1.49067
2024-05-29T04:00,calibration,1.36,73,1.34,243,-0.02,-2.49452,-1.00597,2.68973
2024-05-29T05:00,calibration,1.75,257,1.72,234,-0.03,0.31364,-0.61733,0.69243
2024-05-29T06:00,calibration,0.71,8,2.06,231,1.35,-1.69973,-1.99949,2.62432
2024-05-29T07:00,calibration,0.71,98,1.3,212,0.59,-1.39199,-1.00365,1.71608
2024-05-29T08:00,calibration,0.5,270,1.61,187,1.11,0.30379,-1.598,1.62662
2024-05-29T09:00,calibration,1.36,197,1.5,184,0.14,0.29299,-0.19577,0.35238
2024-05-29T10:00,calibration,0.89,117,1.64,218,0.75,-1.80268,-0.88829,2.00965
2024-05-29T11:00,calibration,0.92,41,1.35,228,0.43,-1.60682,-1.59766,2.26592
2024-05-29T12:00,calibration,0.81,120,0.72,34,-0.09,-0.29886,1.00191,1.04553
2024-05-29T13:00,calibration,1.25,241,0.5,127,-0.75,1.49259,0.3051,1.52346
2024-05-29T14:00,calibration,0.41,256,1.61,263,1.2,-1.20018,-0.09702,1.20409
2024-05-29T15:00,calibration,1.63,281,2.11,301,0.48,-0.20857,0.77571,0.80326
2024-05-29T16:00,calibration,1.33,257,1.58,288,0.25,-0.20676,0.78743,0.81412
2024-05-29T17:00,calibration,3.58,297,2.47,291,-1.11,0.88386,-0.74012,1.15281
2024-05-29T18:00,calibration,3.49,294,2.88,326,-0.61,1.5778,0.96812,1.85113
2024-05-29T19:00,calibration,4.8,301,1.44,326,-3.36,3.30917,-1.27837,3.54751
2024-05-29T20:00,calibration,4.66,329,1.73,260,-2.93,0.69636,-4.29481,4.3509
2024-05-29T21:00,calibration,2.51,299,2.57,257,0.06,-0.30884,-1.795,1.82137
2024-05-29T22:00,calibration,4.0,302,3.67,331,-0.33,1.61294,1.09018,1.94681
2024-05-29T23:00,calibration,2.98,310,3.1,345,0.12,1.48047,1.07886,1.83187
2024-05-30T00:00,calibration,1.2,318,2.47,328,1.27,-0.50594,1.20291,1.30497
2024-05-30T01:00,calibration,1.77,313,1.98,311,0.21,-0.19983,0.09186,0.21993
2024-05-30T02:00,calibration,0.3,90,2.33,313,2.03,-2.00405,1.58906,2.5576
2024-05-30T03:00,calibration,1.65,256,2.48,313,0.83,-0.21277,2.09053,2.10133
2024-05-30T04:00,calibration,1.57,243,2.26,315,0.69,-0.19918,2.31083,2.31939
2024-05-30T05:00,calibration,1.22,279,2.36,306,1.14,-0.7043,1.19632,1.38825
2024-05-30T06:00,calibration,1.75,257,2.69,301,0.94,-0.60063,1.77912,1.87777
2024-05-30T07:00,calibration,2.28,285,2.82,297,0.54,-0.31033,0.69015,0.75671
2024-05-30T08:00,calibration,2.06,284,2.87,299,0.81,-0.51135,0.89304,1.02908
2024-05-30T09:00,calibration,1.35,228,2.73,294,1.38,-1.49073,2.01372,2.50546
2024-05-30T10:00,calibration,1.7,242,2.73,298,1.03,-0.90944,2.07976,2.26991
2024-05-30T11:00,calibration,1.68,253,2.61,302,0.93,-0.60681,1.87427,1.97006
2024-05-30T12:00,calibration,2.75,280,3.06,322,0.31,0.8243,1.93378,2.10214
2024-05-30T13:00,calibration,2.69,312,3.27,337,0.58,0.72137,1.21009,1.40879
2024-05-30T14:00,calibration,2.44,325,2.59,332,0.15,0.1836,0.2881,0.34163
2024-05-30T15:00,calibration,3.26,317,3.45,338,0.19,0.93092,0.81457,1.23699
2024-05-30T16:00,calibration,4.68,340,3.64,339,-1.04,0.29619,-0.99953,1.04249
2024-05-30T17:00,calibration,4.38,333,3.62,332,-0.76,0.28899,-0.70634,0.76317
2024-05-30T18:00,calibration,4.19,320,3.88,325,-0.31,0.4678,-0.03142,0.46886
2024-05-30T19:00,calibration,4.02,325,4.34,322,0.32,-0.36619,0.12698,0.38758
2024-05-30T20:00,calibration,4.4,321,4.47,320,0.07,-0.10425,0.00478,0.10436
2024-05-30T21:00,calibration,4.96,318,4.76,321,-0.2,0.32332,0.01322,0.32359
2024-05-30T22:00,calibration,4.96,318,4.55,327,-0.41,0.84078,0.12995,0.85076
2024-05-30T23:00,calibration,4.6,318,3.89,334,-0.71,1.37274,0.07784,1.37494
2024-05-31T00:00,calibration,3.19,328,3.4,346,0.21,0.86791,0.59373,1.05156
2024-05-31T01:00,calibration,1.64,322,2.55,349,0.91,0.52312,1.21081,1.31899
2024-05-31T02:00,calibration,1.65,346,2.2,360,0.55,0.39917,0.59901,0.71983
2024-05-31T03:00,calibration,0.58,301,1.84,338,1.26,-0.19212,1.4073,1.42035
2024-05-31T04:00,calibration,0.72,214,1.79,333,1.07,-0.41002,2.19181,2.22983
2024-05-31T05:00,calibration,1.58,198,1.44,326,-0.14,-0.31699,2.69648,2.71505
2024-05-31T06:00,calibration,1.12,243,1.22,305,0.1,-0.00144,1.20823,1.20823
2024-05-31T07:00,calibration,0.71,278,0.92,311,0.21,0.00876,0.50476,0.50484
2024-05-31T08:00,calibration,0.81,240,0.72,34,-0.09,1.1041,1.00191,1.49092
2024-05-31T09:00,calibration,0.54,158,0.14,225,-0.4,-0.30128,0.40168,0.50212
2024-05-31T10:00,calibration,0.14,225,1.22,261,1.08,-1.10598,-0.09186,1.10979
2024-05-31T11:00,calibration,1.22,279,1.51,278,0.29,-0.29033,0.0193,0.29097
2024-05-31T12:00,calibration,0.67,297,1.22,279,0.55,-0.60801,-0.11332,0.61848
2024-05-31T13:00,calibration,0.32,288,0.14,225,-0.18,0.20534,-0.19788,0.28517
2024-05-31T14:00,calibration,0.14,315,0.36,236,0.22,-0.19946,-0.3003,0.36051
2024-05-31T15:00,calibration,0.82,256,0.9,270,0.08,-0.10436,0.19838,0.22415
2024-05-31T16:00,calibration,0.45,27,0.36,304,-0.09,-0.50275,-0.19964,0.54094
2024-05-31T17:00,calibration,0.5,53,0.1,180,-0.4,-0.39932,-0.40091,0.56585
2024-05-31T18:00,calibration,0.5,37,0.86,234,0.36,-0.99666,-0.90481,1.34611
2024-05-31T19:00,calibration,2.11,329,0.95,252,-1.16,0.18323,-2.10219,2.11016
2024-05-31T20:00,calibration,2.48,313,0.73,286,-1.75,1.11204,-1.49014,1.85934
2024-05-31T21:00,calibration,1.0,323,1.25,331,0.25,-0.0042,0.29464,0.29467
2024-05-31T22:00,calibration,2.36,324,2.15,332,-0.21,0.37781,-0.01094,0.37797
2024-05-31T23:00,calibration,2.4,315,1.75,329,-0.65,0.79574,-0.19701,0.81977
2024-06-01T00:00,calibration,2.73,336,1.02,281,-1.71,0.10913,-2.29935,2.30194
2024-06-01T01:00,calibration,0.71,278,1.06,229,0.35,-0.0969,-0.79424,0.80012
2024-06-01T02:00,calibration,0.7,180,1.72,216,1.02,-1.01099,-0.69151,1.22486
2024-06-01T03:00,calibration,0.98,66,1.56,225,0.58,-1.99836,-1.50169,2.4997
2024-06-01T04:00,calibration,0.51,11,1.98,229,1.47,-1.59164,-1.79963,2.40249
2024-06-01T05:00,calibration,0.58,149,1.77,227,1.19,-1.59322,-0.70998,1.74425
2024-06-01T06:00,calibration,1.3,157,1.41,262,0.11,-1.90423,1.00042,2.15103
2024-06-01T07:00,calibration,0.63,108,0.71,45,0.08,-0.09712,0.69673,0.70346
2024-06-01T08:00,calibration,1.17,70,1.43,65,0.26,0.19658,0.20418,0.28343
2024-06-01T09:00,calibration,0.61,279,1.32,99,0.71,1.90624,-0.30192,1.93
2024-06-01T10:00,calibration,1.2,85,1.34,117,0.14,-0.00148,-0.71293,0.71294
2024-06-01T11:00,calibration,0.72,34,1.93,111,1.21,1.39919,-1.28856,1.90213
2024-06-01T12:00,calibration,1.3,94,1.42,129,0.12,-0.19329,-0.80295,0.82589
2024-06-01T13:00,calibration,0.89,153,1.06,139,0.17,0.29137,-0.007,0.29146
2024-06-01T14:00,calibration,1.04,107,1.35,138,0.31,-0.09123,-0.69918,0.70511
2024-06-01T15:00,calibration,2.21,108,2.06,141,-0.15,-0.80543,-0.91799,1.22124
2024-06-01T16:00,calibration,2.41,138,2.2,150,-0.21,-0.5126,-0.11428,0.52519
2024-06-01T17:00,calibration,2.97,147,2.12,161,-0.85,-0.92737,0.48635,1.04717
2024-06-01T18:00,calibration,2.83,138,2.01,153,-0.82,-0.98112,0.31218,1.02959
2024-06-01T19:00,calibration,2.69,135,2.1,155,-0.59,-1.01462,-0.00113,1.01462
2024-06-01T20:00,calibration,2.9,136,2.34,160,-0.56,-1.21418,-0.1128,1.21941
2024-06-01T21:00,calibration,3.06,142,2.44,161,-0.62,-1.08954,0.10425,1.09451
2024-06-01T22:00,calibration,2.55,154,2.69,158,0.14,-0.11015,-0.2022,0.23026
2024-06-01T23:00,calibration,2.7,141,2.08,145,-0.62,-0.50613,0.39446,0.64169
2024-06-02T00:00,calibration,1.94,125,2.13,139,0.19,-0.19175,-0.49479,0.53065
2024-06-02T01:00,calibration,1.3,113,1.79,153,0.49,-0.38401,-1.08695,1.15279
2024-06-02T02:00,calibration,1.12,117,1.81,174,0.69,-0.80873,-1.29162,1.52391
2024-06-02T03:00,calibration,0.94,148,1.25,151,0.31,0.10789,-0.29611,0.31515
2024-06-02T04:00,calibration,0.45,333,1.58,145,1.13,1.11055,-1.69521,2.02659
2024-06-02T05:00,calibration,0.2,360,2.28,151,2.08,1.10537,-2.19413,2.45684
2024-06-02T06:00,calibration,1.48,28,3.0,178,1.52,-0.59012,-4.30493,4.34519
2024-06-02T07:00,calibration,1.0,53,3.3,194,2.3,-1.59698,-3.80379,4.12543
2024-06-02T08:00,calibration,1.3,176,3.2,200,1.9,-1.18515,-1.71018,2.0807
2024-06-02T09:00,calibration,1.86,216,3.22,216,1.36,-0.79939,-1.10026,1.36
2024-06-02T10:00,calibration,1.43,245,1.98,221,0.55,-0.00298,-0.88998,0.88999
2024-06-02T11:00,calibration,1.5,270,2.3,180,0.8,1.5,-2.3,2.74591
2024-06-02T12:00,calibration,1.46,196,2.38,158,0.92,1.29399,-0.80326,1.52304
2024-06-02T13:00,calibration,2.12,172,3.26,169,1.14,0.32699,-1.10074,1.14828
2024-06-02T14:00,calibration,2.89,166,3.52,187,0.63,-1.12813,-0.68961,1.32221
2024-06-02T15:00,calibration,2.6,182,4.05,196,1.45,-1.02559,-1.29469,1.65169
2024-06-02T16:00,calibration,4.2,177,4.39,204,0.19,-2.00538,0.18378,2.01379
2024-06-02T17:00,calibration,2.62,198,3.62,204,1.0,-0.66276,-0.81527,1.05067
2024-06-02T18:00,calibration,3.41,185,4.22,202,0.81,-1.28364,-0.51569,1.38335
2024-06-02T19:00,calibration,2.93,172,3.42,218,0.49,-2.51334,0.20649,2.52181
2024-06-02T20:00,calibration,3.26,169,2.56,211,-0.7,-1.94053,1.00576,2.18569
2024-06-02T21:00,calibration,2.2,183,2.77,221,0.57,-1.70214,0.10644,1.70547
2024-06-02T22:00,calibration,1.56,220,2.58,234,1.02,-1.08452,-0.32146,1.13115
2024-06-02T23:00,calibration,1.53,191,1.51,188,-0.02,0.08179,0.00658,0.08205
2024-06-03T00:00,calibration,1.1,180,0.81,187,-0.29,-0.09871,0.29604,0.31206
2024-06-03T01:00,calibration,0.89,243,1.14,128,0.25,1.69133,-0.2978,1.71735
2024-06-03T02:00,calibration,0.92,229,0.76,113,-0.16,1.39392,0.30662,1.42724
2024-06-03T03:00,calibration,0.81,353,1.4,176,0.59,0.19637,-2.20055,2.2093
2024-06-03T04:00,calibration,1.2,318,1.61,210,0.41,-0.00204,-2.28607,2.28608
2024-06-03T05:00,calibration,0.63,198,2.14,217,1.51,-1.0932,-1.10991,1.55788
2024-06-03T06:00,calibration,0.67,297,1.77,227,1.1,-0.69752,-1.51131,1.66451
2024-06-03T07:00,calibration,0.5,143,1.2,228,0.7,-1.19268,-0.40364,1.25913
2024-06-03T08:00,calibration,0.51,169,1.39,210,0.88,-0.79231,-0.70315,1.05933
2024-06-03T09:00,calibration,1.2,132,1.24,194,0.04,-1.19176,-0.40021,1.25716
2024-06-03T10:00,calibration,0.3,90,1.06,229,0.76,-1.09999,-0.69542,1.30138
2024-06-03T11:00,calibration,1.39,249,1.34,243,-0.05,0.10373,-0.11022,0.15135
2024-06-03T12:00,calibration,1.3,247,1.41,225,0.11,0.19964,-0.48907,0.52825
2024-06-03T13:00,calibration,0.32,252,1.25,241,0.93,-0.78894,-0.50713,0.93787
2024-06-03T14:00,calibration,0.58,239,0.98,246,0.4,-0.39812,-0.09988,0.41046
2024-06-03T15:00,calibration,0.61,171,0.6,180,-0.01,-0.09543,0.00249,0.09546
2024-06-03T16:00,calibration,0.73,254,0.81,173,0.08,0.80044,-0.60275,1.002
2024-06-03T17:00,calibration,0.5,90,0.36,214,-0.14,-0.70131,-0.29845,0.76217
2024-06-03T18:00,calibration,0.82,14,0.22,297,-0.6,-0.3944,-0.69576,0.79977
2024-06-03T19:00,calibration,0.81,83,0.14,315,-0.67,-0.90296,0.00028,0.90296
2024-06-03T20:00,calibration,1.49,20,0.22,27,-1.27,-0.40973,-1.20412,1.27192
2024-06-03T21:00,calibration,1.41,45,0.36,146,-1.05,-0.79571,-1.29547,1.52033
2024-06-03T22:00,calibration,0.22,153,0.98,114,0.76,0.7954,-0.20258,0.82079
2024-06-03T23:00,calibration,1.1,90,1.36,107,0.26,0.20057,-0.39763,0.44535
2024-06-04T00:00,calibration,1.0,96,1.5,94,0.5,0.50182,-0.00011,0.50182
2024-06-04T01:00,calibration,1.17,110,1.25,61,0.08,-0.00617,1.00618,1.00619
2024-06-04T02:00,calibration,1.66,57,1.8,90,0.14,0.40781,-0.9041,0.99182
2024-06-04T03:00,calibration,0.81,120,1.9,108,1.09,1.10553,-0.18213,1.12043
2024-06-04T04:00,calibration,0.9,90,1.41,188,0.51,-1.09623,-1.39628,1.7752
2024-06-04T05:00,calibration,1.81,174,1.17,110,-0.64,0.91024,1.39992,1.66983
2024-06-04T06:00,calibration,2.02,57,1.43,102,-0.59,-0.29536,-1.39748,1.42836
2024-06-04T07:00,calibration,1.44,34,1.65,104,0.21,0.79575,-1.59299,1.78068
2024-06-04T08:00,calibration,1.14,52,0.45,63,-0.69,-0.49738,-0.49756,0.70353
2024-06-04T09:00,calibration,1.5,37,1.1,95,-0.4,0.19309,-1.29382,1.30815
2024-06-04T10:00,calibration,1.0,53,0.71,98,-0.29,-0.09555,-0.70063,0.70711
2024-06-04T11:00,calibration,0.41,14,0.72,146,0.31,0.30343,-0.99473,1.03998
2024-06-04T12:00,calibration,0.94,32,0.86,144,-0.08,0.00737,-1.49292,1.49294
2024-06-04T13:00,calibration,2.1,93,0.92,131,-1.18,-1.40279,-0.49367,1.48712
2024-06-04T14:00,calibration,2.33,137,1.58,145,-0.75,-0.68281,0.40979,0.79634
2024-06-04T15:00,calibration,2.61,122,2.13,139,-0.48,-0.816,-0.22444,0.8463
2024-06-04T16:00,calibration,3.53,115,2.28,142,-1.25,-1.79556,-0.30482,1.82125
2024-06-04T17:00,calibration,4.0,143,2.28,142,-1.72,-1.00355,1.39788,1.72081
2024-06-04T18:00,calibration,3.97,124,2.14,143,-1.83,-2.0034,0.51092,2.06752
2024-06-04T19:00,calibration,3.18,136,2.52,146,-0.66,-0.79985,0.19833,0.82407
2024-06-04T20:00,calibration,2.73,114,3.09,155,0.36,-1.18809,-1.6901,2.06591
2024-06-04T21:00,calibration,4.03,120,2.73,156,-1.3,-2.37969,-0.47898,2.42742
2024-06-04T22:00,calibration,3.55,112,2.39,147,-1.16,-1.98982,-0.67457,2.10105
2024-06-04T23:00,calibration,1.8,124,1.84,151,0.04,-0.60022,-0.60275,0.85063
2024-06-05T00:00,calibration,4.63,123,2.0,127,-2.63,-2.28577,1.31805,2.63856
2024-06-05T01:00,calibration,1.98,139,2.64,127,0.66,0.8094,-0.09447,0.81489
2024-06-05T02:00,calibration,2.26,347,2.55,135,0.29,2.31151,-4.0052,4.62436
2024-06-05T03:00,calibration,2.01,117,2.62,140,0.61,-0.10682,-1.09452,1.09972
2024-06-05T04:00,calibration,1.77,74,2.91,153,1.14,-0.38032,-3.08071,3.10409
2024-06-05T05:00,calibration,1.75,66,3.13,163,1.38,-0.68358,-3.70502,3.76756
2024-06-05T06:00,calibration,1.33,77,2.88,160,1.55,-0.31089,-3.0055,3.02154
2024-06-05T07:00,calibration,1.98,45,2.87,151,0.89,-0.00867,-3.91023,3.91024
2024-06-05T08:00,calibration,1.39,60,2.38,158,0.99,-0.31221,-2.9017,2.91845
2024-06-05T09:00,calibration,1.72,54,2.2,177,0.48,-1.27637,-3.20798,3.45257
2024-06-05T10:00,calibration,1.49,20,2.11,175,0.62,-0.32571,-3.50211,3.51723
2024-06-05T11:00,calibration,1.53,79,2.09,163,0.56,-0.89083,-2.29061,2.45774
2024-06-05T12:00,calibration,2.33,100,2.06,151,-0.27,-1.29589,-1.39712,1.90559
2024-06-05T13:00,calibration,1.97,114,2.25,148,0.28,-0.60737,-1.10684,1.26253
2024-06-05T14:00,calibration,1.93,159,2.62,140,0.69,0.99245,-0.20523,1.01345
2024-06-05T15:00,calibration,1.1,180,2.3,146,1.2,1.28614,-0.80679,1.51825
2024-06-05T16:00,calibration,0.63,252,2.5,180,1.87,0.59917,-2.30532,2.38191
2024-06-05T17:00,calibration,2.86,245,2.33,205,-0.53,1.60734,-0.90301,1.84363
2024-06-05T18:00,calibration,2.33,245,3.64,196,1.31,1.10838,-2.51429,2.74776
2024-06-05T19:00,calibration,2.58,216,1.61,173,-0.97,1.7127,0.48926,1.78121
2024-06-05T20:00,calibration,2.28,203,2.62,173,0.34,1.21016,-0.50172,1.31005
2024-06-05T21:00,calibration,2.69,195,2.26,193,-0.43,0.18783,0.39626,0.43853
2024-06-05T22:00,calibration,2.53,198,2.72,186,0.19,0.4975,-0.29893,0.5804
2024-06-05T23:00,calibration,2.96,192,2.52,173,-0.44,0.92253,0.3941,1.00318
2024-06-06T00:00,calibration,2.47,148,3.01,159,0.54,-0.23021,-0.7154,0.75153
2024-06-06T01:00,calibration,1.53,169,2.1,180,0.57,-0.29194,-0.59811,0.66556
2024-06-06T02:00,calibration,1.24,76,2.6,180,1.36,-1.20317,-2.89998,3.13967
2024-06-06T03:00,calibration,1.14,105,2.7,180,1.56,-1.10116,-2.40495,2.64505
2024-06-06T04:00,calibration,0.92,193,3.11,186,2.19,-0.11813,-2.19654,2.19972
2024-06-06T05:00,calibration,0.73,164,2.91,184,2.18,-0.40421,-2.20119,2.238
2024-06-06T06:00,calibration,2.55,191,3.42,187,0.87,0.06977,-0.89136,0.89408
2024-06-06T07:00,calibration,1.27,135,3.29,200,2.02,-2.02327,-2.19356,2.98418
2024-06-06T08:00,calibration,2.22,188,3.88,192,1.66,-0.49773,-1.59682,1.67259
2024-06-06T09:00,calibration,3.73,188,5.1,206,1.37,-1.71658,-0.89015,1.93365
2024-06-06T10:00,calibration,4.11,221,5.5,233,1.39,-1.69609,-0.20813,1.70881
2024-06-06T11:00,calibration,4.14,233,4.65,251,0.51,-1.09031,0.97762,1.46442
2024-06-06T12:00,calibration,4.39,246,4.4,249,0.01,-0.09729,0.20875,0.23031
2024-06-06T13:00,calibration,4.03,263,4.6,269,0.57,-0.59934,0.41085,0.72664
2024-06-06T14:00,calibration,5.19,251,4.61,274,-0.58,0.30847,2.01128,2.03479
2024-06-06T15:00,calibration,5.1,272,4.5,271,-0.6,0.59758,-0.09945,0.6058
2024-06-06T16:00,calibration,5.1,271,4.6,269,-0.5,0.49992,-0.16929,0.52781
2024-06-06T17:00,calibration,5.3,271,4.6,269,-0.7,0.69989,-0.17278,0.7209
2024-06-06T18:00,calibration,4.67,260,4.4,269,-0.27,0.19972,0.73415,0.76083
2024-06-06T19:00,calibration,5.0,268,4.8,270,-0.2,0.19695,0.1745,0.26314
2024-06-06T20:00,calibration,5.05,262,5.35,287,0.3,-0.11538,2.26701,2.26995
2024-06-06T21:00,calibration,2.39,213,3.0,272,0.61,-1.69649,2.10912,2.70674
2024-06-06T22:00,calibration,4.58,234,3.26,243,-1.32,0.80062,1.21205,1.4526
2024-06-06T23:00,calibration,3.83,229,2.64,233,-1.19,0.78214,0.92391,1.21052
2024-06-07T00:00,calibration,0.5,270,3.18,226,2.68,-1.7875,-2.20901,2.84164
2024-06-07T01:00,calibration,2.21,162,1.9,288,-0.31,-2.48993,2.68897,3.66474
2024-06-07T02:00,calibration,0.81,60,1.92,219,1.11,-1.90978,-1.89712,2.6919
2024-06-07T03:00,calibration,1.92,219,1.22,305,-0.7,0.20893,2.19188,2.20182
2024-06-07T04:00,calibration,0.86,126,0.41,104,-0.45,-0.29793,0.40631,0.50384
2024-06-07T05:00,calibration,0.98,246,1.77,196,0.79,0.4074,-1.30283,1.36504
2024-06-07T06:00,calibration,0.2,360,2.21,252,2.01,-2.10183,-0.88293,2.27975
2024-06-07T07:00,calibration,0.86,234,1.92,242,1.06,-0.9995,-0.39589,1.07505
2024-06-07T08:00,calibration,1.0,233,2.52,236,1.52,-1.29054,-0.80735,1.52227
2024-06-07T09:00,calibration,0.32,198,2.86,258,2.54,-2.69862,-0.29029,2.71418
2024-06-07T10:00,calibration,0.6,270,3.1,268,2.5,-2.49811,-0.10819,2.50045
2024-06-07T11:00,calibration,0.81,210,3.26,259,2.45,-2.7951,0.07944,2.79623
2024-06-07T12:00,calibration,2.56,239,2.57,257,0.01,-0.30978,0.74037,0.80257
2024-06-07T13:00,calibration,3.95,279,3.83,263,-0.12,0.09992,-1.08468,1.08927
2024-06-07T14:00,calibration,5.14,277,5.1,270,-0.04,0.00169,-0.62641,0.62641
2024-06-07T15:00,calibration,5.6,269,6.92,274,1.32,-1.304,0.58045,1.42735
2024-06-07T16:00,calibration,5.53,264,6.8,272,1.27,-1.29615,0.81536,1.53128
2024-06-07T17:00,calibration,6.2,270,6.84,282,0.64,-0.49053,1.42212,1.50434
2024-06-07T18:00,calibration,6.12,259,6.36,286,0.24,-0.10607,2.9208,2.92273
2024-06-07T19:00,calibration,6.21,273,6.96,288,0.75,-0.41786,1.82575,1.87296
2024-06-07T20:00,calibration,5.5,272,6.62,285,1.12,-0.89778,1.52143,1.76657
2024-06-07T21:00,calibration,4.95,262,5.85,283,0.9,-0.79824,2.00487,2.15794
2024-06-07T22:00,calibration,3.98,245,5.82,289,1.84,-1.89581,3.57683,4.04818
2024-06-07T23:00,calibration,5.02,247,4.68,286,-0.34,0.12223,3.25145,3.25375
2024-06-08T00:00,calibration,1.94,235,2.45,282,0.51,-0.80731,1.62212,1.81191
2024-06-08T01:00,calibration,2.78,210,3.33,237,0.55,-1.40277,0.5939,1.52332
2024-06-08T02:00,calibration,1.46,254,3.31,267,1.85,-1.90202,0.2292,1.91578
2024-06-08T03:00,calibration,2.97,315,2.66,304,-0.31,-0.10513,-0.61265,0.62161
2024-06-08T04:00,calibration,0.76,23,1.96,285,1.2,-2.19017,-0.1923,2.1986
2024-06-08T05:00,calibration,1.2,275,2.32,277,1.12,-1.10727,0.17815,1.12151
2024-06-08T06:00,calibration,1.12,243,2.35,282,1.23,-1.30072,0.99706,1.6389
2024-06-08T07:00,calibration,0.98,246,2.21,275,1.23,-1.30632,0.59122,1.43387
2024-06-08T08:00,calibration,1.14,218,2.55,281,1.41,-1.8013,1.3849,2.27214
2024-06-08T09:00,calibration,1.39,201,2.09,287,0.7,-1.50055,1.90873,2.42794
2024-06-08T10:00,calibration,0.14,225,2.32,277,2.18,-2.20371,0.38173,2.23653
2024-06-08T11:00,calibration,0.6,270,2.63,279,2.03,-1.99762,0.41142,2.03955
2024-06-08T12:00,calibration,1.77,254,1.8,270,0.03,-0.09857,0.48788,0.49774
2024-06-08T13:00,calibration,3.14,261,2.63,261,-0.51,0.50372,0.07978,0.51
2024-06-08T14:00,calibration,3.86,260,4.02,264,0.16,-0.19662,0.25008,0.31812
2024-06-08T15:00,calibration,3.42,263,4.22,265,0.8,-0.80943,0.049,0.81092
2024-06-08T16:00,calibration,4.24,262,3.73,262,-0.51,0.50504,0.07098,0.51
2024-06-08T17:00,calibration,4.08,259,3.91,267,-0.17,0.1004,0.57387,0.58258
2024-06-08T18:00,calibration,4.3,271,3.72,276,-0.58,0.59972,0.3138,0.67686
2024-06-08T19:00,calibration,3.9,269,3.31,273,-0.59,0.59394,0.2413,0.64109
2024-06-08T20:00,calibration,4.11,252,3.5,272,-0.61,0.41097,1.39221,1.4516
2024-06-08T21:00,calibration,3.85,245,3.91,273,0.06,-0.41536,1.83171,1.87822
2024-06-08T22:00,calibration,3.8,243,3.41,267,-0.39,-0.0195,1.5467,1.54682
2024-06-08T23:00,calibration,3.41,238,4.61,229,1.2,-0.58737,-1.21741,1.3517
2024-06-09T00:00,calibration,2.91,243,3.54,227,0.63,0.00384,-1.09316,1.09317
2024-06-09T01:00,calibration,2.72,186,2.56,219,-0.16,-1.32674,0.71561,1.50743
2024-06-09T02:00,calibration,3.71,207,3.72,204,0.01,0.17124,-0.09275,0.19475
2024-06-09T03:00,calibration,3.16,198,3.94,207,0.78,-0.81223,-0.50523,0.95654
2024-06-09T04:00,calibration,3.13,197,4.1,214,0.97,-1.37757,-0.40582,1.4361
2024-06-09T05:00,calibration,3.31,205,4.64,217,1.33,-1.39356,-0.70579,1.56209
2024-06-09T06:00,calibration,4.22,211,4.7,218,0.48,-0.72015,-0.0864,0.72531
2024-06-09T07:00,calibration,4.22,216,4.69,230,0.47,-1.11229,0.39938,1.18182
2024-06-09T08:00,calibration,4.68,228,5.16,238,0.48,-0.89801,0.39715,0.98191
2024-06-09T09:00,calibration,5.05,236,5.37,246,0.32,-0.7191,0.63975,0.96249
2024-06-09T10:00,calibration,3.68,317,4.77,280,1.09,-2.18778,-1.86308,2.87358
2024-06-09T11:00,calibration,3.69,311,4.83,320,1.14,-0.31979,1.27914,1.3185
2024-06-09T12:00,calibration,5.02,316,4.48,321,-0.54,0.66783,-0.12947,0.68026
2024-06-09T13:00,calibration,3.96,315,4.44,324,0.48,0.19038,0.79189,0.81446
2024-06-09T14:00,calibration,4.22,306,4.62,321,0.4,0.50659,1.10996,1.2201
2024-06-09T15:00,calibration,4.05,310,4.31,316,0.26,0.1085,0.49706,0.50877
2024-06-09T16:00,calibration,3.83,303,4.2,308,0.37,-0.09754,0.49981,0.50924
2024-06-09T17:00,calibration,4.44,301,4.47,304,0.03,0.10002,0.21282,0.23516
2024-06-09T18:00,calibration,4.65,295,4.41,303,-0.24,0.51579,0.43668,0.67582
2024-06-09T19:00,calibration,4.97,285,5.11,293,0.14,0.09687,0.71031,0.71688
2024-06-09T20:00,calibration,3.61,273,5.41,295,1.8,-1.29807,2.09743,2.46662
2024-06-09T21:00,calibration,4.06,280,5.55,293,1.49,-1.11048,1.46355,1.83716
2024-06-09T22:00,calibration,4.6,271,5.78,300,1.18,-0.40633,2.80972,2.83895
2024-06-09T23:00,calibration,3.51,267,4.63,303,1.12,-0.37786,2.70538,2.73164
2024-06-10T00:00,calibration,3.28,258,4.22,301,0.94,-0.40892,2.85541,2.88454
2024-06-10T01:00,calibration,1.22,279,3.0,272,1.78,-1.79319,-0.08615,1.79526
2024-06-10T02:00,calibration,1.4,270,2.47,256,1.07,-0.99663,-0.59755,1.16204
2024-06-10T03:00,calibration,0.81,240,2.42,277,1.61,-1.70048,0.69992,1.83889
2024-06-10T04:00,calibration,1.66,237,2.16,283,0.5,-0.71245,1.39,1.56194
2024-06-10T05:00,calibration,0.51,259,2.38,285,1.87,-1.79827,0.7133,1.93458
2024-06-10T06:00,calibration,0.71,262,2.5,307,1.79,-1.2935,1.60335,2.06007
2024-06-10T07:00,calibration,0.94,302,2.8,325,1.86,-0.80885,1.7955,1.96928
2024-06-10T08:00,calibration,1.08,304,2.77,334,1.69,-0.31893,1.88573,1.91251
2024-06-10T09:00,calibration,0.92,229,2.51,331,1.59,-0.52254,2.79887,2.84723
2024-06-10T10:00,calibration,0.7,270,2.24,333,1.54,-0.31694,1.99585,2.02086
2024-06-10T11:00,calibration,0.3,90,1.71,339,1.41,-0.91281,1.59642,1.83896
2024-06-10T12:00,calibration,2.3,2,1.87,344,-0.43,-0.59571,-0.50104,0.7784
2024-06-10T13:00,calibration,1.33,13,1.02,349,-0.31,-0.49381,-0.29465,0.57504
2024-06-10T14:00,calibration,1.46,16,2.33,313,0.87,-2.10648,0.18561,2.11465
2024-06-10T15:00,calibration,2.02,327,3.44,306,1.42,-1.68285,0.32787,1.71449
2024-06-10T16:00,calibration,2.52,326,3.2,309,0.68,-1.0777,-0.07535,1.08033
2024-06-10T17:00,calibration,2.55,315,2.92,308,0.37,-0.49787,-0.00539,0.4979
2024-06-10T18:00,calibration,2.72,324,2.84,309,0.12,-0.60832,-0.41326,0.73541
2024-06-10T19:00,calibration,2.52,304,2.77,311,0.25,-0.00137,0.40812,0.40812
2024-06-10T20:00,calibration,3.5,323,3.98,321,0.48,-0.39834,0.29782,0.49736
2024-06-10T21:00,calibration,4.04,312,4.58,328,0.54,0.57527,1.18077,1.31346
2024-06-10T22:00,calibration,3.42,308,4.25,330,0.83,0.57,1.57505,1.67501
2024-06-10T23:00,calibration,3.47,319,3.55,328,0.08,0.39531,0.39173,0.55653
2024-06-11T00:00,calibration,3.31,331,3.47,327,0.16,-0.28518,0.0152,0.28558
2024-06-11T01:00,calibration,1.7,315,3.09,335,1.39,-0.10381,1.59841,1.60178
2024-06-11T02:00,calibration,0.51,349,2.69,329,2.18,-1.28814,1.80515,2.21763
2024-06-11T03:00,calibration,2.18,344,2.25,328,0.07,-0.59143,-0.18744,0.62042
2024-06-11T04:00,calibration,1.7,315,1.63,313,-0.07,0.00997,-0.09042,0.09097
2024-06-11T05:00,calibration,1.02,259,1.53,302,0.51,-0.29625,1.0054,1.04814
2024-06-11T06:00,calibration,0.9,270,1.61,277,0.71,-0.698,0.19621,0.72505
2024-06-11T07:00,calibration,1.6,266,1.94,258,0.34,-0.3015,-0.29174,0.41954
2024-06-11T08:00,calibration,1.25,209,2.0,270,0.75,-1.39399,1.09327,1.77157
2024-06-11T09:00,calibration,1.3,302,2.21,288,0.91,-0.99937,-0.00597,0.99939
2024-06-11T10:00,calibration,1.14,232,2.19,294,1.05,-1.10233,1.59261,1.93689
2024-06-11T11:00,calibration,1.04,253,1.84,292,0.8,-0.71146,0.99334,1.22185
2024-06-11T12:00,calibration,1.87,286,1.44,304,-0.43,0.60375,0.2898,0.66969
2024-06-11T13:00,calibration,1.82,279,2.33,301,0.51,-0.19961,0.91533,0.93684
2024-06-11T14:00,calibration,2.18,286,2.61,302,0.43,-0.11786,0.7822,0.79103
2024-06-11T15:00,calibration,2.76,314,2.5,307,-0.26,-0.01121,-0.41272,0.41287
2024-06-11T16:00,calibration,3.24,304,2.5,307,-0.74,0.68949,-0.30725,0.75485
2024-06-11T17:00,calibration,2.6,293,2.27,311,-0.33,0.68012,0.47335,0.82863
2024-06-11T18:00,calibration,1.49,290,2.13,319,0.64,0.00274,1.09792,1.09792
2024-06-11T19:00,calibration,2.64,307,2.2,321,-0.44,0.72389,0.12093,0.73392
2024-06-11T20:00,calibration,2.25,328,2.56,321,0.31,-0.41874,0.08139,0.42658
2024-06-11T21:00,calibration,2.64,299,2.44,325,-0.2,0.90947,0.71883,1.15925
2024-06-11T22:00,calibration,1.63,313,1.58,325,-0.05,0.28586,0.1826,0.3392
2024-06-11T23:00,calibration,1.21,336,1.55,345,0.34,0.09098,0.3918,0.40222
2024-06-12T00:00,calibration,2.72,287,2.24,27,-0.48,3.61809,1.2006,3.81209
2024-06-12T01:00,calibration,1.8,19,1.3,86,-0.5,0.71081,-1.61125,1.76107
2024-06-12T02:00,calibration,0.22,153,1.52,113,1.3,1.29929,-0.39789,1.35885
2024-06-12T03:00,calibration,0.64,39,1.35,138,0.71,0.50056,-1.50062,1.5819
2024-06-12T04:00,calibration,0.58,31,2.06,141,1.48,0.99768,-2.09808,2.32321
2024-06-12T05:00,calibration,1.43,12,2.12,161,0.69,0.39289,-3.40325,3.42585
2024-06-12T06:00,calibration,0.86,126,1.36,163,0.5,-0.29813,-0.79508,0.84914
2024-06-12T07:00,calibration,0.5,90,1.12,153,0.62,0.00847,-0.99793,0.99796
2024-06-12T08:00,calibration,0.86,36,1.5,176,0.64,-0.40086,-2.1921,2.22845
2024-06-12T09:00,calibration,1.39,21,2.12,172,0.73,-0.20308,-3.39705,3.40311
2024-06-12T10:00,calibration,2.42,30,1.84,193,-0.58,-1.62391,-3.88862,4.21408
2024-06-12T11:00,calibration,1.55,15,2.25,212,0.7,-1.59349,-3.40529,3.75968
2024-06-12T12:00,calibration,0.5,90,1.39,201,0.89,-0.99813,-1.29768,1.63714
2024-06-12T13:00,calibration,1.41,172,1.39,210,-0.02,-0.89123,0.1925,0.91179
2024-06-12T14:00,calibration,3.04,189,2.0,217,-1.04,-0.72807,1.4053,1.58271
2024-06-12T15:00,calibration,1.91,223,2.61,238,0.7,-0.91079,0.0138,0.91089
2024-06-12T16:00,calibration,2.53,252,3.06,259,0.53,-0.59761,0.19794,0.62953
2024-06-12T17:00,calibration,2.2,240,2.86,258,0.66,-0.89225,0.50537,1.02543
2024-06-12T18:00,calibration,1.51,278,2.47,256,0.96,-0.90133,-0.8077,1.21027
2024-06-12T19:00,calibration,1.61,240,1.87,254,0.26,-0.40326,0.28956,0.49645
2024-06-12T20:00,calibration,2.4,270,1.41,278,-0.99,1.00372,0.19623,1.02272
2024-06-12T21:00,calibration,1.97,246,1.9,273,-0.07,-0.09771,0.90071,0.90599
2024-06-12T22:00,calibration,1.1,275,1.9,273,0.8,-0.80158,0.00357,0.80159
2024-06-12T23:00,calibration,2.13,229,1.08,292,-1.05,0.60617,1.80198,1.90121
2024-06-13T00:00,calibration,1.86,216,0.92,167,-0.94,1.30024,0.60835,1.43552
2024-06-13T01:00,calibration,1.84,221,0.41,166,-1.43,1.30634,0.99084,1.6396
2024-06-13T02:00,calibration,1.8,177,1.71,159,-0.09,0.5186,0.20111,0.55623
2024-06-13T03:00,calibration,1.33,193,2.62,187,1.29,-0.02011,-1.30456,1.30471
2024-06-13T04:00,calibration,2.51,29,2.28,218,-0.23,-2.62058,-3.99196,4.77527
2024-06-13T05:00,calibration,1.84,193,1.78,232,-0.06,-0.98875,0.69696,1.2097
2024-06-13T06:00,calibration,0.89,117,1.4,180,0.51,-0.793,-0.99595,1.27309
2024-06-13T07:00,calibration,1.0,37,1.68,163,0.68,-0.11063,-2.40523,2.40777
2024-06-13T08:00,calibration,1.3,94,1.12,170,-0.18,-1.10235,-1.0123,1.49664
2024-06-13T09:00,calibration,1.22,81,2.02,171,0.8,-0.88898,-2.18598,2.35983
2024-06-13T10:00,calibration,1.94,12,2.22,172,0.28,-0.09438,-4.096,4.09709
2024-06-13T11:00,calibration,1.43,12,2.31,185,0.88,-0.49864,-3.69996,3.73341
2024-06-13T12:00,calibration,0.4,90,1.17,200,0.77,-0.80016,-1.09944,1.35979
2024-06-13T13:00,calibration,1.63,191,1.39,201,-0.24,-0.18711,0.30238,0.35559
2024-06-13T14:00,calibration,2.21,198,1.86,216,-0.35,-0.41035,0.59706,0.72448
2024-06-13T15:00,calibration,3.52,215,2.19,223,-1.33,0.52541,1.28175,1.38526
2024-06-13T16:00,calibration,3.04,224,2.41,222,-0.63,0.49916,0.39581,0.63704
2024-06-13T17:00,calibration,2.69,228,2.48,227,-0.21,0.1853,0.10861,0.21478
2024-06-13T18:00,calibration,2.47,201,2.56,219,0.09,-0.72589,0.31645,0.79187
2024-06-13T19:00,calibration,3.14,211,2.82,207,-0.32,0.33697,0.17887,0.3815
2024-06-13T20:00,calibration,3.54,225,2.91,221,-0.63,0.59403,0.30695,0.66865
2024-06-13T21:00,calibration,3.39,225,3.05,229,-0.34,0.09523,0.39611,0.4074
2024-06-13T22:00,calibration,3.16,215,2.83,228,-0.33,-0.2906,0.69488,0.7532
2024-06-13T23:00,calibration,2.94,215,2.41,222,-0.53,0.07371,0.61733,0.62171
2024-06-14T00:00,calibration,2.56,201,2.1,205,-0.46,0.02992,0.48672,0.48764
2024-06-14T01:00,calibration,1.04,197,3.14,202,2.1,-0.8722,-1.9168,2.10591
2024-06-14T02:00,calibration,2.16,193,2.9,224,0.74,-1.52861,0.01855,1.52873
2024-06-14T03:00,calibration,1.75,204,2.58,234,0.83,-1.37547,0.08222,1.37793
2024-06-14T04:00,calibration,1.14,218,2.48,230,1.34,-1.19794,-0.69578,1.38534
2024-06-14T05:00,calibration,1.43,205,2.51,209,1.08,-0.61253,-0.89928,1.08807
2024-06-14T06:00,calibration,0.8,180,2.61,212,1.81,-1.38309,-1.41341,1.97754
2024-06-14T07:00,calibration,1.1,270,2.52,214,1.42,-0.30917,-2.08917,2.11193
2024-06-14T08:00,calibration,0.67,297,2.41,222,1.74,-1.01563,-2.09515,2.32834
2024-06-14T09:00,calibration,3.27,23,1.7,220,-1.57,-2.37043,-4.31233,4.92088
2024-06-14T10:00,calibration,1.41,82,1.22,279,-0.19,-2.60126,-0.00538,2.60126
2024-06-14T11:00,calibration,1.21,66,1.71,201,0.5,-1.7182,-2.08857,2.70451
2024-06-14T12:00,calibration,0.95,198,1.98,221,1.03,-1.00543,-0.59082,1.16617
2024-06-14T13:00,calibration,2.5,196,1.97,204,-0.53,-0.11218,0.60347,0.61381
2024-06-14T14:00,calibration,2.16,236,1.86,234,-0.3,0.28595,0.11458,0.30805
2024-06-14T15:00,calibration,1.26,198,0.98,246,-0.28,-0.50591,0.79973,0.94632
2024-06-14T16:00,calibration,1.84,248,3.01,201,1.17,0.62733,-2.1208,2.21164
2024-06-14T17:00,calibration,2.28,285,1.92,231,-0.36,0.71019,-1.7984,1.93355
2024-06-14T18:00,calibration,3.54,352,1.2,265,-2.34,-0.70276,-3.61014,3.6779
2024-06-14T19:00,calibration,2.62,7,4.54,346,1.92,-1.41762,1.80467,2.29488
2024-06-14T20:00,calibration,2.62,40,1.36,343,-1.26,-2.08173,-0.70646,2.19834
2024-06-14T21:00,calibration,1.78,322,1.26,342,-0.52,0.70652,-0.20433,0.73547
2024-06-14T22:00,calibration,1.66,295,3.38,341,1.72,0.40405,2.49431,2.52682
2024-06-14T23:00,calibration,1.86,216,1.7,315,-0.16,-0.1088,2.70685,2.70904
2024-06-15T00:00,calibration,0.64,321,2.2,330,1.56,-0.69723,1.40788,1.57107
2024-06-15T01:00,calibration,1.8,161,1.12,297,-0.68,-1.58395,2.2104,2.71933
2024-06-15T02:00,calibration,2.26,257,2.75,327,0.49,0.70432,2.81473,2.90152
2024-06-15T03:00,calibration,2.42,322,3.06,349,0.64,0.90603,1.09679,1.42262
2024-06-15T04:00,calibration,1.66,245,2.86,335,1.2,0.29578,3.29359,3.30684
2024-06-15T05:00,calibration,1.48,242,2.69,329,1.21,-0.07869,3.0006,3.00163
2024-06-15T06:00,calibration,1.98,229,2.5,323,0.52,-0.01021,3.29559,3.2956
2024-06-15T07:00,calibration,1.5,266,2.55,318,1.05,-0.20994,1.99965,2.01064
2024-06-15T08:00,calibration,1.56,225,2.66,326,1.1,-0.38437,3.30833,3.33058
2024-06-15T09:00,calibration,2.16,214,2.12,341,-0.04,0.51765,3.79522,3.83036
2024-06-15T10:00,calibration,2.51,209,1.92,9,-0.59,1.51723,4.09166,4.3639
2024-06-15T11:00,calibration,0.32,252,2.15,22,1.83,1.10974,2.09233,2.36841
2024-06-15T12:00,calibration,0.91,354,1.3,360,0.39,0.09512,0.39499,0.40628
2024-06-15T13:00,calibration,1.3,23,1.04,17,-0.26,-0.20388,-0.2021,0.28708
2024-06-15T14:00,calibration,1.53,349,1.26,18,-0.27,0.6813,-0.30356,0.74587
2024-06-15T15:00,calibration,2.72,343,1.61,7,-1.11,0.99146,-1.00315,1.41043
2024-06-15T16:00,calibration,2.3,358,1.82,351,-0.48,-0.20444,-0.50101,0.54111
2024-06-15T17:00,calibration,2.41,355,1.91,354,-0.5,0.0104,-0.50129,0.5014
2024-06-15T18:00,calibration,2.73,352,1.9,357,-0.83,0.2805,-0.80604,0.85345
2024-06-15T19:00,calibration,3.31,357,2.1,357,-1.21,0.06333,-1.20834,1.21
2024-06-15T20:00,calibration,3.08,13,2.0,3,-1.08,-0.58818,-1.0038,1.16343
2024-06-15T21:00,calibration,2.72,6,2.02,351,-0.7,-0.60032,-0.70997,0.92975
2024-06-15T22:00,calibration,2.8,2,2.11,355,-0.69,-0.28162,-0.69632,0.75112
2024-06-15T23:00,calibration,2.12,341,1.8,357,-0.32,0.596,-0.20697,0.63091
2024-06-16T00:00,calibration,2.53,9,0.98,336,-1.55,-0.79438,-1.60358,1.78955
2024-06-16T01:00,calibration,1.34,27,1.32,351,-0.02,-0.81484,0.1098,0.82221
2024-06-16T02:00,calibration,0.5,360,1.5,53,1.0,1.19795,0.40272,1.26383
2024-06-16T03:00,calibration,0.73,196,1.26,108,0.53,1.39955,0.31236,1.43398
2024-06-16T04:00,calibration,1.64,308,2.05,133,0.41,2.79161,-2.40778,3.68653
2024-06-16T05:00,calibration,0.4,360,1.7,118,1.3,1.50101,-1.1981,1.92054
2024-06-16T06:00,calibration,0.67,207,1.41,98,0.74,1.70045,0.40074,1.74703
2024-06-16T07:00,calibration,1.14,345,1.89,58,0.75,1.89786,-0.09961,1.90048
2024-06-16T08:00,calibration,0.28,135,2.56,51,2.28,1.7915,1.80905,2.54601
2024-06-16T09:00,calibration,0.45,27,1.92,62,1.47,1.49096,0.50043,1.57271
2024-06-16T10:00,calibration,1.25,29,2.25,69,1.0,1.49454,-0.28695,1.52184
2024-06-16T11:00,calibration,0.57,45,2.28,67,1.71,1.6957,0.48782,1.76447
2024-06-16T12:00,calibration,2.11,59,1.8,71,-0.31,-0.10669,-0.50071,0.51195
2024-06-16T13:00,calibration,2.2,87,1.84,103,-0.36,-0.40414,-0.52905,0.66575
2024-06-16T14:00,calibration,2.47,111,2.27,131,-0.2,-0.59275,-0.60409,0.84633
2024-06-16T15:00,calibration,2.27,139,2.61,148,0.34,-0.10616,-0.50021,0.51136
2024-06-16T16:00,calibration,2.08,145,2.91,164,0.83,-0.39093,-1.09344,1.16122
2024-06-16T17:00,calibration,2.91,164,3.0,178,0.09,-0.69741,-0.2009,0.72577
2024-06-16T18:00,calibration,2.79,159,3.31,175,0.52,-0.71136,-0.69272,0.99292
2024-06-16T19:00,calibration,3.06,169,3.71,185,0.65,-0.90722,-0.6921,1.14108
2024-06-16T20:00,calibration,2.98,166,3.52,187,0.54,-1.14991,-0.60228,1.29809
2024-06-16T21:00,calibration,3.7,142,4.06,190,0.36,-2.98296,-1.08268,3.17336
2024-06-16T22:00,calibration,3.42,159,3.51,175,0.09,-0.9197,-0.3038,0.96858
2024-06-16T23:00,calibration,3.71,183,2.16,146,-1.55,1.40202,1.91419,2.37272
2024-06-17T00:00,calibration,2.19,156,2.42,150,0.23,0.31925,-0.09512,0.33312
2024-06-17T01:00,calibration,1.1,185,2.48,130,1.38,1.99566,-0.4983,2.05693
2024-06-17T02:00,calibration,1.63,101,3.05,131,1.42,0.70181,-1.68996,1.82989
2024-06-17T03:00,calibration,1.2,90,3.08,144,1.88,0.61038,-2.49177,2.56544
2024-06-17T04:00,calibration,0.95,72,3.3,166,2.35,-0.10516,-3.49554,3.49712
2024-06-17T05:00,calibration,1.39,150,3.4,178,2.01,-0.57634,-2.19415,2.26859
2024-06-17T06:00,calibration,2.28,165,3.42,187,1.14,-1.0069,-1.1922,1.56051
2024-06-17T07:00,calibration,1.68,163,3.37,192,1.69,-1.19185,-1.68977,2.0678
2024-06-17T08:00,calibration,0.28,135,3.14,189,2.86,-0.68919,-2.90335,2.98403
2024-06-17T09:00,calibration,0.72,56,2.63,189,1.91,-1.00833,-3.00024,3.16515
2024-06-17T10:00,calibration,2.48,50,2.3,180,-0.18,-1.89979,-3.89411,4.33282
2024-06-17T11:00,calibration,1.7,62,2.7,178,1.0,-1.40678,-3.49646,3.76885
2024-06-17T12:00,calibration,1.26,198,2.1,177,0.84,0.49927,-0.89879,1.02815
2024-06-17T13:00,calibration,1.39,249,2.22,172,0.83,1.60664,-1.70026,2.33927
2024-06-17T14:00,calibration,2.56,201,2.44,161,-0.12,1.71181,0.0829,1.71381
2024-06-17T15:00,calibration,3.61,194,2.81,176,-0.8,1.06935,0.69961,1.27788
2024-06-17T16:00,calibration,2.08,215,1.97,210,-0.11,0.20804,-0.00223,0.20805
2024-06-17T17:00,calibration,3.05,212,1.77,196,-1.28,1.12838,0.88511,1.43411
2024-06-17T18:00,calibration,2.44,215,1.61,210,-0.83,0.59453,0.60443,0.84782
2024-06-17T19:00,calibration,1.94,235,1.7,220,-0.24,0.49642,-0.18954,0.53137
2024-06-17T20:00,calibration,1.7,183,2.05,223,0.35,-1.30913,0.1984,1.32407
2024-06-17T21:00,calibration,1.43,168,3.05,247,1.62,-3.10485,0.20702,3.11175
2024-06-17T22:00,calibration,6.37,318,2.51,265,-3.86,1.76191,-4.95259,5.25666
2024-06-17T23:00,calibration,3.8,88,1.92,261,-1.88,-5.69405,-0.43297,5.71048
2024-06-18T00:00,calibration,0.82,256,1.12,243,0.3,-0.20228,-0.31009,0.37024
2024-06-18T01:00,calibration,1.58,55,1.79,117,0.21,0.30064,-1.71889,1.74499
2024-06-18T02:00,calibration,0.86,306,1.43,155,0.57,1.3001,-1.80152,2.22165
2024-06-18T03:00,calibration,0.57,225,1.36,163,0.79,0.80068,-0.89752,1.20276
2024-06-18T04:00,calibration,0.41,346,1.53,169,1.12,0.39113,-1.89971,1.93956
2024-06-18T05:00,calibration,0.9,360,1.44,146,0.54,0.80524,-2.09381,2.24332
2024-06-18T06:00,calibration,1.65,76,1.55,165,-0.1,-1.19982,-1.89636,2.24404
2024-06-18T07:00,calibration,1.02,349,2.09,197,1.07,-0.41643,-2.99994,3.0287
2024-06-18T08:00,calibration,0.5,127,2.19,204,1.69,-1.29007,-1.69976,2.13388
2024-06-18T09:00,calibration,0.3,360,1.79,207,1.49,-0.81264,-1.8949,2.06181
2024-06-18T10:00,calibration,1.58,55,1.6,176,0.02,-1.18265,-2.50235,2.76775
2024-06-18T11:00,calibration,1.58,35,1.63,169,0.05,-0.59523,-2.89431,2.95489
2024-06-18T12:00,calibration,1.04,73,1.17,149,0.13,-0.39196,-1.30695,1.36446
2024-06-18T13:00,calibration,1.26,108,1.5,143,0.24,-0.29561,-0.80859,0.86093
2024-06-18T14:00,calibration,0.98,156,1.48,152,0.5,0.29622,-0.41149,0.50702
2024-06-18T15:00,calibration,0.42,225,1.88,155,1.46,1.09151,-1.40687,1.78064
2024-06-18T16:00,calibration,0.22,117,1.57,207,1.35,-0.90879,-1.299,1.58534
2024-06-18T17:00,calibration,1.36,144,2.34,340,0.98,-1.59972,3.29914,3.66653
2024-06-18T18:00,calibration,0.63,252,1.43,102,0.8,1.99792,-0.10263,2.00055
2024-06-18T19:00,calibration,2.94,125,2.21,72,-0.73,-0.30647,2.36924,2.38898
2024-06-18T20:00,calibration,1.43,115,2.63,99,1.2,1.3016,0.19292,1.31582
2024-06-18T21:00,calibration,3.36,113,2.42,114,-0.94,-0.88212,0.32855,0.94132
2024-06-18T22:00,calibration,0.1,270,1.91,84,1.81,1.99954,0.19965,2.00948
2024-06-18T23:00,calibration,3.12,40,1.91,84,-1.21,-0.10596,-2.19041,2.19297
2024-06-19T00:00,calibration,1.0,53,1.6,90,0.6,0.80136,-0.60182,1.00218
2024-06-19T01:00,calibration,1.52,23,1.7,62,0.18,0.9071,-0.60107,1.08817
2024-06-19T02:00,calibration,0.73,16,1.94,78,1.21,1.69639,-0.29837,1.72243
2024-06-19T03:00,calibration,1.02,11,2.45,102,1.43,2.20184,-1.51064,2.67023
2024-06-19T04:00,calibration,1.1,90,2.25,122,1.15,0.80811,-1.19232,1.44037
2024-06-19T05:00,calibration,1.14,105,2.88,160,1.74,-0.11614,-2.41126,2.41406
2024-06-19T06:00,calibration,1.1,5,2.65,169,1.55,0.40977,-3.69713,3.71977
2024-06-19T07:00,calibration,0.5,53,2.3,178,1.8,-0.31905,-2.59951,2.61901
2024-06-19T08:00,calibration,1.41,8,2.2,177,0.79,-0.08109,-3.59326,3.59418
2024-06-19T09:00,calibration,1.53,32,2.02,171,0.49,-0.49478,-3.29264,3.32961
2024-06-19T10:00,calibration,1.39,60,1.96,165,0.57,-0.69649,-2.58821,2.68029
2024-06-19T11:00,calibration,1.75,24,2.45,168,0.7,-0.20241,-3.99517,4.00029
2024-06-19T12:00,calibration,0.89,153,1.8,180,0.91,-0.40405,-1.007,1.08504
2024-06-19T13:00,calibration,2.01,186,2.35,192,0.34,-0.27849,-0.29966,0.40909
2024-06-19T14:00,calibration,2.22,216,2.55,191,0.33,0.81832,-0.70713,1.08152
2024-06-19T15:00,calibration,1.68,197,1.84,202,0.16,-0.19809,-0.09943,0.22164
2024-06-19T16:00,calibration,1.66,205,1.22,189,-0.44,0.5107,0.29949,0.59204
2024-06-19T17:00,calibration,1.28,231,1.36,126,0.08,2.09501,0.00614,2.09502
2024-06-19T18:00,calibration,0.51,191,1.98,135,1.47,1.49738,-0.89944,1.74676
2024-06-19T19:00,calibration,1.41,225,2.2,141,0.79,2.38153,-0.7127,2.48588
2024-06-19T20:00,calibration,2.6,254,2.04,169,-0.56,2.88853,-1.28586,3.16181
2024-06-19T21:00,calibration,1.81,276,1.5,217,-0.31,0.89736,-1.38715,1.6521
2024-06-19T22:00,calibration,1.63,259,1.0,276,-0.63,0.60553,0.41555,0.7344
2024-06-19T23:00,calibration,1.14,322,0.92,13,-0.22,0.90881,-0.00191,0.90881
2024-06-20T00:00,calibration,2.62,288,2.59,28,-0.03,3.7077,1.47721,3.99114
2024-06-20T01:00,calibration,1.56,320,0.78,320,-0.78,0.50137,-0.59751,0.78
2024-06-20T02:00,calibration,2.14,323,1.92,332,-0.22,0.3865,-0.01382,0.38675
2024-06-20T03:00,calibration,0.61,261,0.78,50,0.17,1.2,0.5968,1.34022
2024-06-20T04:00,calibration,0.71,82,1.51,82,0.8,0.79221,0.11134,0.8
2024-06-20T05:00,calibration,1.14,128,1.0,96,-0.14,0.09619,0.59733,0.60502
2024-06-20T06:00,calibration,1.62,22,1.73,100,0.11,1.09685,-1.80245,2.10996
2024-06-20T07:00,calibration,1.2,42,1.68,107,0.48,0.80364,-1.38296,1.5995
2024-06-20T08:00,calibration,1.1,5,1.17,121,0.07,0.90701,-1.69841,1.92543
2024-06-20T09:00,calibration,0.6,360,1.53,148,0.93,0.81078,-1.89751,2.06347
2024-06-20T10:00,calibration,0.76,67,1.68,163,0.92,-0.2084,-1.90355,1.91492
2024-06-20T11:00,calibration,0.94,32,1.92,152,0.98,0.40326,-2.49242,2.52484
2024-06-20T12:00,calibration,0.22,333,1.3,148,1.08,0.78877,-1.29848,1.51928
2024-06-20T13:00,calibration,0.58,149,0.94,148,0.36,0.1994,-0.30001,0.36023
2024-06-20T14:00,calibration,0.22,153,0.86,144,0.64,0.40562,-0.49973,0.64363
2024-06-20T15:00,calibration,0.2,180,1.03,119,0.83,0.90086,-0.29935,0.94929
2024-06-20T16:00,calibration,0.73,254,1.57,153,0.84,1.41449,-1.19766,1.85342
2024-06-20T17:00,calibration,1.51,278,1.7,177,0.19,1.58428,-1.90782,2.47986
2024-06-20T18:00,calibration,1.26,252,1.4,184,0.14,1.10067,-1.00723,1.49197
2024-06-20T19:00,calibration,1.91,276,1.72,216,-0.19,0.88855,-1.59116,1.82244
2024-06-20T20:00,calibration,0.85,315,1.84,209,0.99,-0.29101,-2.21034,2.22942
2024-06-20T21:00,calibration,0.8,90,1.53,212,0.73,-1.61078,-1.29751,2.06837
2024-06-20T22:00,calibration,0.32,288,1.49,200,1.17,-0.20527,-1.49903,1.51302
2024-06-20T23:00,calibration,0.72,326,1.35,222,0.63,-0.50071,-1.60015,1.67666
2024-06-21T00:00,calibration,1.17,211,0.42,45,-0.75,0.89958,1.29987,1.58079
2024-06-21T01:00,calibration,1.75,156,0.95,18,-0.8,-0.41822,2.50221,2.53692
2024-06-21T02:00,calibration,0.81,263,1.63,349,0.82,0.49294,1.69877,1.76884
2024-06-21T03:00,calibration,1.26,252,1.17,301,-0.09,0.19545,0.99196,1.01103
2024-06-21T04:00,calibration,1.03,299,1.33,283,0.3,-0.39505,-0.20017,0.44287
2024-06-21T05:00,calibration,1.25,331,1.42,321,0.17,-0.28762,0.01027,0.28781
2024-06-21T06:00,calibration,0.6,90,0.5,143,-0.1,-0.29909,-0.39932,0.49891
2024-06-21T07:00,calibration,0.54,248,1.48,152,0.94,1.1955,-1.10447,1.6276
2024-06-21T08:00,calibration,0.28,315,1.02,191,0.74,0.00336,-1.19925,1.19925
2024-06-21T09:00,calibration,0.54,248,1.25,241,0.71,-0.5926,-0.40372,0.71705
2024-06-21T10:00,calibration,0.41,194,1.2,228,0.79,-0.79259,-0.40514,0.89013
2024-06-21T11:00,calibration,0.64,321,1.88,245,1.24,-1.30109,-1.2919,1.83353
2024-06-21T12:00,calibration,0.67,297,0.89,243,0.22,-0.19602,-0.70823,0.73485
2024-06-21T13:00,calibration,0.32,198,0.92,221,0.6,-0.50469,-0.38999,0.63781
2024-06-21T14:00,calibration,1.3,238,0.94,238,-0.36,0.3053,0.19077,0.36
2024-06-21T15:00,calibration,0.54,248,1.17,239,0.63,-0.50221,-0.40031,0.64223
2024-06-21T16:00,calibration,2.06,231,1.56,230,-0.5,0.40589,0.29365,0.50098
2024-06-21T17:00,calibration,1.86,216,1.58,235,-0.28,-0.20098,0.59852,0.63136
2024-06-21T18:00,calibration,2.84,260,1.52,247,-1.32,1.39769,-0.10075,1.40131
2024-06-21T19:00,calibration,2.25,238,1.9,267,-0.35,0.01071,1.09288,1.09293
2024-06-21T20:00,calibration,2.82,247,2.75,289,-0.07,-0.00435,1.99717,1.99718
2024-06-21T21:00,calibration,1.8,236,3.58,306,1.78,-1.40401,3.11082,3.41298
2024-06-21T22:00,calibration,1.39,210,3.0,307,1.61,-1.70091,3.00922,3.45666
2024-06-21T23:00,calibration,1.43,282,2.69,312,1.26,-0.60031,1.50265,1.61812
2024-06-22T00:00,calibration,0.63,342,2.34,320,1.71,-1.30944,1.19338,1.77166
2024-06-22T01:00,calibration,1.87,344,1.5,356,-0.37,0.41081,-0.30121,0.5094
2024-06-22T02:00,calibration,0.85,135,2.1,357,1.25,-0.71095,2.69816,2.79026
2024-06-22T03:00,calibration,1.3,302,0.85,21,-0.45,1.40708,0.10465,1.41096
2024-06-22T04:00,calibration,1.9,18,0.58,121,-1.32,-0.08998,-2.10573,2.10765
2024-06-22T05:00,calibration,1.72,324,1.7,152,-0.02,1.80909,-2.89252,3.41167
2024-06-22T06:00,calibration,0.2,90,1.25,151,1.05,0.40601,-1.09327,1.16623
2024-06-22T07:00,calibration,0.89,27,1.24,166,0.35,-0.10407,-1.99616,1.99887
2024-06-22T08:00,calibration,1.0,96,1.1,180,0.1,-0.99452,-0.99547,1.40714
2024-06-22T09:00,calibration,2.31,18,1.77,196,-0.54,-1.20171,-3.89837,4.07939
2024-06-22T10:00,calibration,2.28,29,2.25,201,-0.03,-1.91169,-4.09469,4.51897
2024-06-22T11:00,calibration,2.05,43,2.06,203,0.01,-2.203,-3.39552,4.04756
2024-06-22T12:00,calibration,0.89,207,1.49,200,0.6,-0.10556,-0.60715,0.61625
2024-06-22T13:00,calibration,1.03,209,1.0,186,-0.03,0.39483,-0.09366,0.40578
2024-06-22T14:00,calibration,2.21,175,1.3,176,-0.91,-0.10193,0.90476,0.91048
2024-06-22T15:00,calibration,2.92,239,1.94,215,-0.98,1.39019,-0.08524,1.3928
2024-06-22T16:00,calibration,3.69,257,3.05,247,-0.64,0.78789,-0.36166,0.86693
2024-06-22T17:00,calibration,3.31,265,2.95,242,-0.36,0.69271,-1.09646,1.29694
2024-06-22T18:00,calibration,2.87,241,2.88,236,0.01,0.12253,-0.21907,0.25101
2024-06-22T19:00,calibration,3.48,252,2.91,243,-0.57,0.71685,-0.24573,0.7578
2024-06-22T20:00,calibration,1.0,270,3.04,243,2.04,-1.70866,-1.38013,2.19642
2024-06-22T21:00,calibration,1.62,248,3.2,231,1.58,-0.98483,-1.40696,1.71739
2024-06-22T22:00,calibration,4.15,195,3.81,240,-0.34,-2.22546,2.10359,3.06231
2024-06-22T23:00,calibration,4.08,211,3.0,244,-1.08,-0.59503,2.18213,2.2618
2024-06-23T00:00,calibration,2.15,208,1.92,242,-0.23,-0.6859,0.99695,1.21011
2024-06-23T01:00,calibration,1.3,293,1.94,235,0.64,-0.3925,-1.62069,1.66754
2024-06-23T02:00,calibration,1.39,159,2.41,228,1.02,-2.28911,-0.31493,2.31067
2024-06-23T03:00,calibration,1.08,214,2.69,225,1.61,-1.29819,-1.00676,1.64282
2024-06-23T04:00,calibration,1.63,191,2.44,215,0.81,-1.08851,-0.39868,1.15922
2024-06-23T05:00,calibration,1.96,195,2.83,212,0.87,-0.99239,-0.50676,1.11429
2024-06-23T06:00,calibration,1.8,180,3.09,205,1.29,-1.30589,-1.00049,1.64509
2024-06-23T07:00,calibration,2.16,193,3.26,207,1.1,-0.99411,-0.80004,1.27606
2024-06-23T08:00,calibration,2.4,197,3.4,204,1.0,-0.68121,-0.81092,1.05908
2024-06-23T09:00,calibration,3.45,197,3.54,209,0.09,-0.70754,0.2031,0.73612
2024-06-23T10:00,calibration,3.42,201,3.62,208,0.2,-0.47387,-0.00343,0.47388
2024-06-23T11:00,calibration,3.4,208,4.2,205,0.8,-0.17879,-0.80447,0.8241
2024-06-23T12:00,calibration,3.81,210,4.41,213,0.6,-0.49686,-0.39898,0.63722
2024-06-23T13:00,calibration,4.98,202,5.06,218,0.08,-1.24971,0.63004,1.39954
2024-06-23T14:00,calibration,5.61,211,5.62,219,0.01,-0.64742,0.44115,0.78343
2024-06-23T15:00,calibration,6.3,216,6.68,231,0.38,-1.48829,0.89295,1.73561
2024-06-23T16:00,calibration,6.15,226,7.0,239,0.85,-1.57623,0.66688,1.7115
2024-06-23T17:00,calibration,6.79,227,6.54,241,-0.25,-0.75412,1.46011,1.64336
2024-06-23T18:00,calibration,7.21,226,6.88,237,-0.33,-0.58361,1.26137,1.38984
2024-06-23T19:00,calibration,6.45,229,6.77,236,0.32,-0.74471,0.44584,0.86797
2024-06-23T20:00,calibration,6.82,231,7.76,255,0.94,-2.19545,2.28353,3.16773
2024-06-23T21:00,calibration,6.84,245,5.35,253,-1.49,1.08291,1.32652,1.71241
2024-06-23T22:00,calibration,5.52,235,5.25,252,-0.27,-0.47133,1.5438,1.61415
2024-06-23T23:00,calibration,4.63,237,4.74,252,0.11,-0.62496,1.05694,1.22788
2024-06-24T00:00,calibration,1.28,231,3.48,231,2.2,-1.70972,-1.3845,2.2
2024-06-24T01:00,calibration,1.22,305,2.8,272,1.58,-1.79893,-0.60204,1.897
2024-06-24T02:00,calibration,1.98,319,3.5,301,1.52,-1.70109,0.30831,1.7288
2024-06-24T03:00,calibration,0.54,202,2.64,295,2.1,-2.19036,1.61639,2.72221
2024-06-24T04:00,calibration,0.85,249,2.38,292,1.53,-1.41315,1.19618,1.85144
2024-06-24T05:00,calibration,1.2,265,2.86,306,1.66,-1.11835,1.78565,2.10696
2024-06-24T06:00,calibration,1.5,274,2.55,312,1.05,-0.39867,1.60165,1.65052
2024-06-24T07:00,calibration,1.96,285,2.86,306,0.9,-0.42057,1.17378,1.24685
2024-06-24T08:00,calibration,2.41,318,3.76,310,1.35,-1.26772,0.6259,1.41382
2024-06-24T09:00,calibration,1.88,295,3.61,316,1.73,-0.80386,1.80229,1.97344
2024-06-24T10:00,calibration,1.1,270,3.39,315,2.29,-1.29709,2.39709,2.72553
2024-06-24T11:00,calibration,1.26,288,3.69,319,2.43,-1.22253,2.39552,2.68944
2024-06-24T12:00,calibration,3.52,325,4.47,326,0.95,-0.4806,0.82238,0.95252
2024-06-24T13:00,calibration,3.86,323,3.54,331,-0.32,0.60678,0.01342,0.60693
2024-06-24T14:00,calibration,3.72,336,4.3,359,0.58,1.43801,0.90096,1.69694
2024-06-24T15:00,calibration,3.31,331,3.9,359,0.59,1.53666,1.00441,1.8358
2024-06-24T16:00,calibration,4.1,347,3.13,343,-0.97,0.00718,-1.00168,1.00171
2024-06-24T17:00,calibration,4.41,347,3.86,343,-0.55,-0.13652,-0.60564,0.62083
2024-06-24T18:00,calibration,4.01,356,4.33,341,0.32,-1.12999,0.09386,1.13388
2024-06-24T19:00,calibration,3.49,333,4.54,346,1.05,0.4861,1.29553,1.38372
2024-06-24T20:00,calibration,2.73,332,3.71,346,0.98,0.38413,1.18935,1.24984
2024-06-24T21:00,calibration,4.49,348,2.92,338,-1.57,-0.16033,-1.68451,1.69212
2024-06-24T22:00,calibration,3.42,322,3.05,328,-0.37,0.48931,-0.10845,0.50118
2024-06-24T23:00,calibration,3.67,331,2.83,318,-0.84,-0.11439,-1.10675,1.11265
2024-06-25T00:00,calibration,2.69,315,2.94,325,0.25,0.2158,0.50619,0.55027
2024-06-25T01:00,calibration,1.91,317,2.22,324,0.31,-0.00227,0.39913,0.39914
2024-06-25T02:00,calibration,1.4,356,2.04,349,0.64,-0.29159,0.60593,0.67244
2024-06-25T03:00,calibration,0.72,214,1.5,4,0.78,0.50725,2.09325,2.15384
2024-06-25T04:00,calibration,1.08,158,1.52,23,0.44,0.18934,2.40053,2.40798
2024-06-25T05:00,calibration,1.17,160,1.52,67,0.35,0.999,1.69335,1.96607
2024-06-25T06:00,calibration,0.76,113,1.43,115,0.67,0.59644,-0.30739,0.67099
2024-06-25T07:00,calibration,1.3,90,2.2,150,0.9,-0.2,-1.90526,1.91572
2024-06-25T08:00,calibration,0.72,146,1.6,184,0.88,-0.51423,-0.9992,1.12375
2024-06-25T09:00,calibration,0.82,104,1.14,255,0.32,-1.8968,-0.09668,1.89926
2024-06-25T10:00,calibration,1.44,56,1.43,155,-0.01,-0.58947,-2.10126,2.18237
2024-06-25T11:00,calibration,1.17,20,2.31,162,1.14,0.31367,-3.29638,3.31127
2024-06-25T12:00,calibration,1.43,155,1.75,167,0.32,-0.21068,-0.40913,0.46019
2024-06-25T13:00,calibration,2.18,164,2.38,195,0.2,-1.21688,-0.20335,1.23375
2024-06-25T14:00,calibration,2.45,192,3.6,182,1.15,0.38375,-1.20135,1.26115
2024-06-25T15:00,calibration,3.69,193,4.88,195,1.19,-0.43297,-1.11829,1.19918
2024-06-25T16:00,calibration,4.98,202,4.96,222,-0.02,-1.45335,0.93138,1.72618
2024-06-25T17:00,calibration,4.76,219,4.36,233,-0.4,-0.48649,1.0753,1.18023
2024-06-25T18:00,calibration,5.5,251,4.33,251,-1.17,1.10626,0.38091,1.17
2024-06-25T19:00,calibration,5.59,227,4.66,235,-0.93,0.27102,1.1395,1.17129
2024-06-25T20:00,calibration,6.31,195,5.1,228,-1.21,-2.15689,2.68243,3.44203
2024-06-25T21:00,calibration,5.11,203,5.1,222,-0.01,-1.41593,0.91374,1.68516
2024-06-25T22:00,calibration,4.6,214,4.08,216,-0.52,0.17412,0.51278,0.54154
2024-06-25T23:00,calibration,4.89,229,3.96,223,-0.93,0.98982,0.31197,1.03782
2024-06-26T00:00,calibration,4.1,223,2.06,256,-2.04,0.79738,2.50019,2.62427
2024-06-26T01:00,calibration,2.85,198,2.06,219,-0.79,-0.4157,1.10959,1.1849
2024-06-26T02:00,calibration,3.32,201,2.69,228,-0.63,-0.80928,1.29953,1.53091
2024-06-26T03:00,calibration,0.98,246,2.56,219,1.58,-0.71579,-1.59089,1.7445
2024-06-26T04:00,calibration,1.84,209,2.73,208,0.89,-0.38961,-0.80115,0.89086
2024-06-26T05:00,calibration,1.17,211,2.72,216,1.55,-0.99618,-1.19764,1.55779
2024-06-26T06:00,calibration,1.63,191,3.02,236,1.39,-2.19267,-0.08871,2.19447
2024-06-26T07:00,calibration,0.58,329,2.91,243,2.33,-2.29411,-1.81827,2.92729
2024-06-26T08:00,calibration,1.33,77,2.46,243,1.13,-3.48779,-1.416,3.76427
2024-06-26T09:00,calibration,1.62,202,1.84,225,0.22,-0.69421,0.20096,0.72272
2024-06-26T10:00,calibration,1.17,59,1.98,221,0.81,-2.30188,-2.09692,3.1138
2024-06-26T11:00,calibration,1.12,117,2.47,249,1.35,-3.30387,-0.3767,3.32528
2024-06-26T12:00,calibration,2.04,191,2.2,180,0.16,0.38925,-0.19748,0.43648
2024-06-26T13:00,calibration,2.55,222,2.44,199,-0.11,0.9119,-0.41205,1.00067
2024-06-26T14:00,calibration,2.47,194,2.69,202,0.22,-0.41014,-0.09749,0.42157
2024-06-26T15:00,calibration,2.83,225,2.77,257,-0.06,-0.69789,1.378,1.54465
2024-06-26T16:00,calibration,3.35,197,2.47,212,-0.88,-0.32946,1.10894,1.15685
2024-06-26T17:00,calibration,4.94,216,3.85,205,-1.09,1.27658,0.50726,1.37367
2024-06-26T18:00,calibration,5.87,210,5.69,239,-0.18,-1.94228,2.153,2.89963
2024-06-26T19:00,calibration,4.67,225,4.92,243,0.25,-1.08156,1.06856,1.52039
2024-06-26T20:00,calibration,4.63,237,5.24,246,0.61,-0.90393,0.39038,0.98463
2024-06-26T21:00,calibration,2.79,249,4.2,245,1.41,-1.2018,-0.77515,1.4301
2024-06-26T22:00,calibration,3.22,263,3.0,240,-0.22,0.59792,-1.10758,1.25867
2024-06-26T23:00,calibration,1.97,294,5.1,281,3.13,-3.20661,0.17185,3.21122
2024-06-27T00:00,calibration,4.1,313,3.75,261,-0.35,-0.70528,-3.38282,3.45556
2024-06-27T01:00,calibration,1.0,323,2.41,265,1.41,-1.79901,-1.00868,2.0625
2024-06-27T02:00,calibration,1.73,260,2.9,270,1.17,-1.19628,0.30041,1.23343
2024-06-27T03:00,calibration,1.28,219,3.26,281,1.98,-2.39457,1.61678,2.88929
2024-06-27T04:00,calibration,1.17,290,2.82,287,1.65,-1.59734,0.42432,1.65274
2024-06-27T05:00,calibration,0.51,191,2.38,285,1.87,-2.20159,1.11662,2.46857
2024-06-27T06:00,calibration,0.72,304,2.02,279,1.3,-1.39822,-0.08662,1.4009
2024-06-27T07:00,calibration,1.2,222,1.82,279,0.62,-0.99464,1.17648,1.54059
2024-06-27T08:00,calibration,0.64,231,1.12,260,0.48,-0.60561,0.20828,0.64043
2024-06-27T09:00,calibration,0.51,259,1.77,286,1.26,-1.2008,0.58519,1.33581
2024-06-27T10:00,calibration,0.73,286,1.84,292,1.11,-1.0043,0.48806,1.11661
2024-06-27T11:00,calibration,0.92,311,2.08,305,1.16,-1.0095,0.58946,1.169
2024-06-27T12:00,calibration,0.82,256,2.55,318,1.73,-0.91064,2.0934,2.28289
2024-06-27T13:00,calibration,1.84,283,2.06,331,0.22,0.79413,1.38781,1.59895
2024-06-27T14:00,calibration,1.66,303,2.36,324,0.7,0.00502,1.00518,1.00519
2024-06-27T15:00,calibration,2.04,281,3.0,323,0.96,0.19707,2.00666,2.01631
2024-06-27T16:00,calibration,3.24,326,3.5,323,0.26,-0.29457,0.10914,0.31414
2024-06-27T17:00,calibration,4.28,323,3.61,318,-0.67,0.16021,-0.73541,0.75266
2024-06-27T18:00,calibration,2.9,314,3.32,316,0.42,-0.22018,0.3737,0.43374
2024-06-27T19:00,calibration,3.33,319,3.26,313,-0.07,-0.19954,-0.28987,0.35191
2024-06-27T20:00,calibration,3.91,328,2.97,315,-0.94,-0.02812,-1.21576,1.21609
2024-06-27T21:00,calibration,4.16,325,2.98,320,-1.18,0.47057,-1.12486,1.21932
2024-06-27T22:00,calibration,3.33,327,3.53,335,0.2,0.32181,0.40649,0.51846
2024-06-27T23:00,calibration,3.57,342,3.29,340,-0.28,-0.02206,-0.30368,0.30448
2024-06-28T00:00,calibration,3.5,2,2.42,353,-1.08,-0.41707,-1.09591,1.17259
2024-06-28T01:00,calibration,2.18,16,2.51,355,0.33,-0.81965,0.4049,0.9142
2024-06-28T02:00,calibration,1.36,17,2.94,10,1.58,0.1129,1.59476,1.59875
2024-06-28T03:00,calibration,1.12,10,2.78,30,1.66,1.19551,1.30457,1.7695
2024-06-28T04:00,calibration,1.55,15,2.44,35,0.89,0.99836,0.50155,1.11726
2024-06-28T05:00,calibration,0.76,23,2.36,36,1.6,1.09022,1.2097,1.62848
2024-06-28T06:00,calibration,0.81,187,2.44,55,1.63,2.09745,2.20349,3.04214
2024-06-28T07:00,calibration,0.45,153,2.28,61,1.83,1.78984,1.50632,2.33934
2024-06-28T08:00,calibration,0.71,352,2.2,51,1.49,1.80853,0.68141,1.93265
2024-06-28T09:00,calibration,0.2,360,2.21,72,2.01,2.10183,0.48293,2.1566
2024-06-28T10:00,calibration,0.51,11,2.37,62,1.86,1.99527,0.61202,2.08703
2024-06-28T11:00,calibration,0.22,117,2.52,56,2.3,1.89315,1.50904,2.421
2024-06-28T12:00,calibration,1.7,87,2.12,71,0.42,0.30683,0.60123,0.675
2024-06-28T13:00,calibration,1.2,85,2.82,117,1.62,1.3172,-1.38484,1.91123
2024-06-28T14:00,calibration,1.99,108,2.8,125,0.81,0.40102,-0.99107,1.06913
2024-06-28T15:00,calibration,2.09,107,3.06,128,0.97,0.41264,-1.27287,1.33808
2024-06-28T16:00,calibration,3.22,120,3.32,136,0.1,-0.48234,-0.77821,0.91556
2024-06-28T17:00,calibration,2.56,129,3.33,147,0.77,-0.17585,-1.18171,1.19472
2024-06-28T18:00,calibration,3.61,134,3.4,156,-0.21,-1.21391,-0.59834,1.35336
2024-06-28T19:00,calibration,3.09,155,3.3,166,0.21,-0.50755,-0.40148,0.64714
2024-06-28T20:00,calibration,4.22,149,3.67,169,-0.55,-1.47319,0.01467,1.47326
2024-06-28T21:00,calibration,3.53,155,3.9,180,0.37,-1.49184,-0.70073,1.64822
2024-06-28T22:00,calibration,3.04,153,5.61,183,2.57,-1.67374,-2.89365,3.34285
2024-06-28T23:00,calibration,4.24,146,4.55,189,0.31,-3.08275,-0.97886,3.23443
2024-06-29T00:00,calibration,3.36,120,3.63,188,0.27,-3.41504,-1.91467,3.91516
2024-06-29T01:00,calibration,3.26,130,1.36,163,-1.9,-2.09968,0.79491,2.24511
2024-06-29T02:00,calibration,1.25,119,2.55,132,1.3,0.80174,-1.10027,1.36139
2024-06-29T03:00,calibration,1.12,63,4.08,163,2.96,0.19495,-4.41019,4.4145
2024-06-29T04:00,calibration,2.64,143,4.82,175,2.18,-1.1687,-2.69326,2.9359
2024-06-29T05:00,calibration,2.69,165,4.82,175,2.13,-0.27613,-2.20332,2.22055
2024-06-29T06:00,calibration,2.19,156,4.31,176,2.12,-0.5901,-2.29884,2.37337
2024-06-29T07:00,calibration,3.42,159,3.91,177,0.49,-1.02098,-0.7118,1.24461
2024-06-29T08:00,calibration,3.16,169,4.02,174,0.86,-0.18275,-0.89604,0.91448
2024-06-29T09:00,calibration,2.22,172,4.11,176,1.89,-0.02227,-1.90159,1.90172
2024-06-29T10:00,calibration,1.96,165,4.4,181,2.44,-0.58408,-2.50612,2.57328
2024-06-29T11:00,calibration,3.51,175,4.65,189,1.14,-1.03334,-1.09611,1.5064
2024-06-29T12:00,calibration,3.71,175,4.65,189,0.94,-1.05077,-0.89687,1.38148
2024-06-29T13:00,calibration,3.96,190,5.3,212,1.34,-2.12093,-0.59482,2.20276
2024-06-29T14:00,calibration,5.55,208,5.1,215,-0.45,-0.31967,0.72268,0.79023
2024-06-29T15:00,calibration,2.22,188,4.71,197,2.49,-1.06811,-2.3058,2.54117
2024-06-29T16:00,calibration,4.56,206,4.62,198,0.06,0.57131,-0.29538,0.64316
2024-06-29T17:00,calibration,5.05,214,5.66,216,0.61,-0.50294,-0.3924,0.63791
2024-06-29T18:00,calibration,4.95,223,6.58,234,1.63,-1.94744,-0.24743,1.9631
2024-06-29T19:00,calibration,4.87,199,4.97,230,0.1,-2.22172,1.41002,2.63139
2024-06-29T20:00,calibration,3.44,188,4.17,210,0.73,-1.60624,-0.2048,1.61925
2024-06-29T21:00,calibration,3.47,213,3.7,199,0.23,0.6853,-0.58823,0.90313
2024-06-29T22:00,calibration,2.36,216,3.48,198,1.12,0.31179,-1.4004,1.43469
2024-06-29T23:00,calibration,2.83,238,3.13,207,0.3,0.97899,-1.28918,1.61876
2024-06-30T00:00,calibration,3.16,198,2.47,194,-0.69,0.37895,0.60871,0.71703
2024-06-30T01:00,calibration,2.77,193,1.89,148,-0.88,1.62466,1.09619,1.95989
2024-06-30T02:00,calibration,0.81,210,2.59,208,1.78,-0.81093,-1.58535,1.78072
2024-06-30T03:00,calibration,0.92,131,3.22,206,2.3,-2.10589,-2.29054,3.11149
2024-06-30T04:00,calibration,1.28,141,2.8,215,1.52,-2.41154,-1.29888,2.73909
2024-06-30T05:00,calibration,1.17,149,2.75,213,1.58,-2.10035,-1.30346,2.47194
2024-06-30T06:00,calibration,2.2,183,3.22,206,1.02,-1.29642,-0.69713,1.47197
2024-06-30T07:00,calibration,3.51,200,2.86,216,-0.65,-0.48058,0.98453,1.09556
2024-06-30T08:00,calibration,3.53,205,3.33,213,-0.2,-0.32181,0.40649,0.51846
2024-06-30T09:00,calibration,3.54,225,3.11,222,-0.43,0.42216,0.19198,0.46376
2024-06-30T10:00,calibration,2.65,191,4.53,221,1.88,-2.4663,-0.81752,2.59827
2024-06-30T11:00,calibration,2.5,180,3.68,248,1.18,-3.41204,1.12145,3.59161
2024-06-30T12:00,calibration,1.88,245,3.86,233,1.98,-1.37887,-1.52848,2.05853
2024-06-30T13:00,calibration,2.75,237,3.14,261,0.39,-0.795,1.00655,1.28264
2024-06-30T14:00,calibration,3.74,236,3.61,267,-0.13,-0.50445,1.90245,1.96819
2024-06-30T15:00,calibration,2.82,264,3.41,273,0.59,-0.60077,0.47324,0.76478
2024-06-30T16:00,calibration,3.4,268,4.14,278,0.74,-0.70178,0.69483,0.98757
2024-06-30T17:00,calibration,5.03,291,4.98,292,-0.05,0.07853,0.06295,0.10065
2024-06-30T18:00,calibration,6.66,319,5.8,302,-0.86,-0.54933,-1.95283,2.02863
2024-06-30T19:00,calibration,6.56,322,5.31,313,-1.25,0.15525,-1.54794,1.55571
2024-06-30T20:00,calibration,6.62,322,6.08,315,-0.54,-0.22353,-0.91742,0.94426
2024-06-30T21:00,calibration,6.66,324,6.7,322,0.04,-0.21028,-0.10838,0.23657
2024-06-30T22:00,calibration,6.66,324,6.89,332,0.23,0.67999,0.69546,0.97265
2024-06-30T23:00,calibration,6.59,330,6.2,342,-0.39,1.37909,0.18944,1.39205
2024-07-01T00:00,calibration,5.01,334,5.19,344,0.18,0.76568,0.48599,0.90689
2024-07-01T01:00,calibration,3.64,339,4.68,344,1.04,0.01448,1.10047,1.10057
2024-07-01T02:00,calibration,3.18,332,3.86,343,0.68,0.36436,0.88356,0.95574
2024-07-01T03:00,calibration,2.73,332,4.71,348,1.98,0.30239,2.19663,2.21734
2024-07-01T04:00,calibration,3.28,329,4.69,349,1.41,0.79443,1.79232,1.9605
2024-07-01T05:00,calibration,0.95,342,3.28,348,2.33,-0.38838,2.30482,2.33731
2024-07-01T06:00,calibration,2.91,319,3.1,339,0.19,0.79819,0.69789,1.06027
2024-07-01T07:00,calibration,2.4,315,3.22,334,0.82,0.2855,1.19706,1.23064
2024-07-01T08:00,calibration,1.35,312,3.22,334,1.87,-0.40831,1.99079,2.03223
2024-07-01T09:00,calibration,1.1,270,3.01,339,1.91,0.02131,2.81008,2.81016
2024-07-01T10:00,calibration,1.28,231,2.97,340,1.69,-0.02105,3.59642,3.59648
2024-07-01T11:00,calibration,1.3,328,2.69,338,1.39,-0.3188,1.39166,1.42771
2024-07-01T12:00,calibration,2.65,349,3.1,345,0.45,-0.2967,0.39306,0.49247
2024-07-01T13:00,calibration,2.5,360,4.24,15,1.74,1.09739,1.59553,1.93648
2024-07-01T14:00,calibration,3.81,355,3.67,17,-0.14,1.40507,-0.28586,1.43385
2024-07-01T15:00,calibration,3.59,13,3.32,21,-0.27,0.38221,-0.3985,0.55216
2024-07-01T16:00,calibration,2.98,14,3.09,25,0.11,0.58496,-0.09099,0.592
2024-07-01T17:00,calibration,3.42,15,2.6,23,-0.82,0.13074,-0.91015,0.9195
2024-07-01T18:00,calibration,2.6,360,2.79,21,0.19,0.99985,0.00469,0.99986
2024-07-01T19:00,calibration,3.5,360,2.69,31,-0.81,1.38545,-1.19422,1.82911
2024-07-01T20:00,calibration,2.85,18,2.77,41,-0.08,0.93659,-0.61997,1.12319
2024-07-01T21:00,calibration,2.91,27,2.94,55,0.03,1.08719,-0.90651,1.41554
2024-07-01T22:00,calibration,2.43,9,2.7,51,0.27,1.71816,-0.70092,1.85563
2024-07-01T23:00,calibration,1.98,49,2.24,63,0.26,0.50153,-0.28206,0.5754
2024-07-02T00:00,calibration,2.69,31,1.7,87,-0.99,0.31222,-2.21681,2.23869
2024-07-02T01:00,calibration,1.92,39,2.42,60,0.5,0.88749,-0.28212,0.93125
2024-07-02T02:00,calibration,1.62,68,2.42,66,0.8,0.70874,0.37744,0.80298
2024-07-02T03:00,calibration,1.26,72,2.95,62,1.69,1.40636,0.99558,1.72309
2024-07-02T04:00,calibration,0.72,56,3.13,63,2.41,2.19194,1.01837,2.41696
2024-07-02T05:00,calibration,0.1,360,3.09,65,2.99,2.80049,1.20589,3.04909
2024-07-02T06:00,calibration,2.02,160,2.82,73,0.8,2.0059,2.72267,3.3818
2024-07-02T07:00,calibration,0.5,143,2.63,81,2.13,2.29671,0.81074,2.43561
2024-07-02T08:00,calibration,1.94,35,2.44,71,0.5,1.19433,-0.79477,1.4346
2024-07-02T09:00,calibration,1.56,40,2.53,72,0.97,1.40342,-0.41322,1.46299
2024-07-02T10:00,calibration,1.28,39,2.42,83,1.14,1.59643,-0.69982,1.74309
2024-07-02T11:00,calibration,1.34,27,2.43,81,1.09,1.79174,-0.81381,1.96789
2024-07-02T12:00,calibration,1.49,70,2.01,84,0.52,0.59885,-0.29951,0.66957
2024-07-02T13:00,calibration,2.38,112,2.83,132,0.45,-0.1036,-1.00208,1.00742
2024-07-02T14:00,calibration,3.33,123,2.78,142,-0.55,-1.08123,-0.37702,1.14508
2024-07-02T15:00,calibration,3.18,134,2.55,138,-0.63,-0.58122,0.31399,0.66061
2024-07-02T16:00,calibration,2.76,134,2.84,141,0.08,-0.19811,-0.28984,0.35107
2024-07-02T17:00,calibration,2.97,135,2.62,140,-0.35,-0.416,0.09307,0.42629
2024-07-02T18:00,calibration,3.48,141,2.97,135,-0.51,-0.08993,0.60436,0.61101
2024-07-02T19:00,calibration,3.75,132,3.47,131,-0.28,-0.16795,0.23271,0.28699
2024-07-02T20:00,calibration,4.33,124,3.75,134,-0.58,-0.89221,-0.18366,0.91092
2024-07-02T21:00,calibration,3.83,139,3.75,138,-0.08,-0.00347,0.10374,0.1038
2024-07-02T22:00,calibration,3.54,135,3.4,137,-0.14,-0.18436,0.01656,0.18511
2024-07-02T23:00,calibration,3.4,137,2.78,128,-0.62,-0.12812,0.77506,0.78558
2024-07-03T00:00,calibration,2.64,115,3.11,123,0.47,0.21561,-0.57812,0.61701
2024-07-03T01:00,calibration,1.39,111,3.19,131,1.8,1.10985,-1.5947,1.94289
2024-07-03T02:00,calibration,1.71,97,3.2,129,1.49,0.78961,-1.80543,1.97055
2024-07-03T03:00,calibration,1.4,90,3.11,138,1.71,0.681,-2.31118,2.40942
2024-07-03T04:00,calibration,3.12,130,3.47,147,0.35,-0.50016,-0.90469,1.03374
2024-07-03T05:00,calibration,2.97,147,3.61,161,0.64,-0.44228,-0.92247,1.02302
2024-07-03T06:00,calibration,2.46,153,3.45,170,0.99,-0.51773,-1.20571,1.31217
2024-07-03T07:00,calibration,1.72,144,3.34,171,1.62,-0.4885,-1.90737,1.96893
2024-07-03T08:00,calibration,1.8,146,3.42,173,1.62,-0.58975,-1.90224,1.99156
2024-07-03T09:00,calibration,1.1,85,3.22,173,2.12,-0.70339,-3.29187,3.36618
2024-07-03T10:00,calibration,2.06,61,3.22,173,1.16,-1.4093,-4.19471,4.42512
2024-07-03T11:00,calibration,2.2,39,3.44,172,1.24,-0.90575,-5.11624,5.1958
2024-07-03T12:00,calibration,2.45,168,2.84,170,0.39,-0.01622,-0.40039,0.40072
2024-07-03T13:00,calibration,3.01,184,3.4,178,0.39,0.32863,-0.39526,0.51403
2024-07-03T14:00,calibration,3.76,197,3.62,186,-0.14,0.72092,-0.00446,0.72094
2024-07-03T15:00,calibration,4.21,198,4.16,190,-0.05,0.57859,-0.09285,0.58599
2024-07-03T16:00,calibration,4.25,210,4.49,197,0.24,0.81225,-0.6132,1.01773
2024-07-03T17:00,calibration,4.8,216,5.75,220,0.95,-0.87466,-0.52147,1.01831
2024-07-03T18:00,calibration,4.96,208,5.52,225,0.56,-1.57465,0.47619,1.64508
2024-07-03T19:00,calibration,5.27,213,4.33,220,-0.94,0.08698,1.10282,1.10625
2024-07-03T20:00,calibration,4.44,211,5.02,223,0.58,-1.13686,0.13443,1.14478
2024-07-03T21:00,calibration,4.61,210,4.6,222,-0.01,-0.773,0.57391,0.96276
2024-07-03T22:00,calibration,4.78,200,4.32,222,-0.46,-1.25579,1.28135,1.79411
2024-07-03T23:00,calibration,3.2,200,3.01,266,-0.19,-1.9082,2.79705,3.38596
2024-07-04T00:00,calibration,2.82,163,2.63,351,-0.19,-1.23591,5.2944,5.43674
2024-07-04T01:00,calibration,1.43,205,1.4,274,-0.03,-0.79225,1.39368,1.60312
2024-07-04T02:00,calibration,1.66,303,1.04,253,-0.62,0.39764,-1.20817,1.27192
2024-07-04T03:00,calibration,1.58,145,2.98,220,1.4,-2.82176,-0.98855,2.98991
2024-07-04T04:00,calibration,1.84,229,2.55,222,0.71,-0.31762,-0.68787,0.75766
2024-07-04T05:00,calibration,2.14,233,2.77,221,0.63,-0.1082,-0.80266,0.80992
2024-07-04T06:00,calibration,1.58,252,2.5,217,0.92,-0.00187,-1.50834,1.50834
2024-07-04T07:00,calibration,1.36,234,2.41,222,1.05,-0.51234,-0.99159,1.11613
2024-07-04T08:00,calibration,0.89,207,2.9,224,2.01,-1.61046,-1.29309,2.06535
2024-07-04T09:00,calibration,1.0,174,2.56,239,1.56,-2.29888,-0.32398,2.32159
2024-07-04T10:00,calibration,0.91,174,3.48,252,2.57,-3.4048,-0.17036,3.40906
2024-07-04T11:00,calibration,0.71,135,2.73,242,2.02,-2.91249,-0.77961,3.01503
2024-07-04T12:00,calibration,1.35,228,2.31,252,0.96,-1.1937,0.1895,1.20864
2024-07-04T13:00,calibration,1.08,248,0.85,249,-0.23,0.20782,0.09996,0.23061
2024-07-04T14:00,calibration,1.32,189,1.24,194,-0.08,-0.09349,0.10058,0.13732
2024-07-04T15:00,calibration,1.75,193,1.22,235,-0.53,-0.6057,1.00538,1.17374
2024-07-04T16:00,calibration,1.39,201,1.5,217,0.11,-0.40459,0.09972,0.4167
2024-07-04T17:00,calibration,1.36,216,0.95,252,-0.41,-0.10412,0.8067,0.81339
2024-07-04T18:00,calibration,2.66,236,1.94,235,-0.72,0.61608,0.37471,0.72109
2024-07-04T19:00,calibration,2.08,305,1.92,242,-0.16,0.00858,-2.09442,2.09444
2024-07-04T20:00,calibration,2.32,263,1.44,236,-0.88,1.10889,-0.5225,1.22583
2024-07-04T21:00,calibration,1.62,292,1.63,223,0.01,0.39038,-1.79897,1.84084
2024-07-04T22:00,calibration,2.42,232,2.4,225,-0.02,0.20993,-0.20716,0.29493
2024-07-04T23:00,calibration,2.28,209,0.76,293,-1.52,0.40578,2.29109,2.32675
2024-07-05T00:00,calibration,1.2,270,0.92,347,-0.28,0.99305,0.89642,1.3378
2024-07-05T01:00,calibration,0.73,344,1.86,126,1.13,1.70599,-1.795,2.47637
2024-07-05T02:00,calibration,0.54,22,0.63,288,0.09,-0.80145,-0.306,0.85788
2024-07-05T03:00,calibration,0.54,112,1.65,346,1.11,-0.89985,1.80328,2.01532
2024-07-05T04:00,calibration,1.22,125,0.8,90,-0.42,-0.19937,0.69976,0.72761
2024-07-05T05:00,calibration,0.51,101,0.76,293,0.25,-1.20021,0.39427,1.26331
2024-07-05T06:00,calibration,1.3,94,1.21,336,-0.09,-1.78898,1.19607,2.15199
2024-07-05T07:00,calibration,1.94,35,0.45,243,-1.49,-1.51369,-1.79345,2.34685
2024-07-05T08:00,calibration,1.58,55,0.78,220,-0.8,-1.79563,-1.50377,2.34214
2024-07-05T09:00,calibration,0.28,45,1.9,198,1.62,-0.78512,-2.005,2.15324
2024-07-05T10:00,calibration,1.96,195,3.33,213,1.37,-1.30636,-0.89956,1.58612
2024-07-05T11:00,calibration,3.04,207,4.48,219,1.44,-1.43922,-0.77295,1.63365
2024-07-05T12:00,calibration,2.69,239,4.36,238,1.67,-1.39171,-0.925,1.67107
2024-07-05T13:00,calibration,3.3,268,4.54,262,1.24,-1.19783,-0.51668,1.30451
2024-07-05T14:00,calibration,3.32,249,3.96,260,0.64,-0.80035,0.50213,0.94483
2024-07-05T15:00,calibration,2.62,263,3.42,249,0.8,-0.59237,-0.90632,1.08274
2024-07-05T16:00,calibration,2.82,243,3.4,242,0.58,-0.48938,-0.31595,0.58251
2024-07-05T17:00,calibration,2.78,232,2.97,237,0.19,-0.30018,0.09396,0.31454
2024-07-05T18:00,calibration,2.09,197,3.45,248,1.36,-2.58773,0.70628,2.68238
2024-07-05T19:00,calibration,3.3,215,3.83,255,0.53,-1.80669,1.71192,2.48894
2024-07-05T20:00,calibration,4.75,240,3.16,252,-1.59,1.10828,1.39851,1.78441
2024-07-05T21:00,calibration,3.54,241,2.92,248,-0.62,0.38878,0.62237,0.73382
2024-07-05T22:00,calibration,1.75,239,1.87,254,0.12,-0.29752,0.38587,0.48725
2024-07-05T23:00,calibration,2.33,205,1.71,277,-0.62,-0.71255,2.32009,2.42705
2024-07-06T00:00,calibration,1.64,218,0.94,238,-0.7,0.21252,0.79421,0.82216
2024-07-06T01:00,calibration,0.6,270,1.75,257,1.15,-1.10515,-0.39366,1.17317
2024-07-06T02:00,calibration,0.78,310,2.91,266,2.13,-2.3054,-0.70437,2.4106
2024-07-06T03:00,calibration,2.1,245,1.62,202,-0.48,1.29638,-0.61454,1.43467
2024-07-06T04:00,calibration,0.57,45,1.93,201,1.36,-1.0947,-2.20486,2.46166
2024-07-06T05:00,calibration,1.44,236,2.34,230,0.9,-0.59873,-0.69889,0.92028
2024-07-06T06:00,calibration,0.2,180,1.5,176,1.3,0.10463,-1.29635,1.30056
2024-07-06T07:00,calibration,2.11,355,2.41,185,0.3,-0.02615,-4.5028,4.50288
2024-07-06T08:00,calibration,1.02,79,2.15,202,1.13,-1.80666,-2.18807,2.83755
2024-07-06T09:00,calibration,1.0,360,2.16,236,1.16,-1.79072,-2.20786,2.84277
2024-07-06T10:00,calibration,0.86,234,2.91,254,2.05,-2.10152,-0.29661,2.12235
2024-07-06T11:00,calibration,0.85,249,2.84,260,1.99,-2.00331,-0.18855,2.01216
2024-07-06T12:00,calibration,1.3,247,2.96,258,1.66,-1.69866,-0.10747,1.70206
2024-07-06T13:00,calibration,2.62,223,1.77,254,-0.85,0.0854,1.42827,1.43082
2024-07-06T14:00,calibration,1.93,201,1.77,227,-0.16,-0.60285,0.59467,0.84679
2024-07-06T15:00,calibration,2.7,231,2.28,232,-0.42,0.30163,0.29546,0.42223
2024-07-06T16:00,calibration,3.81,247,3.79,252,-0.02,-0.09738,0.31751,0.33211
2024-07-06T17:00,calibration,4.43,242,4.21,252,-0.22,-0.09249,0.7788,0.78427
2024-07-06T18:00,calibration,4.17,226,4.52,252,0.35,-1.29913,1.49997,1.98435
2024-07-06T19:00,calibration,5.02,264,4.66,255,-0.36,0.49129,-0.68136,0.84001
2024-07-06T20:00,calibration,4.73,257,4.59,259,-0.14,0.1031,0.18821,0.2146
2024-07-06T21:00,calibration,4.74,263,4.6,268,-0.14,0.10747,0.41712,0.43075
2024-07-06T22:00,calibration,3.63,262,4.3,271,0.67,-0.70467,0.58024,0.91282
2024-07-06T23:00,calibration,4.0,273,3.24,279,-0.76,0.79441,0.2975,0.84829
2024-07-07T00:00,calibration,2.0,267,2.4,270,0.4,-0.40274,0.10467,0.41612
2024-07-07T01:00,calibration,0.8,270,1.57,297,0.77,-0.59888,0.71277,0.93096
2024-07-07T02:00,calibration,1.3,274,1.68,287,0.38,-0.30976,0.4005,0.50631
2024-07-07T03:00,calibration,0.81,240,1.6,266,0.79,-0.89462,0.29339,0.9415
2024-07-07T04:00,calibration,1.4,184,1.92,261,0.52,-1.7987,1.09624,2.10643
2024-07-07T05:00,calibration,0.81,120,2.25,291,1.44,-2.80204,1.21133,3.05266
2024-07-07T06:00,calibration,0.78,40,1.92,298,1.14,-2.19663,0.30387,2.21755
2024-07-07T07:00,calibration,0.2,180,1.14,308,0.94,-0.89833,0.90185,1.27293
2024-07-07T08:00,calibration,0.42,135,1.14,308,0.72,-1.19532,0.99884,1.55771
2024-07-07T09:00,calibration,0.4,360,0.98,294,0.58,-0.89527,-0.0014,0.89528
2024-07-07T10:00,calibration,0.82,14,0.54,248,-0.28,-0.69906,-0.99793,1.21842
2024-07-07T11:00,calibration,0.71,8,0.36,214,-0.35,-0.30012,-1.00154,1.04554
2024-07-07T12:00,calibration,0.41,104,0.3,270,-0.11,-0.69782,0.09919,0.70484
2024-07-07T13:00,calibration,0.41,76,0.5,180,0.09,-0.39782,-0.59919,0.71923
2024-07-07T14:00,calibration,0.82,104,0.41,166,-0.41,-0.69645,-0.19945,0.72445
2024-07-07T15:00,calibration,0.51,349,0.3,180,-0.21,0.09731,-0.80063,0.80652
2024-07-07T16:00,calibration,0.41,194,0.5,233,0.09,-0.30013,0.09691,0.31539
2024-07-07T17:00,calibration,0.63,288,0.54,202,-0.09,0.39688,-0.69536,0.80065
2024-07-07T18:00,calibration,1.58,252,0.9,180,-0.68,1.50267,-0.41175,1.55806
2024-07-07T19:00,calibration,2.2,267,0.14,315,-2.06,2.09799,0.21413,2.10889
2024-07-07T20:00,calibration,0.92,319,1.2,355,0.28,0.49899,0.5011,0.70717
2024-07-07T21:00,calibration,0.76,293,1.65,14,0.89,1.09875,1.30403,1.70522
2024-07-07T22:00,calibration,1.06,319,2.08,35,1.02,1.88846,0.90384,2.09361
2024-07-07T23:00,calibration,2.16,13,2.62,50,0.46,1.52114,-0.42054,1.5782
2024-07-08T00:00,calibration,1.06,319,2.3,56,1.24,2.60221,0.48615,2.64723
2024-07-08T01:00,calibration,2.59,332,1.36,36,-1.23,2.01532,-1.18657,2.33869
2024-07-08T02:00,calibration,2.04,11,1.84,61,-0.2,1.22005,-1.11047,1.64975
2024-07-08T03:00,calibration,0.85,69,1.5,53,0.65,0.40441,0.59811,0.722
2024-07-08T04:00,calibration,1.94,78,1.24,14,-0.7,-1.59762,0.79982,1.78665
2024-07-08T05:00,calibration,0.36,214,1.96,15,1.6,0.70859,2.19167,2.30337
2024-07-08T06:00,calibration,1.42,231,2.02,33,0.6,2.20372,2.58775,3.39894
2024-07-08T07:00,calibration,1.43,282,1.98,49,0.55,2.89308,1.00168,3.06158
2024-07-08T08:00,calibration,0.64,219,1.72,36,1.08,1.41376,1.88888,2.35936
2024-07-08T09:00,calibration,0.14,45,1.7,40,1.56,0.99374,1.20328,1.56058
2024-07-08T10:00,calibration,0.32,342,1.63,47,1.31,1.29099,0.80732,1.52264
2024-07-08T11:00,calibration,0.58,239,1.64,52,1.06,1.78949,1.30841,2.2168
2024-07-08T12:00,calibration,0.61,81,0.45,63,-0.16,-0.20154,0.10887,0.22906
2024-07-08T13:00,calibration,0.95,72,0.32,108,-0.63,-0.59917,-0.39245,0.71625
2024-07-08T14:00,calibration,0.61,99,0.57,135,-0.04,-0.19944,-0.30763,0.36662
2024-07-08T15:00,calibration,0.51,101,0.78,140,0.27,0.00074,-0.5002,0.5002
2024-07-08T16:00,calibration,1.13,135,0.82,194,-0.31,-0.99741,0.00339,0.99741
2024-07-08T17:00,calibration,2.0,270,1.04,253,-0.96,1.00544,-0.30407,1.05042
2024-07-08T18:00,calibration,2.3,270,1.14,322,-1.16,1.59815,0.89833,1.83332
2024-07-08T19:00,calibration,2.5,286,2.43,351,-0.07,2.02302,1.71099,2.64954
2024-07-08T20:00,calibration,2.69,312,3.41,357,0.72,1.82059,1.60537,2.42729
2024-07-08T21:00,calibration,2.15,292,2.83,8,0.68,2.38731,1.99705,3.11247
2024-07-08T22:00,calibration,2.0,267,1.84,41,-0.16,3.20441,1.49334,3.53529
2024-07-08T23:00,calibration,1.84,315,1.75,66,-0.09,2.89978,-0.58929,2.95905
2024-07-09T00:00,calibration,2.14,281,0.86,54,-1.28,2.79644,0.09716,2.79812
2024-07-09T01:00,calibration,1.64,322,1.21,66,-0.43,2.11507,-0.80019,2.26138
2024-07-09T02:00,calibration,0.2,180,0.89,297,0.69,-0.793,0.60405,0.99686
2024-07-09T03:00,calibration,0.72,214,1.42,309,0.7,-0.70093,1.49054,1.64712
2024-07-09T04:00,calibration,1.2,222,0.85,249,-0.35,0.00941,0.58716,0.58724
2024-07-09T05:00,calibration,1.62,202,1.51,262,-0.11,-0.88844,1.29189,1.5679
2024-07-09T06:00,calibration,0.92,257,1.53,302,0.61,-0.40109,1.01773,1.09392
2024-07-09T07:00,calibration,1.1,270,1.3,247,0.2,-0.09666,-0.50795,0.51706
2024-07-09T08:00,calibration,0.95,198,0.82,256,-0.13,-0.50208,0.70513,0.86561
2024-07-09T09:00,calibration,0.76,113,0.54,158,-0.22,-0.4973,-0.20372,0.53741
2024-07-09T10:00,calibration,0.28,135,1.1,175,0.82,-0.10212,-0.89782,0.90361
2024-07-09T11:00,calibration,0.71,45,0.73,164,0.02,-0.30083,-1.20377,1.24079
2024-07-09T12:00,calibration,0.71,82,0.71,135,0.0,-0.20104,-0.60086,0.6336
2024-07-09T13:00,calibration,1.28,129,1.22,145,-0.06,-0.29498,-0.19384,0.35297
2024-07-09T14:00,calibration,1.7,118,1.75,149,0.05,-0.59969,-0.70194,0.92323
2024-07-09T15:00,calibration,1.08,146,1.9,162,0.82,-0.0168,-0.91165,0.9118
2024-07-09T16:00,calibration,1.57,153,1.24,166,-0.33,-0.41278,0.19571,0.45683
2024-07-09T17:00,calibration,1.55,195,1.4,184,-0.15,0.30351,0.1006,0.31975
2024-07-09T18:00,calibration,1.33,193,1.42,219,0.09,-0.59445,0.19236,0.6248
2024-07-09T19:00,calibration,1.75,211,1.24,256,-0.51,-0.30185,1.20006,1.23744
2024-07-09T20:00,calibration,1.08,202,0.67,333,-0.41,0.1004,1.59833,1.60148
2024-07-09T21:00,calibration,2.1,273,1.12,10,-0.98,2.29161,0.99308,2.49753
2024-07-09T22:00,calibration,0.67,333,2.53,9,1.86,0.69995,1.90188,2.02659
2024-07-09T23:00,calibration,1.17,329,2.89,14,1.72,1.30175,1.80127,2.22241
2024-07-10T00:00,calibration,2.82,6,1.2,48,-1.62,0.597,-2.0016,2.08873
2024-07-10T01:00,calibration,3.08,13,2.66,34,-0.42,0.7946,-0.79582,1.1246
2024-07-10T02:00,calibration,1.98,49,3.08,54,1.1,0.99745,0.51138,1.1209
2024-07-10T03:00,calibration,0.58,59,3.22,64,2.64,2.39696,1.11283,2.64269
2024-07-10T04:00,calibration,0.45,27,2.85,72,2.4,2.50622,0.47975,2.55172
2024-07-10T05:00,calibration,0.95,72,2.77,77,1.82,1.7955,0.32955,1.82549
2024-07-10T06:00,calibration,1.73,80,2.4,92,0.67,0.69482,-0.38417,0.79395
2024-07-10T07:00,calibration,1.44,124,2.2,141,0.76,0.19069,-0.90448,0.92437
2024-07-10T08:00,calibration,2.12,135,3.38,161,1.26,-0.39865,-1.69679,1.74299
2024-07-10T09:00,calibration,1.84,139,4.08,169,2.24,-0.42865,-2.61637,2.65125
2024-07-10T10:00,calibration,2.51,151,4.2,179,1.69,-1.14357,-2.00406,2.30739
2024-07-10T11:00,calibration,2.31,162,4.34,188,2.03,-1.31784,-2.10082,2.47995
2024-07-10T12:00,calibration,3.1,180,3.6,180,0.5,0.0,-0.5,0.5
2024-07-10T13:00,calibration,4.04,189,5.19,196,1.15,-0.79856,-0.99869,1.2787
2024-07-10T14:00,calibration,6.31,195,6.65,201,0.34,-0.75,-0.11332,0.75851
2024-07-10T15:00,calibration,6.04,196,7.34,204,1.3,-1.3206,-0.8994,1.59778
2024-07-10T16:00,calibration,6.81,210,8.45,207,1.64,-0.43122,-1.63137,1.6874
2024-07-10T17:00,calibration,6.75,205,8.32,213,1.57,-1.67872,-0.86016,1.88626
2024-07-10T18:00,calibration,8.74,216,8.2,218,-0.54,0.08882,0.60912,0.61556
2024-07-10T19:00,calibration,9.35,222,8.56,227,-0.79,-0.00402,1.1105,1.11051
2024-07-10T20:00,calibration,8.15,222,8.13,224,-0.02,-0.19416,0.2084,0.28483
2024-07-10T21:00,calibration,7.57,224,8.42,226,0.85,-0.79828,-0.40362,0.89451
2024-07-10T22:00,calibration,7.71,226,8.77,227,1.06,-0.86786,-0.62531,1.06967
2024-07-10T23:00,calibration,7.57,226,8.46,237,0.89,-1.64975,0.65092,1.77352
2024-07-11T00:00,calibration,7.59,220,7.94,239,0.35,-1.92715,1.72488,2.58633
2024-07-11T01:00,calibration,5.45,227,7.03,240,1.58,-2.10228,0.20189,2.11195
2024-07-11T02:00,calibration,4.41,213,7.2,245,2.79,-4.12356,0.65569,4.17536
2024-07-11T03:00,calibration,5.91,242,5.72,234,-0.19,0.59064,-0.58755,0.83311
2024-07-11T04:00,calibration,5.34,232,6.04,243,0.7,-1.1737,0.54553,1.29429
2024-07-11T05:00,calibration,4.75,240,5.59,246,0.84,-0.9931,0.10134,0.99826
2024-07-11T06:00,calibration,4.1,225,5.54,250,1.44,-2.30676,1.00435,2.51592
2024-07-11T07:00,calibration,4.38,235,5.22,253,0.84,-1.40402,0.98608,1.71571
2024-07-11T08:00,calibration,5.05,243,4.9,253,-0.15,-0.18631,0.86003,0.87998
2024-07-11T09:00,calibration,4.22,239,5.45,263,1.23,-1.79213,1.50927,2.343
2024-07-11T10:00,calibration,3.42,255,5.0,268,1.58,-1.69349,0.71066,1.83656
2024-07-11T11:00,calibration,2.77,244,4.79,281,2.02,-2.21233,2.12826,3.06984
2024-07-11T12:00,calibration,2.88,236,4.94,291,2.06,-2.22426,3.38081,4.04688
2024-07-11T13:00,calibration,3.2,270,4.67,280,1.47,-1.39905,0.81094,1.61709
2024-07-11T14:00,calibration,4.33,251,5.16,292,0.83,-0.69017,3.34268,3.41319
2024-07-11T15:00,calibration,3.81,256,4.65,295,0.84,-0.5175,2.8869,2.93291
2024-07-11T16:00,calibration,3.9,270,4.29,298,0.39,0.11215,2.01403,2.01715
2024-07-11T17:00,calibration,3.49,283,4.07,295,0.58,-0.28812,0.93498,0.97836
2024-07-11T18:00,calibration,3.57,281,3.51,290,-0.06,0.20609,0.5193,0.5587
2024-07-11T19:00,calibration,3.18,283,3.31,295,0.13,0.09862,0.68352,0.6906
2024-07-11T20:00,calibration,2.73,294,3.05,302,0.32,-0.09257,0.50586,0.51426
2024-07-11T21:00,calibration,2.33,317,3.05,319,0.72,-0.41192,0.59781,0.72599
2024-07-11T22:00,calibration,1.98,315,2.61,328,0.63,0.01698,0.81333,0.81351
2024-07-11T23:00,calibration,1.48,332,2.06,321,0.58,-0.60158,0.29416,0.66965
2024-07-12T00:00,calibration,1.12,27,1.52,337,0.4,-1.10238,0.40124,1.17313
2024-07-12T01:00,calibration,1.03,209,1.49,42,0.46,1.49636,2.00814,2.50434
2024-07-12T02:00,calibration,0.81,30,1.77,74,0.96,1.29643,-0.2136,1.31391
2024-07-12T03:00,calibration,0.51,259,1.7,87,1.19,2.1983,0.18628,2.20618
2024-07-12T04:00,calibration,0.92,13,1.78,128,0.86,1.1957,-1.9923,2.32357
2024-07-12T05:00,calibration,0.72,34,1.88,155,1.16,0.3919,-2.30077,2.3339
2024-07-12T06:00,calibration,0.54,202,1.25,151,0.71,0.8083,-0.5926,1.00226
2024-07-12T07:00,calibration,0.1,90,1.3,148,1.2,0.5889,-1.10246,1.24989
2024-07-12T08:00,calibration,0.3,270,0.76,113,0.46,0.99958,-0.29696,1.04276
2024-07-12T09:00,calibration,0.95,18,0.73,74,-0.22,0.40815,-0.70229,0.81228
2024-07-12T10:00,calibration,0.76,67,1.26,72,0.5,0.49875,0.09241,0.50724
2024-07-12T11:00,calibration,0.64,51,1.78,52,1.14,0.90529,0.69311,1.14015
2024-07-12T12:00,calibration,0.85,69,1.36,54,0.51,0.30672,0.49478,0.58213
2024-07-12T13:00,calibration,0.98,66,1.02,79,0.04,0.10599,-0.20398,0.22987
2024-07-12T14:00,calibration,0.91,96,1.22,99,0.31,0.29996,-0.09573,0.31487
2024-07-12T15:00,calibration,0.71,45,0.95,108,0.24,0.40146,-0.79561,0.89116
2024-07-12T16:00,calibration,0.51,349,0.22,27,-0.29,0.19719,-0.30461,0.36286
2024-07-12T17:00,calibration,1.27,315,0.28,45,-0.99,1.09602,-0.70004,1.3005
2024-07-12T18:00,calibration,1.0,323,0.91,84,-0.09,1.50683,-0.70351,1.66297
2024-07-12T19:00,calibration,1.9,18,2.01,84,0.11,1.41186,-1.59691,2.13154
2024-07-12T20:00,calibration,0.76,337,2.0,90,1.24,2.29696,-0.69958,2.40113
2024-07-12T21:00,calibration,1.61,330,1.4,94,-0.21,2.20159,-1.49196,2.6595
2024-07-12T22:00,calibration,1.04,343,1.75,59,0.71,1.80411,-0.09324,1.80652
2024-07-12T23:00,calibration,1.12,350,2.3,34,1.18,1.48063,0.8038,1.68474
2024-07-13T00:00,calibration,2.7,39,2.25,21,-0.45,-0.89284,0.00226,0.89284
2024-07-13T01:00,calibration,1.3,360,2.24,10,0.94,0.38897,0.90597,0.98594
2024-07-13T02:00,calibration,1.64,52,2.01,27,0.37,-0.37982,0.78124,0.86867
2024-07-13T03:00,calibration,1.2,48,1.5,53,0.3,0.30618,0.09977,0.32202
2024-07-13T04:00,calibration,0.63,342,1.71,97,1.08,1.89193,-0.80756,2.05708
2024-07-13T05:00,calibration,1.22,325,1.34,63,0.12,1.89371,-0.39102,1.93366
2024-07-13T06:00,calibration,0.9,90,1.08,56,0.18,-0.00464,0.60393,0.60395
2024-07-13T07:00,calibration,1.14,105,1.3,90,0.16,0.19884,0.29505,0.3558
2024-07-13T08:00,calibration,0.63,108,1.36,126,0.73,0.5011,-0.60471,0.78535
2024-07-13T09:00,calibration,0.61,81,1.41,135,0.8,0.39453,-1.09245,1.1615
2024-07-13T10:00,calibration,0.58,59,1.5,143,0.92,0.40557,-1.49668,1.55065
2024-07-13T11:00,calibration,0.71,45,1.22,145,0.51,0.19772,-1.50141,1.51437
2024-07-13T12:00,calibration,0.7,90,0.86,144,0.16,-0.1945,-0.69575,0.72243
2024-07-13T13:00,calibration,0.32,198,1.17,70,0.85,1.19833,0.7045,1.39007
2024-07-13T14:00,calibration,0.8,90,0.91,84,0.11,0.10501,0.09512,0.14169
2024-07-13T15:00,calibration,0.22,63,0.61,9,0.39,-0.1006,0.50261,0.51258
2024-07-13T16:00,calibration,0.61,351,0.51,349,-0.1,-0.00189,-0.10186,0.10188
2024-07-13T17:00,calibration,0.72,34,0.28,315,-0.44,-0.60061,-0.39892,0.72102
2024-07-13T18:00,calibration,1.75,239,0.41,256,-1.34,1.10222,0.80213,1.3632
2024-07-13T19:00,calibration,1.36,287,0.73,254,-0.63,0.59885,-0.59884,0.8469
2024-07-13T20:00,calibration,1.3,293,0.42,225,-0.88,0.89967,-0.80494,1.2072
2024-07-13T21:00,calibration,0.9,360,0.36,304,-0.54,-0.29845,-0.69869,0.75977
2024-07-13T22:00,calibration,2.75,350,1.3,356,-1.45,0.38685,-1.41139,1.46344
2024-07-13T23:00,calibration,0.81,300,1.66,335,0.85,-7e-05,1.09947,1.09947
2024-07-14T00:00,calibration,2.91,311,1.52,23,-1.39,2.79012,-0.50996,2.83634
2024-07-14T01:00,calibration,3.26,349,0.32,252,-2.94,0.3177,-3.29899,3.31425
2024-07-14T02:00,calibration,1.8,34,2.11,355,0.31,-1.19045,0.6097,1.3375
2024-07-14T03:00,calibration,1.22,305,2.09,17,0.87,1.61042,1.29891,2.06897
2024-07-14T04:00,calibration,0.58,239,1.7,45,1.12,1.69924,1.5008,2.26712
2024-07-14T05:00,calibration,0.1,270,1.36,36,1.26,0.89939,1.10026,1.42108
2024-07-14T06:00,calibration,1.12,297,0.91,354,-0.21,0.90281,0.39655,0.98606
2024-07-14T07:00,calibration,0.89,297,1.0,53,0.11,1.59163,0.19776,1.60387
2024-07-14T08:00,calibration,0.71,278,0.32,342,-0.39,0.6042,0.20553,0.6382
2024-07-14T09:00,calibration,0.73,254,0.57,315,-0.16,0.29867,0.60427,0.67405
2024-07-14T10:00,calibration,0.1,360,0.0,270,-0.1,0.0,-0.1,0.1
2024-07-14T11:00,calibration,0.32,288,0.42,315,0.1,0.00735,0.1981,0.19824
2024-07-14T12:00,calibration,0.22,63,0.36,236,0.14,-0.49447,-0.30119,0.57898
2024-07-14T13:00,calibration,0.81,173,0.76,157,-0.05,0.19824,0.10438,0.22404
2024-07-14T14:00,calibration,1.3,247,0.81,187,-0.49,1.09794,-0.29601,1.13715
2024-07-14T15:00,calibration,2.84,231,1.51,262,-1.33,0.71179,1.57712,1.7303
2024-07-14T16:00,calibration,4.39,227,1.3,247,-3.09,2.01399,2.48602,3.19945
2024-07-14T17:00,calibration,3.0,244,1.77,223,-1.23,1.48925,0.02062,1.48939
2024-07-14T18:00,calibration,2.62,230,2.66,250,0.04,-0.49255,0.77433,0.91771
2024-07-14T19:00,calibration,2.73,204,3.71,273,0.98,-2.59452,2.68815,3.736
2024-07-14T20:00,calibration,3.26,243,3.22,277,-0.04,-0.29132,1.87243,1.89495
2024-07-14T21:00,calibration,4.72,249,4.02,276,-0.7,0.40852,2.1117,2.15085
2024-07-14T22:00,calibration,3.32,263,4.62,265,1.3,-1.30717,0.00195,1.30717
2024-07-14T23:00,calibration,2.25,212,2.83,278,0.58,-1.61014,2.30197,2.8092
2024-07-15T00:00,calibration,2.91,196,4.4,321,1.49,-1.96691,6.21671,6.52045
2024-07-15T01:00,calibration,1.5,180,1.35,222,-0.15,-0.90333,0.49675,1.0309
2024-07-15T02:00,calibration,1.34,207,3.41,265,2.07,-2.78868,0.89675,2.92931
2024-07-15T03:00,calibration,2.34,250,3.91,273,1.57,-1.70576,1.00496,1.97979
2024-07-15T04:00,calibration,2.02,250,3.51,267,1.49,-1.60701,0.50718,1.68515
2024-07-15T05:00,calibration,1.89,238,3.22,263,1.33,-1.59319,0.60913,1.70566
2024-07-15T06:00,calibration,1.92,231,2.94,260,1.02,-1.40321,0.69777,1.56713
2024-07-15T07:00,calibration,2.13,221,2.33,239,0.2,-0.59979,0.40749,0.72512
2024-07-15T08:00,calibration,1.43,205,2.62,263,1.19,-1.99613,0.97672,2.22228
2024-07-15T09:00,calibration,3.14,202,2.15,202,-0.99,0.37086,0.91791,0.99
2024-07-15T10:00,calibration,0.58,149,2.6,178,2.02,-0.20798,-2.10126,2.11153
2024-07-15T11:00,calibration,0.81,150,2.83,172,2.02,-0.01114,-2.10098,2.10101
2024-07-15T12:00,calibration,1.06,229,2.59,118,1.53,3.08683,-0.52051,3.1304
2024-07-15T13:00,calibration,1.3,180,4.53,202,3.23,-1.69697,-2.90014,3.36014
2024-07-15T14:00,calibration,3.33,213,2.86,205,-0.47,0.60496,0.20073,0.63739
2024-07-15T15:00,calibration,3.28,232,3.21,185,-0.07,2.30491,-1.17842,2.58868
2024-07-15T16:00,calibration,3.8,207,3.96,196,0.16,0.63364,-0.42077,0.76062
2024-07-15T17:00,calibration,4.65,208,4.07,208,-0.58,0.27229,0.51211,0.58
2024-07-15T18:00,calibration,6.51,227,5.8,238,-0.71,-0.15757,1.36628,1.37533
2024-07-15T19:00,calibration,7.65,243,7.47,242,-0.18,0.22058,-0.03393,0.22317
2024-07-15T20:00,calibration,6.58,242,4.69,281,-1.89,1.20596,3.98402,4.16254
2024-07-15T21:00,calibration,7.6,249,5.41,251,-2.19,1.97996,0.96227,2.20141
2024-07-15T22:00,calibration,6.43,255,5.2,293,-1.23,1.42428,3.69601,3.96094
2024-07-15T23:00,calibration,3.88,258,2.16,326,-1.72,2.58736,2.59742,3.6662
2024-07-16T00:00,calibration,4.46,222,0.67,243,-3.79,2.38735,3.01025,3.84201
2024-07-16T01:00,calibration,0.5,307,0.5,180,0.0,0.39932,-0.80091,0.89493
2024-07-16T02:00,calibration,1.03,209,2.06,166,1.03,0.99771,-1.09795,1.48355
2024-07-16T03:00,calibration,1.71,263,1.99,162,0.28,2.3122,-1.68421,2.86056
2024-07-16T04:00,calibration,0.54,292,1.71,173,1.17,0.70908,-1.89954,2.02757
2024-07-16T05:00,calibration,1.44,236,1.93,201,0.49,0.50216,-0.99657,1.11594
2024-07-16T06:00,calibration,0.22,63,2.64,209,2.42,-1.47592,-2.40887,2.82507
2024-07-16T07:00,calibration,1.88,65,2.82,203,0.94,-2.80572,-3.39035,4.40074
2024-07-16T08:00,calibration,1.4,184,2.61,212,1.21,-1.28543,-0.81682,1.523
2024-07-16T09:00,calibration,0.89,207,2.87,209,1.98,-0.98735,-1.71716,1.98079
2024-07-16T10:00,calibration,1.52,203,2.94,190,1.42,0.08339,-1.49617,1.49849
2024-07-16T11:00,calibration,1.84,167,3.45,197,1.61,-1.42259,-1.50641,2.07197
2024-07-16T12:00,calibration,2.95,156,3.21,185,0.26,-1.47964,-0.50283,1.56275
2024-07-16T13:00,calibration,4.4,201,4.21,208,-0.19,-0.39966,0.39054,0.55879
2024-07-16T14:00,calibration,5.69,219,6.5,233,0.81,-1.6103,0.51016,1.68918
2024-07-16T15:00,calibration,7.5,233,7.07,243,-0.43,-0.30965,1.3039,1.34016
2024-07-16T16:00,calibration,7.13,239,6.65,258,-0.48,-0.39308,2.28961,2.32311
2024-07-16T17:00,calibration,6.31,245,6.01,266,-0.3,-0.27656,2.24748,2.26444
2024-07-16T18:00,calibration,6.31,245,5.66,278,-0.65,0.11388,3.45444,3.45632
2024-07-16T19:00,calibration,5.82,246,4.44,293,-1.38,1.22979,4.10205,4.28243
2024-07-16T20:00,calibration,5.32,258,4.16,280,-1.16,1.10694,1.82847,2.13743
2024-07-16T21:00,calibration,5.0,254,4.39,246,-0.61,0.79584,-0.40739,0.89405
2024-07-16T22:00,calibration,4.12,256,3.98,252,-0.14,0.21241,-0.23317,0.31542
2024-07-16T23:00,calibration,3.7,251,2.71,274,-0.99,0.79502,1.39364,1.60446
2024-07-17T00:00,calibration,2.06,256,2.88,304,0.82,-0.38882,2.10883,2.14438
2024-07-17T01:00,calibration,0.81,263,1.2,90,0.39,2.00396,0.09871,2.00639
2024-07-17T02:00,calibration,1.26,198,0.91,186,-0.35,0.29424,0.29332,0.41547
2024-07-17T03:00,calibration,3.47,192,1.81,186,-1.66,0.53226,1.59409,1.6806
2024-07-17T04:00,calibration,2.19,204,2.31,175,0.12,1.09208,-0.30055,1.13268
2024-07-17T05:00,calibration,2.28,203,3.31,205,1.03,-0.508,-0.90113,1.03445
2024-07-17T06:00,calibration,2.5,196,2.62,227,0.12,-1.22705,0.61632,1.37314
2024-07-17T07:00,calibration,2.92,202,2.55,222,-0.37,-0.61243,0.81236,1.01735
2024-07-17T08:00,calibration,2.46,207,2.61,238,0.15,-1.09659,0.80879,1.36259
2024-07-17T09:00,calibration,1.14,195,2.91,243,1.77,-2.29778,-0.21996,2.30828
2024-07-17T10:00,calibration,1.3,203,2.51,241,1.21,-1.68734,-0.02022,1.68747
2024-07-17T11:00,calibration,1.75,193,2.83,222,1.08,-1.49998,-0.39795,1.55187
2024-07-17T12:00,calibration,2.38,195,2.05,227,-0.33,-0.88329,0.90081,1.2616
2024-07-17T13:00,calibration,2.7,219,2.19,227,-0.51,0.0975,0.60472,0.61253
2024-07-17T14:00,calibration,3.64,212,2.52,187,-1.12,1.6218,0.58568,1.72431
2024-07-17T15:00,calibration,3.3,215,3.13,197,-0.17,0.97768,-0.29003,1.01979
2024-07-17T16:00,calibration,4.28,191,3.72,239,-0.56,-2.372,2.28542,3.29386
2024-07-17T17:00,calibration,4.16,190,2.9,272,-1.26,-2.17586,4.19801,4.72839
2024-07-17T18:00,calibration,3.85,208,2.7,231,-1.15,-0.29083,1.70018,1.72488
2024-07-17T19:00,calibration,4.7,207,3.86,249,-0.84,-1.46987,2.80443,3.16628
2024-07-17T20:00,calibration,3.31,205,2.97,315,-0.34,-0.70124,5.09999,5.14797
2024-07-17T21:00,calibration,3.68,313,0.58,329,-3.1,2.39266,-2.0126,3.12656
2024-07-17T22:00,calibration,0.36,304,1.65,256,1.29,-1.30253,-0.60048,1.43428
2024-07-17T23:00,calibration,1.0,217,1.41,278,0.41,-0.79446,0.99487,1.27316
2024-07-18T00:00,calibration,1.39,150,0.67,333,-0.72,-0.99917,1.80075,2.05938
2024-07-18T01:00,calibration,0.51,169,1.79,333,1.28,-0.90996,2.09553,2.28457
2024-07-18T02:00,calibration,1.8,161,0.64,309,-1.16,-1.0834,2.1047,2.36717
2024-07-18T03:00,calibration,1.04,163,0.58,301,-0.46,-0.80122,1.29328,1.52136
2024-07-18T04:00,calibration,0.42,225,1.1,265,0.68,-0.79883,0.20111,0.82376
2024-07-18T05:00,calibration,0.76,293,1.43,258,0.67,-0.69917,-0.59427,0.9176
2024-07-18T06:00,calibration,0.7,180,1.32,279,0.62,-1.30375,0.90649,1.58792
2024-07-18T07:00,calibration,0.5,307,1.28,309,0.78,-0.59543,0.50462,0.7805
2024-07-18T08:00,calibration,0.6,270,1.44,326,0.84,-0.20524,1.19381,1.21133
2024-07-18T09:00,calibration,0.41,284,1.75,336,1.34,-0.31397,1.49952,1.53203
2024-07-18T10:00,calibration,0.22,27,1.63,349,1.41,-0.4109,1.40403,1.46292
2024-07-18T11:00,calibration,0.41,346,1.84,347,1.43,-0.31472,1.39502,1.43008
2024-07-18T12:00,calibration,1.73,10,1.8,341,0.07,-0.88643,-0.00178,0.88644
2024-07-18T13:00,calibration,1.8,357,2.06,14,0.26,0.59256,0.20128,0.62581
2024-07-18T14:00,calibration,2.8,2,2.24,27,-0.56,0.91922,-0.80244,1.22019
2024-07-18T15:00,calibration,2.57,13,2.06,23,-0.51,0.22678,-0.60789,0.64882
2024-07-18T16:00,calibration,2.6,344,1.75,13,-0.85,1.11032,-0.79413,1.36509
2024-07-18T17:00,calibration,2.19,336,1.68,343,-0.51,0.39957,-0.39407,0.5612
2024-07-18T18:00,calibration,2.13,319,2.37,332,0.24,0.28476,0.48505,0.56246
2024-07-18T19:00,calibration,3.91,328,2.92,329,-0.99,0.56807,-0.81294,0.99175
2024-07-18T20:00,calibration,4.49,328,3.77,328,-0.72,0.38154,-0.61059,0.72
2024-07-18T21:00,calibration,3.69,319,4.16,333,0.47,0.53226,0.92171,1.06435
2024-07-18T22:00,calibration,4.16,325,4.07,332,-0.09,0.47533,0.18592,0.5104
2024-07-18T23:00,calibration,4.29,332,3.9,337,-0.39,0.49018,-0.19788,0.52861
2024-07-19T00:00,calibration,4.78,340,4.44,346,-0.34,0.56072,-0.18362,0.59002
2024-07-19T01:00,calibration,3.86,343,3.75,351,-0.11,0.54193,0.01249,0.54207
2024-07-19T02:00,calibration,1.99,342,3.34,351,1.35,0.09245,1.40628,1.40931
2024-07-19T03:00,calibration,1.5,4,2.9,360,1.4,-0.10463,1.40365,1.40755
2024-07-19T04:00,calibration,1.33,347,2.51,5,1.18,0.51795,1.20454,1.31117
2024-07-19T05:00,calibration,0.85,315,2.4,358,1.55,0.51728,1.7975,1.87045
2024-07-19T06:00,calibration,0.71,315,2.21,355,1.5,0.30943,1.69954,1.72748
2024-07-19T07:00,calibration,0.91,264,1.4,360,0.49,0.90501,1.49512,1.7477
2024-07-19T08:00,calibration,1.35,222,1.22,9,-0.13,1.09418,2.20823,2.46444
2024-07-19T09:00,calibration,1.49,228,1.73,10,0.24,1.4077,2.70072,3.04557
2024-07-19T10:00,calibration,1.08,202,1.55,15,0.47,0.80574,2.49854,2.62525
2024-07-19T11:00,calibration,0.6,270,1.51,8,0.91,0.81015,1.4953,1.70067
2024-07-19T12:00,calibration,0.28,45,0.82,14,0.54,0.00039,0.59765,0.59765
2024-07-19T13:00,calibration,0.86,36,1.34,63,0.48,0.68845,-0.08741,0.69398
2024-07-19T14:00,calibration,1.43,78,1.46,74,0.03,0.00469,0.10512,0.10522
2024-07-19T15:00,calibration,0.41,346,0.94,58,0.53,0.89635,0.1003,0.90195
2024-07-19T16:00,calibration,0.89,333,0.58,59,-0.31,0.90121,-0.49427,1.02785
2024-07-19T17:00,calibration,1.27,315,0.22,117,-1.05,1.09405,-0.9979,1.48079
2024-07-19T18:00,calibration,1.5,307,0.54,158,-0.96,1.40024,-1.4034,1.98248
2024-07-19T19:00,calibration,1.9,273,0.72,146,-1.18,2.30002,-0.69635,2.40312
2024-07-19T20:00,calibration,2.02,261,0.8,90,-1.22,2.79513,0.316,2.81294
2024-07-19T21:00,calibration,0.81,277,1.77,74,0.96,2.5054,0.38916,2.53544
2024-07-19T22:00,calibration,1.44,326,1.63,101,0.19,2.40529,-1.50483,2.83724
2024-07-19T23:00,calibration,2.84,350,1.04,73,-1.8,1.48772,-2.49279,2.90298
2024-07-20T00:00,calibration,3.14,351,1.64,52,-1.5,1.78354,-2.09166,2.74883
2024-07-20T01:00,calibration,2.4,360,1.84,22,-0.56,0.68928,-0.69398,0.97812
2024-07-20T02:00,calibration,1.2,355,2.62,7,1.42,0.42388,1.40504,1.46759
2024-07-20T03:00,calibration,0.81,30,2.3,34,1.49,0.88114,1.20531,1.49304
2024-07-20T04:00,calibration,1.1,5,1.86,54,0.76,1.4089,-0.00253,1.4089
2024-07-20T05:00,calibration,0.57,315,2.06,23,1.49,1.20796,1.49319,1.92062
2024-07-20T06:00,calibration,0.76,337,2.13,41,1.37,1.69436,0.90795,1.9223
2024-07-20T07:00,calibration,1.5,266,1.8,34,0.3,2.50289,1.5969,2.96893
2024-07-20T08:00,calibration,1.8,267,1.7,40,-0.1,2.89027,1.39648,3.20996
2024-07-20T09:00,calibration,2.1,270,1.56,45,-0.54,3.20309,1.10309,3.38771
2024-07-20T10:00,calibration,1.25,299,1.49,48,0.24,2.20056,0.39099,2.23503
2024-07-20T11:00,calibration,1.3,247,1.35,48,0.05,2.1999,1.41128,2.61367
2024-07-20T12:00,calibration,0.71,8,0.5,53,-0.21,0.3005,-0.40218,0.50205
2024-07-20T13:00,calibration,1.13,45,0.76,337,-0.37,-1.09599,-0.09945,1.10049
2024-07-20T14:00,calibration,0.85,21,0.8,360,-0.05,-0.30461,0.00646,0.30468
2024-07-20T15:00,calibration,1.17,59,0.8,360,-0.37,-1.00289,0.19741,1.02213
2024-07-20T16:00,calibration,1.14,38,0.5,37,-0.64,-0.40095,-0.49901,0.64014
2024-07-20T17:00,calibration,0.41,76,0.32,72,-0.09,-0.09348,-0.0003,0.09348
2024-07-20T18:00,calibration,1.17,329,1.2,228,0.03,-0.28918,-1.80584,1.82885
2024-07-20T19:00,calibration,1.58,252,1.1,270,-0.48,0.40267,0.48825,0.63287
2024-07-20T20:00,calibration,1.7,270,1.72,306,0.02,0.30849,1.01099,1.05701
2024-07-20T21:00,calibration,1.7,332,2.9,314,1.2,-1.28798,0.5135,1.38657
2024-07-20T22:00,calibration,1.56,315,2.97,315,1.41,-0.99702,0.99702,1.41
2024-07-20T23:00,calibration,2.08,325,0.94,302,-1.14,0.39587,-1.20571,1.26904
2024-07-21T00:00,calibration,2.92,329,0.92,13,-2.0,1.71087,-1.60651,2.3469
2024-07-21T01:00,calibration,2.35,348,2.91,344,0.56,-0.31351,0.49862,0.589
2024-07-21T02:00,calibration,1.8,360,2.91,356,1.11,-0.20299,1.10291,1.12144
2024-07-21T03:00,calibration,0.36,124,2.92,31,2.56,1.20546,2.70424,2.96075
2024-07-21T04:00,calibration,0.51,11,2.35,12,1.84,0.39128,1.79802,1.8401
2024-07-21T05:00,calibration,1.77,286,1.71,353,-0.06,1.49304,1.20938,1.92139
2024-07-21T06:00,calibration,1.75,246,1.7,360,-0.05,1.5987,2.41179,2.89354
2024-07-21T07:00,calibration,1.61,263,1.68,343,0.07,1.10681,1.8028,2.11545
2024-07-21T08:00,calibration,0.78,230,1.62,338,0.84,-0.00935,2.00341,2.00343
2024-07-21T09:00,calibration,1.41,278,1.77,344,0.36,0.9084,1.5052,1.75807
2024-07-21T10:00,calibration,0.67,297,1.32,351,0.65,0.39048,0.99957,1.07314
2024-07-21T11:00,calibration,0.95,252,1.63,11,0.68,1.21452,1.89362,2.24963
2024-07-21T12:00,calibration,0.1,90,0.92,49,0.82,0.59433,0.60357,0.84707
2024-07-21T13:00,calibration,0.92,41,1.12,63,0.2,0.39435,-0.18586,0.43596
2024-07-21T14:00,calibration,0.94,58,1.12,63,0.18,0.20076,0.01035,0.20103
2024-07-21T15:00,calibration,0.5,90,0.67,63,0.17,0.09697,0.30417,0.31926
2024-07-21T16:00,calibration,0.58,329,0.28,45,-0.3,0.49671,-0.29917,0.57985
2024-07-21T17:00,calibration,1.22,305,0.2,180,-1.02,0.99937,-0.89976,1.34473
2024-07-21T18:00,calibration,1.2,270,0.51,169,-0.69,1.29731,-0.50063,1.39056
2024-07-21T19:00,calibration,1.53,259,0.61,189,-0.92,1.40646,-0.31055,1.44034
2024-07-21T20:00,calibration,2.2,240,0.73,164,-1.47,2.10647,0.39828,2.14379
2024-07-21T21:00,calibration,0.7,270,0.36,146,-0.34,0.90131,-0.29845,0.94944
2024-07-21T22:00,calibration,1.8,357,0.54,68,-1.26,0.59488,-1.59525,1.70256
2024-07-21T23:00,calibration,1.43,335,0.5,90,-0.93,1.10434,-1.29602,1.70272
2024-07-22T00:00,calibration,0.64,321,0.22,63,-0.42,0.59879,-0.3975,0.71871
2024-07-22T01:00,calibration,1.1,360,1.48,28,0.38,0.69482,0.20676,0.72493
2024-07-22T02:00,calibration,2.1,360,1.8,360,-0.3,0.0,-0.3,0.3
2024-07-22T03:00,calibration,1.12,27,1.92,9,0.8,-0.20812,0.89843,0.92222
2024-07-22T04:00,calibration,0.5,180,1.91,47,1.41,1.39689,1.80262,2.28051
2024-07-22T05:00,calibration,0.1,270,1.97,60,1.87,1.80607,0.985,2.05721
2024-07-22T06:00,calibration,0.1,360,2.15,62,2.05,1.89834,0.90936,2.10491
2024-07-22T07:00,calibration,0.36,304,1.88,65,1.52,2.00231,0.59321,2.08834
2024-07-22T08:00,calibration,0.32,342,1.92,39,1.6,1.30718,1.18778,1.76622
2024-07-22T09:00,calibration,0.81,330,1.5,53,0.69,1.60295,0.20124,1.61554
2024-07-22T10:00,calibration,0.57,225,1.33,77,0.76,1.69896,0.70224,1.83837
2024-07-22T11:00,calibration,0.28,135,1.44,124,1.16,0.99582,-0.60725,1.16637
2024-07-22T12:00,calibration,0.67,63,1.1,95,0.43,0.49884,-0.40004,0.63943
2024-07-22T13:00,calibration,1.0,127,0.71,45,-0.29,-0.29659,1.10386,1.14301
2024-07-22T14:00,calibration,1.04,253,0.22,117,-0.82,1.19058,0.20419,1.20796
2024-07-22T15:00,calibration,3.26,223,1.2,180,-2.06,2.22331,1.18421,2.51903
2024-07-22T16:00,calibration,0.51,349,0.98,204,0.47,-0.30129,-1.3959,1.42805
2024-07-22T17:00,calibration,1.84,299,0.9,270,-0.94,0.7093,-0.89205,1.13968
2024-07-22T18:00,calibration,1.39,330,0.98,294,-0.41,-0.20027,-0.80517,0.82971
2024-07-22T19:00,calibration,2.82,264,0.76,337,-2.06,2.5076,0.99435,2.69755
2024-07-22T20:00,calibration,1.0,354,0.32,288,-0.68,-0.19981,-0.89564,0.91765
2024-07-22T21:00,calibration,1.43,78,1.93,291,0.5,-3.20056,0.39434,3.22476
2024-07-22T22:00,calibration,0.14,45,3.67,296,3.53,-3.39757,1.50983,3.71794
2024-07-22T23:00,calibration,0.72,236,1.51,8,0.79,0.80706,1.89792,2.06239
2024-07-23T00:00,calibration,0.5,270,2.02,57,1.52,2.19411,1.10017,2.45449
2024-07-23T01:00,calibration,1.22,325,1.22,235,0.0,-0.2996,-1.69913,1.72534
2024-07-23T02:00,calibration,0.5,180,1.66,245,1.16,-1.50447,-0.20155,1.51791
2024-07-23T03:00,calibration,1.3,238,1.17,250,-0.13,0.00302,0.28873,0.28875
2024-07-23T04:00,calibration,0.36,34,1.21,246,0.85,-1.3067,-0.7906,1.52726
2024-07-23T05:00,calibration,0.72,236,1.66,245,0.94,-0.90756,-0.29893,0.95553
2024-07-23T06:00,calibration,1.49,228,2.02,250,0.53,-0.79089,0.30612,0.84807
2024-07-23T07:00,calibration,0.5,360,1.84,248,1.34,-1.70602,-1.18928,2.07963
2024-07-23T08:00,calibration,0.72,236,1.79,243,1.07,-0.99799,-0.41002,1.07894
2024-07-23T09:00,calibration,0.85,339,1.71,249,0.86,-1.29181,-1.40635,1.90961
2024-07-23T10:00,calibration,0.89,207,1.49,250,0.6,-0.99609,0.28339,1.03562
2024-07-23T11:00,calibration,0.51,79,1.48,242,0.97,-1.80739,-0.79213,1.97336
2024-07-23T12:00,calibration,0.72,214,0.94,238,0.22,-0.39455,0.09878,0.40672
2024-07-23T13:00,calibration,1.12,243,1.4,180,0.28,0.99793,-0.89153,1.33817
2024-07-23T14:00,calibration,0.63,72,1.26,198,0.63,-0.98853,-1.39301,1.70812
2024-07-23T15:00,calibration,1.17,121,1.3,203,0.13,-1.51084,-0.59406,1.62343
2024-07-23T16:00,calibration,1.66,115,1.9,183,0.24,-1.60391,-1.19585,2.00065
2024-07-23T17:00,calibration,2.36,144,2.01,186,-0.35,-1.59728,-0.08971,1.59979
2024-07-23T18:00,calibration,1.2,175,1.96,195,0.76,-0.61187,-0.69778,0.92805
2024-07-23T19:00,calibration,1.14,232,1.99,198,0.85,0.28339,-1.19075,1.22401
2024-07-23T20:00,calibration,0.54,158,1.87,196,1.33,-0.71773,-1.29688,1.48224
2024-07-23T21:00,calibration,2.76,134,1.25,209,-1.51,-2.59139,0.82398,2.71924
2024-07-23T22:00,calibration,2.28,142,1.32,171,-0.96,-1.19721,0.49292,1.29472
2024-07-23T23:00,calibration,1.4,184,1.46,254,0.06,-1.30578,0.99416,1.64116
2024-07-24T00:00,calibration,0.1,360,0.73,74,0.63,0.70172,0.10122,0.70898
2024-07-24T01:00,calibration,0.64,231,2.61,184,1.97,0.31531,-2.20088,2.22335
2024-07-24T02:00,calibration,1.71,173,2.31,198,0.6,-0.92223,-0.49969,1.0489
2024-07-24T03:00,calibration,1.99,342,2.73,204,0.74,-0.49545,-4.38658,4.41447
2024-07-24T04:00,calibration,0.71,278,2.73,204,2.02,-0.4073,-2.59279,2.62459
2024-07-24T05:00,calibration,0.89,207,2.12,199,1.23,-0.28615,-1.2115,1.24484
2024-07-24T06:00,calibration,0.92,139,2.72,174,1.8,-0.31926,-2.01077,2.03595
2024-07-24T07:00,calibration,0.82,166,2.33,190,1.51,-0.60298,-1.49896,1.61569
2024-07-24T08:00,calibration,0.82,14,2.02,200,1.2,-0.88926,-2.69382,2.8368
2024-07-24T09:00,calibration,0.64,51,2.04,191,1.4,-0.88662,-2.40528,2.56349
2024-07-24T10:00,calibration,0.28,45,1.66,205,1.38,-0.89954,-1.70246,1.9255
2024-07-24T11:00,calibration,1.35,132,2.06,203,0.71,-1.80815,-0.99291,2.06284
2024-07-24T12:00,calibration,1.99,198,2.3,214,0.31,-0.6712,-0.01418,0.67135
2024-07-24T13:00,calibration,2.3,214,3.5,211,1.2,-0.51649,-1.0933,1.20916
2024-07-24T14:00,calibration,2.16,214,3.39,225,1.23,-1.18924,-0.60637,1.3349
2024-07-24T15:00,calibration,3.0,217,2.97,213,-0.03,0.18787,-0.09495,0.2105
2024-07-24T16:00,calibration,3.34,219,3.34,219,0.0,0.0,0.0,0.0
2024-07-24T17:00,calibration,4.05,220,3.94,240,-0.11,-0.80885,1.13248,1.39167
2024-07-24T18:00,calibration,4.38,215,5.47,230,1.09,-1.678,0.07184,1.67954
2024-07-24T19:00,calibration,3.64,233,3.65,189,0.01,2.33605,-1.41446,2.7309
2024-07-24T20:00,calibration,3.09,209,4.0,217,0.91,-0.9092,-0.49197,1.03377
2024-07-24T21:00,calibration,5.53,264,4.27,237,-1.26,1.91858,-1.74757,2.59518
2024-07-24T22:00,calibration,3.84,219,4.25,246,0.41,-1.46598,1.25561,1.93019
2024-07-24T23:00,calibration,2.83,228,3.34,321,0.51,0.00117,4.48931,4.48931
2024-07-25T00:00,calibration,3.27,293,0.64,231,-2.63,2.51268,-1.68046,3.02283
2024-07-25T01:00,calibration,1.0,233,3.73,250,2.73,-2.70642,-0.67392,2.78906
2024-07-25T02:00,calibration,2.02,340,3.21,274,1.19,-2.5113,-1.67426,3.01824
2024-07-25T03:00,calibration,0.9,360,1.7,270,0.8,-1.7,-0.9,1.92354
2024-07-25T04:00,calibration,0.76,247,1.04,253,0.28,-0.29497,-0.00711,0.29506
2024-07-25T05:00,calibration,0.6,180,2.19,204,1.59,-0.89075,-1.40066,1.65991
2024-07-25T06:00,calibration,1.5,323,2.16,214,0.66,-0.30513,-2.98867,3.00421
2024-07-25T07:00,calibration,0.63,252,1.78,232,1.15,-0.80349,-0.9012,1.20738
2024-07-25T08:00,calibration,0.54,158,1.78,232,1.24,-1.60495,-0.5952,1.71176
2024-07-25T09:00,calibration,0.82,194,1.36,253,0.54,-1.1022,0.39802,1.17186
2024-07-25T10:00,calibration,0.64,219,1.3,274,0.66,-0.89407,0.58806,1.07013
2024-07-25T11:00,calibration,0.32,18,1.58,288,1.26,-1.60155,0.18391,1.61208
2024-07-25T12:00,calibration,0.4,90,1.58,305,1.18,-1.69426,0.90625,1.92141
2024-07-25T13:00,calibration,1.22,351,1.04,343,-0.18,-0.11322,-0.21042,0.23895
2024-07-25T14:00,calibration,1.33,347,1.5,356,0.17,0.19455,0.20043,0.27933
2024-07-25T15:00,calibration,1.61,330,1.41,8,-0.2,1.00123,0.00198,1.00124
2024-07-25T16:00,calibration,1.65,346,0.72,326,-0.93,-0.00345,-1.00408,1.00409
2024-07-25T17:00,calibration,1.3,337,0.94,302,-0.36,-0.28921,-0.69853,0.75604
2024-07-25T18:00,calibration,2.41,318,1.35,312,-1.06,0.60936,-0.88765,1.07668
2024-07-25T19:00,calibration,2.79,339,2.14,307,-0.65,-0.70923,-1.31681,1.49566
2024-07-25T20:00,calibration,2.15,332,2.55,318,0.4,-0.69692,-0.00332,0.69693
2024-07-25T21:00,calibration,2.83,352,2.76,316,-0.07,-1.5234,-0.81708,1.72869
2024-07-25T22:00,calibration,4.58,328,2.77,319,-1.81,0.60975,-1.79351,1.89433
2024-07-25T23:00,calibration,3.48,342,2.83,328,-0.65,-0.42429,-0.9097,1.00378
2024-07-26T00:00,calibration,2.82,337,2.25,328,-0.57,-0.09046,-0.68772,0.69364
2024-07-26T01:00,calibration,0.95,342,3.21,356,2.26,0.06965,2.29868,2.29973
2024-07-26T02:00,calibration,1.42,321,2.24,10,0.82,1.28261,1.10242,1.69128
2024-07-26T03:00,calibration,0.89,27,1.9,357,1.01,-0.50349,1.1044,1.21376
2024-07-26T04:00,calibration,1.5,270,2.22,352,0.72,1.19104,2.1984,2.5003
2024-07-26T05:00,calibration,0.5,360,2.31,5,1.81,0.20133,1.80121,1.81243
2024-07-26T06:00,calibration,0.6,180,2.55,11,1.95,0.48656,3.10315,3.14106
2024-07-26T07:00,calibration,0.94,238,2.19,24,1.25,1.68792,2.49879,3.01546
2024-07-26T08:00,calibration,2.51,203,2.2,30,-0.31,2.08074,4.21572,4.70125
2024-07-26T09:00,calibration,2.08,215,2.28,38,0.2,2.59675,3.5005,4.35851
2024-07-26T10:00,calibration,1.1,265,2.52,34,1.42,2.50498,2.18505,3.32406
2024-07-26T11:00,calibration,0.54,248,2.61,32,2.07,1.88377,2.41569,3.06336
2024-07-26T12:00,calibration,0.92,13,1.56,45,0.64,0.89613,0.20667,0.91965
2024-07-26T13:00,calibration,2.19,43,1.77,43,-0.42,-0.28644,-0.30717,0.42
2024-07-26T14:00,calibration,2.08,55,2.42,60,0.34,0.39195,0.01696,0.39231
2024-07-26T15:00,calibration,2.84,51,2.42,66,-0.42,0.00369,-0.80297,0.80298
2024-07-26T16:00,calibration,2.48,50,2.15,62,-0.33,-0.00145,-0.58475,0.58475
2024-07-26T17:00,calibration,2.28,15,1.58,72,-0.7,0.91256,-1.71406,1.94185
2024-07-26T18:00,calibration,1.25,29,1.04,73,-0.21,0.38854,-0.78921,0.87967
2024-07-26T19:00,calibration,2.94,10,0.82,76,-2.12,0.28512,-2.69696,2.71199
2024-07-26T20:00,calibration,1.88,25,1.1,95,-0.78,0.30129,-1.79973,1.82478
2024-07-26T21:00,calibration,1.3,67,1.4,94,0.1,0.19993,-0.60561,0.63776
2024-07-26T22:00,calibration,2.28,15,1.43,65,-0.85,0.70591,-1.59797,1.74694
2024-07-26T23:00,calibration,0.71,8,1.79,27,1.08,0.71383,0.89181,1.14231
2024-07-27T00:00,calibration,2.93,352,1.43,25,-1.5,1.01212,-1.60547,1.89787
2024-07-27T01:00,calibration,1.17,329,2.57,347,1.4,0.02447,1.50125,1.50144
2024-07-27T02:00,calibration,1.68,17,2.91,344,1.23,-1.29329,1.19068,1.75793
2024-07-27T03:00,calibration,0.41,14,2.56,21,2.15,0.81823,1.99214,2.15364
2024-07-27T04:00,calibration,1.0,217,2.41,42,1.41,2.21442,2.58961,3.40731
2024-07-27T05:00,calibration,1.2,5,2.59,62,1.39,2.18225,0.0205,2.18234
2024-07-27T06:00,calibration,0.5,37,2.52,56,2.02,1.78827,1.00985,2.0537
2024-07-27T07:00,calibration,0.76,23,2.7,51,1.94,1.80134,0.99958,2.06009
2024-07-27T08:00,calibration,0.72,34,2.78,52,2.06,1.78805,1.11463,2.10702
2024-07-27T09:00,calibration,1.97,30,2.61,58,0.64,1.22841,-0.32298,1.27016
2024-07-27T10:00,calibration,1.36,36,2.52,56,1.16,1.28979,0.3089,1.32626
2024-07-27T11:00,calibration,1.14,75,2.55,64,1.41,1.19077,0.82279,1.44738
2024-07-27T12:00,calibration,1.84,49,1.86,54,0.02,0.11611,-0.11387,0.16262
2024-07-27T13:00,calibration,1.7,50,1.46,74,-0.24,0.10117,-0.69031,0.69768
2024-07-27T14:00,calibration,1.7,62,1.87,106,0.17,0.29655,-1.31354,1.3466
2024-07-27T15:00,calibration,1.71,69,1.94,125,0.23,-0.00727,-1.72555,1.72556
2024-07-27T16:00,calibration,2.21,95,2.08,125,-0.13,-0.49775,-1.00042,1.11741
2024-07-27T17:00,calibration,1.96,75,2.1,115,0.14,0.01003,-1.39478,1.39482
2024-07-27T18:00,calibration,2.87,61,2.16,103,-0.71,-0.40552,-1.8773,1.9206
2024-07-27T19:00,calibration,3.02,124,2.12,109,-0.9,-0.49919,0.99856,1.11638
2024-07-27T20:00,calibration,4.13,97,1.84,103,-2.29,-2.30637,0.08941,2.30811
2024-07-27T21:00,calibration,2.72,96,1.8,93,-0.92,-0.90757,0.19011,0.92726
2024-07-27T22:00,calibration,0.58,239,1.8,90,1.22,2.29716,0.29872,2.3165
2024-07-27T23:00,calibration,0.86,126,1.73,100,0.87,1.00796,0.20508,1.02861
2024-07-28T00:00,calibration,1.94,35,1.71,111,-0.23,0.48368,-2.20196,2.25446
2024-07-28T01:00,calibration,0.73,16,0.82,14,0.09,-0.00284,0.09392,0.09396
2024-07-28T02:00,calibration,2.44,325,1.53,58,-0.91,2.69704,-1.18795,2.94708
2024-07-28T03:00,calibration,0.3,360,1.9,93,1.6,1.8974,-0.39944,1.93899
2024-07-28T04:00,calibration,0.8,270,1.24,104,0.44,2.00317,-0.29998,2.0255
2024-07-28T05:00,calibration,0.64,321,1.39,69,0.75,1.70044,0.00076,1.70044
2024-07-28T06:00,calibration,0.7,90,2.32,97,1.62,1.60271,-0.28274,1.62746
2024-07-28T07:00,calibration,1.32,81,1.5,143,0.18,-0.40103,-1.40445,1.46058
2024-07-28T08:00,calibration,1.06,319,1.3,122,0.24,1.79789,-1.48889,2.33435
2024-07-28T09:00,calibration,0.3,90,1.2,132,0.9,0.59177,-0.80296,0.99746
2024-07-28T10:00,calibration,0.76,337,1.13,135,0.37,1.09599,-1.49861,1.85662
2024-07-28T11:00,calibration,0.92,41,1.88,155,0.96,0.19095,-2.39819,2.40578
2024-07-28T12:00,calibration,0.81,30,1.55,165,0.74,-0.00383,-2.19867,2.19867
2024-07-28T13:00,calibration,0.22,207,1.17,160,0.95,0.50004,-0.90342,1.03257
2024-07-28T14:00,calibration,1.02,259,0.9,180,-0.12,1.00126,-0.70537,1.22478
2024-07-28T15:00,calibration,1.14,218,0.92,193,-0.22,0.4949,0.00191,0.4949
2024-07-28T16:00,calibration,1.06,229,1.2,180,0.14,0.79999,-0.50458,0.94583
2024-07-28T17:00,calibration,2.3,214,1.36,144,-0.94,2.08553,0.80652,2.23605
2024-07-28T18:00,calibration,1.44,146,1.49,138,0.05,0.19177,0.08653,0.21038
2024-07-28T19:00,calibration,2.67,193,1.44,124,-1.23,1.79443,1.79633,2.53905
2024-07-28T20:00,calibration,1.92,261,1.52,113,-0.4,3.29553,-0.29356,3.30858
2024-07-28T21:00,calibration,2.93,188,1.64,128,-1.29,1.70011,1.8918,2.54348
2024-07-28T22:00,calibration,2.85,252,2.02,123,-0.83,4.40463,-0.21947,4.41009
2024-07-28T23:00,calibration,2.61,212,2.53,108,-0.08,3.78926,1.43159,4.05067
2024-07-29T00:00,calibration,2.26,193,2.83,98,0.57,3.31085,1.80822,3.77245
2024-07-29T01:00,calibration,1.61,173,2.33,137,0.72,1.39285,-0.10605,1.39688
2024-07-29T02:00,calibration,0.98,204,2.02,160,1.04,1.08948,-1.0029,1.48081
2024-07-29T03:00,calibration,0.76,247,1.79,207,1.03,-0.11306,-1.29795,1.30286
2024-07-29T04:00,calibration,0.22,207,1.61,240,1.39,-1.29442,-0.60898,1.43052
2024-07-29T05:00,calibration,1.41,315,1.98,225,0.57,-0.40305,-2.39709,2.43074
2024-07-29T06:00,calibration,0.82,256,1.7,267,0.88,-0.90203,0.1094,0.90864
2024-07-29T07:00,calibration,1.7,230,1.75,294,0.05,-0.29643,1.80453,1.82871
2024-07-29T08:00,calibration,1.75,246,1.25,241,-0.5,0.50543,0.10578,0.51638
2024-07-29T09:00,calibration,0.73,254,2.4,163,1.67,1.40341,-2.09392,2.52072
2024-07-29T10:00,calibration,0.32,162,1.8,183,1.48,-0.19309,-1.4932,1.50563
2024-07-29T11:00,calibration,1.04,73,2.26,193,1.22,-1.50295,-2.50614,2.92226
2024-07-29T12:00,calibration,0.76,67,1.75,193,0.99,-1.09325,-2.0021,2.28114
2024-07-29T13:00,calibration,0.54,248,1.24,166,0.7,0.80066,-1.00088,1.28173
2024-07-29T14:00,calibration,1.75,257,1.6,180,-0.15,1.70515,-1.20634,2.08873
2024-07-29T15:00,calibration,1.88,205,2.15,208,0.27,-0.21484,-0.19448,0.28979
2024-07-29T16:00,calibration,3.1,201,2.42,210,-0.68,-0.09906,0.79832,0.80444
2024-07-29T17:00,calibration,4.86,217,2.86,205,-2.0,1.71613,1.28933,2.1465
2024-07-29T18:00,calibration,4.08,216,1.84,202,-2.24,1.70889,1.59477,2.33743
2024-07-29T19:00,calibration,5.58,213,5.73,227,0.15,-1.15157,0.77193,1.38636
2024-07-29T20:00,calibration,2.94,235,0.3,90,-2.64,2.70831,1.68631,3.19039
2024-07-29T21:00,calibration,5.08,216,0.73,74,-4.35,3.68767,4.31102,5.67308
2024-07-29T22:00,calibration,3.01,255,0.81,210,-2.2,2.50244,0.07756,2.50364
2024-07-29T23:00,calibration,3.42,291,0.82,256,-2.6,2.3972,-1.42399,2.78825
2024-07-30T00:00,calibration,1.32,9,1.32,171,0.0,0.0,-2.6075,2.6075
2024-07-30T01:00,calibration,1.35,318,1.8,183,0.45,0.80912,-2.80078,2.91531
2024-07-30T02:00,calibration,0.45,153,1.81,174,1.36,-0.0151,-1.39913,1.39921
2024-07-30T03:00,calibration,1.17,20,2.09,163,0.92,0.21089,-3.09812,3.10529
2024-07-30T04:00,calibration,1.39,159,2.33,170,0.94,-0.09353,-0.99693,1.0013
2024-07-30T05:00,calibration,1.2,48,2.42,187,1.22,-1.1867,-3.20492,3.41757
2024-07-30T06:00,calibration,0.92,41,2.63,189,1.71,-1.015,-3.29195,3.44488
2024-07-30T07:00,calibration,1.12,63,2.42,187,1.3,-1.29285,-2.91043,3.18466
2024-07-30T08:00,calibration,1.48,62,1.06,221,-0.42,-2.00219,-1.49481,2.49864
2024-07-30T09:00,calibration,1.81,84,2.16,167,0.35,-1.31419,-2.29384,2.64363
2024-07-30T10:00,calibration,1.97,66,3.76,155,1.79,-0.21064,-4.20899,4.21426
2024-07-30T11:00,calibration,1.3,157,4.15,165,2.85,0.56615,-2.81194,2.86836
2024-07-30T12:00,calibration,0.64,39,4.03,187,3.39,-0.8939,-4.49733,4.58531
2024-07-30T13:00,calibration,3.51,177,3.69,193,0.18,-1.01377,-0.09024,1.01778
2024-07-30T14:00,calibration,1.6,94,4.12,186,2.52,-2.02676,-3.98582,4.47152
2024-07-30T15:00,calibration,2.19,133,4.02,207,1.83,-3.42671,-2.08827,4.01288
2024-07-30T16:00,calibration,2.75,170,4.29,208,1.54,-2.49157,-1.07962,2.71542
2024-07-30T17:00,calibration,3.14,202,3.1,201,-0.04,0.06532,0.01726,0.06757
2024-07-30T18:00,calibration,4.66,203,3.76,220,-0.9,-0.59607,1.40923,1.5301
2024-07-30T19:00,calibration,6.8,216,3.64,254,-3.16,0.49795,4.498,4.52547
2024-07-30T20:00,calibration,3.18,224,1.91,227,-1.27,0.81213,0.98488,1.27654
2024-07-30T21:00,calibration,4.11,229,2.31,198,-1.8,2.38803,0.49946,2.4397
2024-07-30T22:00,calibration,3.44,262,2.69,202,-0.75,2.39883,-2.01537,3.13307
2024-07-30T23:00,calibration,2.59,208,1.92,231,-0.67,-0.27619,1.07854,1.11334
2024-07-31T00:00,calibration,2.98,230,1.49,222,-1.49,1.28581,0.80822,1.51872
2024-07-31T01:00,calibration,1.28,219,2.3,182,1.02,0.72526,-1.30385,1.49199
2024-07-31T02:00,calibration,1.1,265,1.04,253,-0.06,0.10126,-0.2082,0.23151
2024-07-31T03:00,calibration,0.71,45,1.77,196,1.06,-0.98992,-2.20348,2.41563
2024-07-31T04:00,calibration,1.3,157,1.7,225,0.4,-1.71003,-0.00543,1.71004
2024-07-31T05:00,calibration,1.3,157,2.46,243,1.16,-2.69983,0.07984,2.70101
2024-07-31T06:00,calibration,1.28,321,2.28,241,1.0,-1.1886,-2.10011,2.41314
2024-07-31T07:00,calibration,1.22,35,2.28,247,1.06,-2.79851,-1.89023,3.37708
2024-07-31T08:00,calibration,0.91,186,2.33,245,1.42,-2.01658,-0.07969,2.01815
2024-07-31T09:00,calibration,1.12,207,1.7,230,0.58,-0.79381,-0.09481,0.79945
2024-07-31T10:00,calibration,0.98,204,1.49,228,0.51,-0.70868,-0.10173,0.71595
2024-07-31T11:00,calibration,0.86,216,1.7,242,0.84,-0.99552,-0.10235,1.00076
2024-07-31T12:00,calibration,1.42,219,1.7,225,0.28,-0.30845,-0.09853,0.3238
2024-07-31T13:00,calibration,2.52,236,1.98,225,-0.54,0.6891,0.00909,0.68916
2024-07-31T14:00,calibration,2.91,221,2.68,243,-0.23,-0.47877,0.97951,1.09026
2024-07-31T15:00,calibration,3.71,243,3.81,265,0.1,-0.48987,1.35224,1.43824
2024-07-31T16:00,calibration,3.79,252,3.11,274,-0.68,0.50208,1.38812,1.47613
2024-07-31T17:00,calibration,3.32,254,2.41,275,-0.91,0.79056,1.12516,1.37513
2024-07-31T18:00,calibration,4.04,261,2.2,273,-1.84,1.79328,0.74713,1.94269
2024-07-31T19:00,calibration,2.82,264,2.1,295,-0.72,0.90131,1.18227,1.48664
2024-07-31T20:00,calibration,2.92,232,2.62,313,-0.3,0.38484,3.58457,3.60517
2024-07-31T21:00,calibration,1.91,264,2.42,308,0.51,-0.00745,1.68955,1.68957
2024-07-31T22:00,calibration,1.66,245,2.02,303,0.36,-0.18964,1.80172,1.81167
2024-07-31T23:00,calibration,1.77,254,2.21,275,0.44,-0.50016,0.68049,0.84453
2024-08-01T00:00,calibration,0.72,236,2.8,272,2.08,-2.20139,0.50034,2.25753
2024-08-01T01:00,calibration,2.6,157,0.7,90,-1.9,-0.3159,2.39331,2.41407
2024-08-01T02:00,calibration,3.4,242,1.58,145,-1.82,3.90827,0.30194,3.91992
2024-08-01T03:00,calibration,1.51,352,1.3,212,-0.21,-0.47874,-2.59777,2.64151
2024-08-01T04:00,calibration,0.94,32,1.79,207,0.85,-1.31077,-2.39207,2.72765
2024-08-01T05:00,calibration,0.45,207,2.42,232,1.97,-1.70269,-1.08895,2.02113
2024-08-01T06:00,calibration,1.02,349,2.24,243,1.22,-1.80123,-2.0182,2.7051
2024-08-01T07:00,calibration,0.91,84,2.51,241,1.6,-3.10031,-1.31199,3.36649
2024-08-01T08:00,calibration,0.95,108,2.33,239,1.38,-2.9007,-0.90647,3.03904
2024-08-01T09:00,calibration,1.0,180,1.77,227,0.77,-1.2945,-0.20714,1.31096
2024-08-01T10:00,calibration,0.71,188,1.72,216,1.01,-0.91218,-0.68842,1.1428
2024-08-01T11:00,calibration,1.04,163,1.99,198,0.95,-0.91901,-0.89805,1.28494
2024-08-01T12:00,calibration,1.49,222,3.06,232,1.57,-1.41431,-0.77664,1.61352
2024-08-01T13:00,calibration,2.13,229,3.4,223,1.27,-0.71126,-1.0892,1.30086
2024-08-01T14:00,calibration,3.14,239,3.12,220,-0.02,0.68601,-0.77284,1.03339
2024-08-01T15:00,calibration,4.25,246,3.14,211,-1.11,2.26535,-0.96287,2.46149
2024-08-01T16:00,calibration,3.26,220,3.18,204,-0.08,0.80207,-0.40777,0.89977
2024-08-01T17:00,calibration,3.4,223,2.95,208,-0.45,0.93385,-0.11809,0.94129
2024-08-01T18:00,calibration,3.14,211,2.64,209,-0.5,0.33732,0.38251,0.51
2024-08-01T19:00,calibration,2.25,238,2.06,203,-0.19,1.1032,-0.70392,1.30865
2024-08-01T20:00,calibration,2.44,235,1.9,198,-0.54,1.4116,-0.40748,1.46924
2024-08-01T21:00,calibration,2.42,240,1.55,195,-0.87,1.69461,-0.28719,1.71877
2024-08-01T22:00,calibration,1.63,227,1.9,183,0.27,1.09267,-0.78574,1.34585
2024-08-01T23:00,calibration,2.56,211,1.84,167,-0.72,1.73241,0.40151,1.77833
2024-08-02T00:00,calibration,1.27,225,1.92,152,0.65,1.79941,-0.79723,1.96811
2024-08-02T01:00,calibration,1.8,214,1.92,219,0.12,-0.20175,0.00015,0.20175
2024-08-02T02:00,calibration,0.91,264,1.58,235,0.67,-0.38925,-0.81113,0.89969
2024-08-02T03:00,calibration,1.36,54,1.39,210,0.03,-1.79526,-2.00316,2.68991
2024-08-02T04:00,calibration,1.4,86,1.49,200,0.09,-1.9062,-1.4978,2.42425
2024-08-02T05:00,calibration,0.22,153,1.2,175,0.98,0.00471,-0.99941,0.99942
2024-08-02T06:00,calibration,1.28,129,1.84,221,0.56,-2.2019,-0.58314,2.2778
2024-08-02T07:00,calibration,1.1,90,2.56,219,1.46,-2.71106,-1.98949,3.36273
2024-08-02T08:00,calibration,2.56,291,1.62,158,-0.94,2.99683,-2.41946,3.85159
2024-08-02T09:00,calibration,0.5,143,2.28,151,1.78,0.80446,-1.59482,1.78622
2024-08-02T10:00,calibration,0.94,302,2.66,200,1.72,-0.11261,-2.99771,2.99982
2024-08-02T11:00,calibration,1.28,39,2.65,169,1.37,-0.29989,-3.59606,3.60854
2024-08-02T12:00,calibration,0.42,135,3.31,175,2.89,-0.0085,-3.00042,3.00043
2024-08-02T13:00,calibration,3.67,287,4.62,288,0.95,-0.88424,0.35465,0.95271
2024-08-02T14:00,calibration,2.28,285,4.32,265,2.04,-2.10125,-0.96662,2.31292
2024-08-02T15:00,calibration,3.61,265,4.16,260,0.55,-0.50054,-0.40774,0.6456
2024-08-02T16:00,calibration,4.16,246,3.42,263,-0.74,0.40584,1.27523,1.33825
2024-08-02T17:00,calibration,3.05,247,3.32,249,0.27,-0.29195,0.00195,0.29195
2024-08-02T18:00,calibration,2.92,248,3.57,252,0.65,-0.68789,-0.00934,0.68796
2024-08-02T19:00,calibration,3.49,246,3.45,253,-0.04,-0.11098,0.41083,0.42555
2024-08-02T20:00,calibration,2.96,258,3.79,252,0.83,-0.70919,-0.55576,0.90101
2024-08-02T21:00,calibration,2.02,250,2.6,268,0.58,-0.70024,0.60014,0.92223
2024-08-02T22:00,calibration,1.12,260,1.84,311,0.72,-0.28568,1.40163,1.43045
2024-08-02T23:00,calibration,3.27,247,3.21,265,-0.06,-0.18773,0.99792,1.01543
2024-08-03T00:00,calibration,0.89,243,1.96,345,1.07,0.28571,2.29727,2.31496
2024-08-03T01:00,calibration,0.22,243,1.3,274,1.08,-1.10081,0.19056,1.11718
2024-08-03T02:00,calibration,1.5,180,0.36,214,-1.14,-0.20131,1.20155,1.21829
2024-08-03T03:00,calibration,2.21,252,1.0,360,-1.21,2.10183,1.68293,2.69257
2024-08-03T04:00,calibration,0.61,261,0.95,198,0.34,0.30892,-0.80808,0.86512
2024-08-03T05:00,calibration,1.13,225,1.0,180,-0.13,0.79903,-0.20097,0.82392
2024-08-03T06:00,calibration,0.82,166,0.7,180,-0.12,-0.19838,0.09564,0.22023
2024-08-03T07:00,calibration,0.78,230,1.5,180,0.72,0.59751,-0.99863,1.16373
2024-08-03T08:00,calibration,0.6,180,1.3,203,0.7,-0.50795,-0.59666,0.78359
2024-08-03T09:00,calibration,1.02,281,0.86,234,-0.16,0.30551,-0.70012,0.76387
2024-08-03T10:00,calibration,0.54,202,1.53,169,0.99,0.49423,-1.00121,1.11655
2024-08-03T11:00,calibration,0.91,264,2.43,171,1.52,1.28515,-2.30496,2.63903
2024-08-03T12:00,calibration,1.14,232,3.09,209,1.95,-0.59973,-2.00072,2.08867
2024-08-03T13:00,calibration,0.71,172,1.8,199,1.09,-0.68484,-0.99884,1.21107
2024-08-03T14:00,calibration,1.84,193,2.05,223,0.21,-0.98419,0.29357,1.02704
2024-08-03T15:00,calibration,2.4,225,2.39,237,-0.01,-0.30737,0.39537,0.50079
2024-08-03T16:00,calibration,3.32,249,3.11,225,-0.21,0.90038,-1.00932,1.35256
2024-08-03T17:00,calibration,3.63,262,2.0,267,-1.63,1.59741,0.40053,1.64686
2024-08-03T18:00,calibration,4.15,255,2.06,247,-2.09,2.11235,0.26919,2.12944
2024-08-03T19:00,calibration,2.21,275,1.7,273,-0.51,0.50392,-0.10364,0.51447
2024-08-03T20:00,calibration,1.65,256,2.2,120,0.55,3.50624,-0.70083,3.5756
2024-08-03T21:00,calibration,0.76,337,1.35,222,0.59,-0.60637,-1.70283,1.80757
2024-08-03T22:00,calibration,1.12,333,1.2,228,0.08,-0.3833,-1.80088,1.84122
2024-08-03T23:00,calibration,1.32,351,0.95,252,-0.37,-0.69701,-1.59731,1.74277
2024-08-04T00:00,calibration,3.32,353,0.85,249,-2.47,-0.38894,-3.59987,3.62082
2024-08-04T01:00,calibration,2.04,101,1.33,283,-0.71,-3.29843,0.68844,3.36951
2024-08-04T02:00,calibration,0.2,270,1.14,255,0.94,-0.90116,-0.29505,0.94823
2024-08-04T03:00,calibration,1.41,188,0.5,307,-0.91,-0.20308,1.69719,1.70929
2024-08-04T04:00,calibration,1.64,322,1.0,276,-0.64,0.01516,-1.18781,1.18791
2024-08-04T05:00,calibration,0.71,188,0.91,276,0.2,-0.8062,0.79821,1.13451
2024-08-04T06:00,calibration,0.81,263,0.98,246,0.17,-0.09131,-0.29989,0.31348
2024-08-04T07:00,calibration,1.04,17,1.22,261,0.18,-1.50905,-1.18541,1.91896
2024-08-04T08:00,calibration,0.72,304,1.3,274,0.58,-0.69993,-0.31194,0.76629
2024-08-04T09:00,calibration,0.3,180,1.32,279,1.02,-1.30375,0.50649,1.39868
2024-08-04T10:00,calibration,0.76,247,0.9,270,0.14,-0.20042,0.29696,0.35826
2024-08-04T11:00,calibration,0.86,216,1.52,293,0.66,-0.89367,1.28967,1.56904
2024-08-04T12:00,calibration,1.04,287,1.28,309,0.24,-0.00019,0.50146,0.50146
2024-08-04T13:00,calibration,0.81,277,0.95,252,0.14,-0.09954,-0.39228,0.40471
2024-08-04T14:00,calibration,1.43,295,2.2,300,0.77,-0.60924,0.49566,0.78539
2024-08-04T15:00,calibration,2.25,302,2.06,321,-0.19,0.61171,0.4086,0.73562
2024-08-04T16:00,calibration,2.36,306,1.91,317,-0.45,0.60666,0.00971,0.60674
2024-08-04T17:00,calibration,3.2,290,2.41,312,-0.79,1.21604,0.51814,1.32182
2024-08-04T18:00,calibration,2.96,282,2.52,304,-0.44,0.80614,0.79375,1.13133
2024-08-04T19:00,calibration,3.2,270,2.64,299,-0.56,0.891,1.2799,1.5595
2024-08-04T20:00,calibration,1.41,262,2.44,305,1.03,-0.60245,1.59576,1.7057
2024-08-04T21:00,calibration,1.48,298,2.42,308,0.94,-0.60022,0.79508,0.99621
2024-08-04T22:00,calibration,2.9,314,2.33,317,-0.57,0.49703,-0.31046,0.58602
2024-08-04T23:00,calibration,2.72,324,1.77,317,-0.95,0.39164,-0.90603,0.98705
2024-08-05T00:00,calibration,1.3,337,1.56,315,0.26,-0.59514,-0.09357,0.60245
2024-08-05T01:00,calibration,2.12,352,1.58,18,-0.54,0.78329,-0.5967,0.98468
2024-08-05T02:00,calibration,2.14,143,1.93,69,-0.21,0.51393,2.40073,2.45512
2024-08-05T03:00,calibration,0.81,210,0.72,214,-0.09,0.00238,0.10457,0.1046
2024-08-05T04:00,calibration,1.14,165,1.02,259,-0.12,-1.29631,0.90653,1.58184
2024-08-05T05:00,calibration,0.41,104,1.1,95,0.69,0.69799,0.00332,0.698
2024-08-05T06:00,calibration,0.94,148,1.63,137,0.69,0.61353,-0.39494,0.72966
2024-08-05T07:00,calibration,0.45,63,1.99,162,1.54,0.21399,-2.0969,2.10779
2024-08-05T08:00,calibration,1.0,354,2.31,185,1.31,-0.0968,-3.29573,3.29715
2024-08-05T09:00,calibration,1.08,22,1.96,195,0.88,-0.91186,-2.89457,3.03481
2024-08-05T10:00,calibration,1.84,41,2.1,205,0.26,-2.09465,-3.29191,3.90182
2024-08-05T11:00,calibration,2.2,30,2.15,202,-0.05,-1.9054,-3.8987,4.33941
2024-08-05T12:00,calibration,0.67,27,1.94,192,1.27,-0.70752,-2.49458,2.59298
2024-08-05T13:00,calibration,1.41,135,1.87,196,0.46,-1.51246,-0.80054,1.71126
2024-08-05T14:00,calibration,1.36,197,2.64,205,1.28,-0.71809,-1.09208,1.30701
2024-08-05T15:00,calibration,1.68,197,2.28,209,0.6,-0.61418,-0.38754,0.72623
2024-08-05T16:00,calibration,1.98,229,2.91,243,0.93,-1.0985,-0.02212,1.09873
2024-08-05T17:00,calibration,3.4,256,3.1,255,-0.3,0.30464,0.0202,0.3053
2024-08-05T18:00,calibration,3.18,257,3.08,257,-0.1,0.09744,0.0225,0.1
2024-08-05T19:00,calibration,1.42,231,2.91,243,1.49,-1.48928,-0.42748,1.54942
2024-08-05T20:00,calibration,3.04,243,3.22,240,0.18,-0.07994,-0.22987,0.24337
2024-08-05T21:00,calibration,3.06,259,3.53,245,0.47,-0.19549,-0.90797,0.92877
2024-08-05T22:00,calibration,3.64,201,2.44,235,-1.2,-0.69427,1.99871,2.11585
2024-08-05T23:00,calibration,3.12,230,1.25,209,-1.87,1.78405,0.91222,2.00374
2024-08-06T00:00,calibration,1.5,233,1.32,189,-0.18,0.99146,-0.40103,1.06949
2024-08-06T01:00,calibration,0.5,323,1.86,216,1.36,-0.79237,-1.90409,2.06238
2024-08-06T02:00,calibration,0.98,24,1.51,262,0.53,-1.89391,-1.10543,2.19291
2024-08-06T03:00,calibration,0.51,281,1.63,259,1.12,-1.09942,-0.40833,1.1728
2024-08-06T04:00,calibration,1.3,274,1.96,285,0.66,-0.59638,0.4166,0.72748
2024-08-06T05:00,calibration,1.87,286,1.28,309,-0.59,0.80281,0.29009,0.85362
2024-08-06T06:00,calibration,1.17,211,1.27,315,0.1,-0.29543,1.90091,1.92373
2024-08-06T07:00,calibration,0.5,233,1.25,241,0.75,-0.69396,-0.3051,0.75807
2024-08-06T08:00,calibration,0.58,239,1.13,225,0.55,-0.30187,-0.50031,0.58433
2024-08-06T09:00,calibration,1.3,203,0.71,278,-0.59,-0.19514,1.29547,1.31008
2024-08-06T10:00,calibration,0.4,180,0.54,158,0.14,0.20229,-0.10068,0.22596
2024-08-06T11:00,calibration,1.43,115,0.92,193,-0.51,-1.50298,-0.29208,1.53109
2024-08-06T12:00,calibration,0.81,353,0.76,203,-0.05,-0.19824,-1.50355,1.51656
2024-08-06T13:00,calibration,1.22,125,0.89,243,-0.33,-1.79236,0.29571,1.81659
2024-08-06T14:00,calibration,1.39,120,0.81,240,-0.58,-1.90526,0.29,1.9272
2024-08-06T15:00,calibration,0.73,164,1.97,204,1.24,-1.00249,-1.09796,1.48678
2024-08-06T16:00,calibration,1.86,216,2.19,223,0.33,-0.4003,-0.09689,0.41186
2024-08-06T17:00,calibration,2.2,219,2.42,240,0.22,-0.71128,0.49972,0.86927
2024-08-06T18:00,calibration,3.45,210,2.34,230,-1.11,-0.06754,1.48366,1.4852
2024-08-06T19:00,calibration,1.42,231,2.64,217,1.22,-0.48524,-1.21476,1.30809
2024-08-06T20:00,calibration,5.1,28,1.93,339,-3.17,-3.08596,-2.70122,4.10119
2024-08-06T21:00,calibration,4.47,63,1.49,160,-2.98,-3.47319,-3.42948,4.88102
2024-08-06T22:00,calibration,3.01,75,0.76,247,-2.25,-3.60702,-1.076,3.76409
2024-08-06T23:00,calibration,1.73,10,1.44,214,-0.29,-1.10565,-2.89753,3.10131
2024-08-07T00:00,calibration,0.71,82,0.7,180,-0.01,-0.70309,-0.79881,1.06416
2024-08-07T01:00,calibration,1.0,96,0.86,126,-0.14,-0.29877,-0.40097,0.50004
2024-08-07T02:00,calibration,0.22,153,1.21,156,0.99,0.39227,-0.90937,0.99037
2024-08-07T03:00,calibration,1.4,4,1.3,67,-0.1,1.099,-0.88864,1.41332
2024-08-07T04:00,calibration,1.17,121,1.3,58,0.13,0.09958,1.29149,1.29532
2024-08-07T05:00,calibration,1.03,331,1.26,18,0.23,0.88872,0.29747,0.93718
2024-08-07T06:00,calibration,1.71,353,1.97,30,0.26,1.1934,0.00882,1.19343
2024-08-07T07:00,calibration,1.0,323,1.77,43,0.77,1.80895,0.49586,1.87568
2024-08-07T08:00,calibration,0.98,24,2.12,19,1.14,0.2916,1.10922,1.14691
2024-08-07T09:00,calibration,0.32,288,1.12,10,0.8,0.49882,1.0041,1.12118
2024-08-07T10:00,calibration,1.49,312,2.79,15,1.3,1.82939,1.69793,2.49592
2024-08-07T11:00,calibration,1.56,45,2.05,47,0.49,0.39619,0.29501,0.49396
2024-08-07T12:00,calibration,2.28,15,3.31,61,1.03,2.30488,-0.59759,2.38109
2024-08-07T13:00,calibration,2.12,45,1.68,73,-0.44,0.10753,-1.00788,1.0136
2024-08-07T14:00,calibration,2.51,23,3.2,70,0.69,2.02628,-1.216,2.36315
2024-08-07T15:00,calibration,2.69,48,3.2,70,0.51,1.00796,-0.7055,1.23033
2024-08-07T16:00,calibration,3.45,30,3.1,75,-0.35,1.26937,-2.18545,2.52735
2024-08-07T17:00,calibration,3.62,28,2.86,78,-0.76,1.09802,-2.60164,2.82386
2024-08-07T18:00,calibration,4.03,30,2.59,62,-1.44,0.27183,-2.27415,2.29034
2024-08-07T19:00,calibration,4.29,28,2.58,54,-1.71,0.07323,-2.27136,2.27254
2024-08-07T20:00,calibration,3.89,29,3.45,68,-0.44,1.31287,-2.10988,2.485
2024-08-07T21:00,calibration,3.57,18,3.05,49,-0.52,1.19867,-1.39429,1.83871
2024-08-07T22:00,calibration,4.25,30,4.04,81,-0.21,1.86526,-3.04861,3.57397
2024-08-07T23:00,calibration,3.75,42,3.26,47,-0.49,-0.12503,-0.56348,0.57718
2024-08-08T00:00,calibration,3.32,44,3.62,51,0.3,0.507,-0.11007,0.51881
2024-08-08T01:00,calibration,2.78,38,3.78,53,1.0,1.3073,0.08419,1.31001
2024-08-08T02:00,calibration,2.44,35,3.86,59,1.42,1.90914,-0.01068,1.90917
2024-08-08T03:00,calibration,1.97,30,4.25,66,2.28,2.89757,0.02256,2.89766
2024-08-08T04:00,calibration,3.12,50,3.79,78,0.67,1.31712,-1.21751,1.79364
2024-08-08T05:00,calibration,3.0,53,3.32,83,0.32,0.89935,-1.40084,1.66468
2024-08-08T06:00,calibration,2.33,43,3.13,97,0.8,1.51761,-2.08551,2.57924
2024-08-08T07:00,calibration,1.89,32,3.04,99,1.15,2.00103,-2.07837,2.88509
2024-08-08T08:00,calibration,1.64,38,2.89,104,1.25,1.79447,-1.99149,2.6807
2024-08-08T09:00,calibration,2.13,41,2.42,97,0.29,1.00456,-1.90246,2.15139
2024-08-08T10:00,calibration,2.3,56,2.43,99,0.13,0.4933,-1.66628,1.73777
2024-08-08T11:00,calibration,1.98,45,2.32,83,0.34,0.90264,-1.11733,1.43638
2024-08-08T12:00,calibration,3.09,65,3.26,101,0.17,0.39961,-1.92793,1.96891
2024-08-08T13:00,calibration,2.96,78,3.54,106,0.58,0.50755,-1.59117,1.67016
2024-08-08T14:00,calibration,3.57,72,3.92,128,0.35,-0.30627,-3.51658,3.5299
2024-08-08T15:00,calibration,3.3,76,2.1,93,-1.2,-1.10485,-0.90825,1.43025
2024-08-08T16:00,calibration,3.42,105,3.31,85,-0.11,-0.00606,1.17365,1.17366
2024-08-08T17:00,calibration,2.75,100,3.31,115,0.56,0.29166,-0.92133,0.9664
2024-08-08T18:00,calibration,2.73,98,4.05,123,1.32,0.69318,-1.82585,1.953
2024-08-08T19:00,calibration,3.07,109,4.85,122,1.78,1.21029,-1.57061,1.98283
2024-08-08T20:00,calibration,3.6,92,4.0,103,0.4,0.29967,-0.77417,0.83014
2024-08-08T21:00,calibration,3.26,108,3.72,96,0.46,0.59918,0.61855,0.86117
2024-08-08T22:00,calibration,2.69,112,3.23,106,0.54,0.61075,0.11738,0.62193
2024-08-08T23:00,calibration,2.71,94,4.12,119,1.41,0.90003,-1.80838,2.01997
2024-08-09T00:00,calibration,3.3,88,3.74,106,0.44,0.29713,-1.14605,1.18394
2024-08-09T01:00,calibration,3.41,93,4.49,107,1.08,0.88848,-1.13428,1.44083
2024-08-09T02:00,calibration,2.61,58,3.65,99,1.04,1.39166,-1.95408,2.39898
2024-08-09T03:00,calibration,2.38,15,2.95,62,0.57,1.98871,-0.91396,2.18867
2024-08-09T04:00,calibration,2.33,47,3.62,51,1.29,1.10921,0.68908,1.30583
2024-08-09T05:00,calibration,2.75,33,4.19,50,1.44,1.71197,0.38694,1.75515
2024-08-09T06:00,calibration,3.61,44,4.62,51,1.01,1.0827,0.31064,1.12638
2024-08-09T07:00,calibration,3.22,30,3.75,46,0.53,1.08752,-0.18363,1.10292
2024-08-09T08:00,calibration,3.32,21,3.89,42,0.57,1.41314,-0.20865,1.42846
2024-08-09T09:00,calibration,2.53,351,3.78,37,1.25,2.67064,0.51999,2.72079
2024-08-09T10:00,calibration,1.7,357,3.32,16,1.62,1.00409,1.49372,1.79983
2024-08-09T11:00,calibration,2.33,335,3.55,22,1.22,2.31455,1.17981,2.5979
2024-08-09T12:00,calibration,1.78,308,3.45,350,1.67,0.80357,2.30171,2.43795
2024-08-09T13:00,calibration,2.56,301,3.89,316,1.33,-0.50787,1.47973,1.56446
2024-08-09T14:00,calibration,3.51,275,5.6,305,2.09,-1.09061,2.90611,3.10402
2024-08-09T15:00,calibration,3.85,295,6.12,308,2.27,-1.33334,2.14077,2.52204
2024-08-09T16:00,calibration,4.04,279,5.76,309,1.72,-0.4861,2.99289,3.03211
2024-08-09T17:00,calibration,4.47,297,5.26,309,0.79,-0.10499,1.28089,1.28518
2024-08-09T18:00,calibration,4.41,283,5.12,309,0.71,0.31798,2.23009,2.25264
2024-08-09T19:00,calibration,5.07,292,5.78,300,0.71,-0.3048,0.99074,1.03657
2024-08-09T20:00,calibration,4.16,294,5.68,298,1.52,-1.21479,0.97457,1.55741
2024-08-09T21:00,calibration,4.97,300,5.02,301,0.05,0.00117,0.10049,0.1005
2024-08-09T22:00,calibration,4.61,294,5.22,306,0.61,-0.01162,1.19318,1.19324
2024-08-09T23:00,calibration,3.73,290,4.0,307,0.27,0.31051,1.13152,1.17336
2024-08-10T00:00,calibration,1.82,261,2.76,314,0.94,-0.18779,2.20197,2.20996
2024-08-10T01:00,calibration,1.12,260,2.15,298,1.03,-0.79535,1.20385,1.44286
2024-08-10T02:00,calibration,0.22,297,2.06,293,1.84,-1.70022,0.70503,1.8406
2024-08-10T03:00,calibration,0.32,198,2.28,293,1.96,-1.99987,1.19521,2.3298
2024-08-10T04:00,calibration,0.64,219,2.48,313,1.84,-1.41099,2.18873,2.60412
2024-08-10T05:00,calibration,1.48,242,1.66,303,0.18,-0.08543,1.59892,1.6012
2024-08-10T06:00,calibration,0.91,264,1.91,276,1.0,-0.99452,0.29477,1.03729
2024-08-10T07:00,calibration,1.84,257,2.56,291,0.72,-0.59712,1.33133,1.45911
2024-08-10T08:00,calibration,1.79,243,2.66,290,0.87,-0.90468,1.72242,1.94555
2024-08-10T09:00,calibration,1.17,239,2.53,279,1.36,-1.49597,0.99837,1.79852
2024-08-10T10:00,calibration,0.92,229,2.75,280,1.83,-2.01389,1.08111,2.28573
2024-08-10T11:00,calibration,1.52,247,2.84,280,1.32,-1.39769,1.08707,1.77066
2024-08-10T12:00,calibration,2.1,270,2.51,275,0.41,-0.40045,0.21876,0.45631
2024-08-10T13:00,calibration,2.42,277,2.55,281,0.13,-0.10119,0.19164,0.21671
2024-08-10T14:00,calibration,2.6,270,2.72,287,0.12,-0.00115,0.79525,0.79525
2024-08-10T15:00,calibration,3.3,272,3.35,280,0.05,-0.00112,0.46655,0.46655
2024-08-10T16:00,calibration,4.6,272,3.73,278,-0.87,0.9035,0.35858,0.97205
2024-08-10T17:00,calibration,3.71,267,3.63,278,-0.08,0.11024,0.69936,0.708
2024-08-10T18:00,calibration,3.6,268,3.86,280,0.26,-0.20355,0.79592,0.82154
2024-08-10T19:00,calibration,4.03,263,4.36,279,0.33,-0.30636,1.17319,1.21253
2024-08-10T20:00,calibration,3.51,265,4.47,280,0.96,-0.90545,1.08212,1.41097
2024-08-10T21:00,calibration,3.96,286,4.28,281,0.32,-0.39477,-0.27486,0.48103
2024-08-10T22:00,calibration,4.28,259,4.02,305,-0.26,0.90837,3.12244,3.25189
2024-08-10T23:00,calibration,3.9,271,3.19,319,-0.71,1.80658,2.33946,2.95581
2024-08-11T00:00,calibration,3.0,270,1.91,313,-1.09,1.60311,1.30262,2.06562
2024-08-11T01:00,calibration,0.82,284,2.5,286,1.68,-1.60751,0.49072,1.68074
2024-08-11T02:00,calibration,0.89,297,2.96,282,2.07,-2.10232,0.21137,2.11292
2024-08-11T03:00,calibration,0.41,256,2.75,280,2.34,-2.3104,0.57672,2.38129
2024-08-11T04:00,calibration,1.12,190,2.63,279,1.51,-2.40313,1.51441,2.84051
2024-08-11T05:00,calibration,0.7,180,2.75,280,2.05,-2.70822,1.17753,2.95314
2024-08-11T06:00,calibration,0.73,164,2.53,279,1.8,-2.70007,1.0975,2.9146
2024-08-11T07:00,calibration,0.86,234,2.4,287,1.54,-1.59938,1.20719,2.00382
2024-08-11T08:00,calibration,1.3,203,2.04,281,0.74,-1.49457,1.58591,2.17918
2024-08-11T09:00,calibration,1.12,207,1.84,283,0.72,-1.28437,1.41184,1.90864
2024-08-11T10:00,calibration,0.99,225,1.24,256,0.25,-0.50313,0.40005,0.64279
2024-08-11T11:00,calibration,0.36,124,1.78,232,1.42,-1.70111,-0.89457,1.92199
2024-08-11T12:00,calibration,0.63,252,1.56,225,0.93,-0.50392,-0.90841,1.03882
2024-08-11T13:00,calibration,1.77,227,1.63,223,-0.14,0.18284,0.01503,0.18346
2024-08-11T14:00,calibration,1.41,225,1.7,225,0.29,-0.20506,-0.20506,0.29
2024-08-11T15:00,calibration,2.04,259,3.08,257,1.04,-0.99854,-0.3036,1.04367
2024-08-11T16:00,calibration,2.98,256,3.42,263,0.44,-0.50303,0.30413,0.58782
2024-08-11T17:00,calibration,3.04,261,3.69,257,0.65,-0.59285,-0.35451,0.69076
2024-08-11T18:00,calibration,3.96,260,3.86,260,-0.1,0.09848,0.01736,0.1
2024-08-11T19:00,calibration,3.99,248,4.3,258,0.31,-0.50657,0.60066,0.78575
2024-08-11T20:00,calibration,4.4,267,5.02,265,0.62,-0.60693,-0.20724,0.64134
2024-08-11T21:00,calibration,4.8,270,4.71,266,-0.09,0.10147,-0.32855,0.34387
2024-08-11T22:00,calibration,4.4,270,2.92,276,-1.48,1.496,0.30522,1.52682
2024-08-11T23:00,calibration,4.08,259,2.1,270,-1.98,1.90504,0.7785,2.05797
2024-08-12T00:00,calibration,2.95,242,2.36,306,-0.59,0.69542,2.77211,2.85801
2024-08-12T01:00,calibration,1.5,233,2.06,256,0.56,-0.80086,0.40436,0.89715
2024-08-12T02:00,calibration,1.64,232,2.28,255,0.64,-0.90997,0.41958,1.00205
2024-08-12T03:00,calibration,1.63,223,2.6,254,0.97,-1.38762,0.47545,1.46682
2024-08-12T04:00,calibration,0.67,207,2.7,270,2.03,-2.39583,0.59697,2.46908
2024-08-12T05:00,calibration,0.76,247,2.6,270,1.84,-1.90042,0.29696,1.92348
2024-08-12T06:00,calibration,0.61,279,2.42,263,1.81,-1.79947,-0.39035,1.84132
2024-08-12T07:00,calibration,0.54,202,2.33,260,1.79,-2.09231,0.09608,2.09452
2024-08-12T08:00,calibration,0.99,225,2.3,272,1.31,-1.59856,0.7803,1.77884
2024-08-12T09:00,calibration,1.08,236,2.1,270,1.02,-1.20464,0.60393,1.34755
2024-08-12T10:00,calibration,1.26,252,2.11,265,0.85,-0.90364,0.20546,0.9267
2024-08-12T11:00,calibration,1.22,261,2.3,272,1.08,-1.09362,0.27112,1.12672
2024-08-12T12:00,calibration,1.39,240,2.1,270,0.71,-0.89622,0.695,1.13413
2024-08-12T13:00,calibration,2.47,291,1.73,260,-0.74,0.60223,-1.18558,1.32977
2024-08-12T14:00,calibration,2.52,304,2.41,275,-0.11,-0.31165,-1.19912,1.23896
2024-08-12T15:00,calibration,3.54,299,3.64,291,0.1,-0.30208,-0.41177,0.51069
2024-08-12T16:00,calibration,3.55,302,4.3,301,0.75,-0.67525,0.33345,0.75309
2024-08-12T17:00,calibration,3.67,287,4.53,301,0.86,-0.37333,1.26012,1.31426
2024-08-12T18:00,calibration,3.89,288,4.62,309,0.73,0.1092,1.70538,1.70888
2024-08-12T19:00,calibration,3.31,299,4.83,304,1.52,-1.10926,1.09618,1.55951
2024-08-12T20:00,calibration,4.0,307,4.48,309,0.48,-0.28707,0.4121,0.50223
2024-08-12T21:00,calibration,3.58,300,4.13,302,0.55,-0.40207,0.39857,0.56614
2024-08-12T22:00,calibration,2.64,307,3.41,302,0.77,-0.78345,0.21823,0.81327
2024-08-12T23:00,calibration,2.8,305,2.15,298,-0.65,0.39529,-0.59665,0.71571
2024-08-13T00:00,calibration,0.85,291,1.58,288,0.73,-0.70913,0.18363,0.73252
2024-08-13T01:00,calibration,1.75,301,1.84,315,0.09,0.19897,0.39976,0.44654
2024-08-13T02:00,calibration,1.04,17,2.25,339,1.21,-1.11039,1.106,1.56723
2024-08-13T03:00,calibration,0.99,225,1.96,345,0.97,0.19275,2.59325,2.6004
2024-08-13T04:00,calibration,1.77,196,1.99,342,0.22,-0.12707,3.59404,3.59628
2024-08-13T05:00,calibration,0.71,262,1.48,332,0.77,0.00827,1.40558,1.4056
2024-08-13T06:00,calibration,0.36,326,1.08,326,0.72,-0.40262,0.59691,0.72
2024-08-13T07:00,calibration,0.76,247,1.03,331,0.27,0.20023,1.19781,1.21443
2024-08-13T08:00,calibration,0.32,252,1.14,322,0.82,-0.39752,0.99722,1.07353
2024-08-13T09:00,calibration,0.45,333,1.02,349,0.57,0.00967,0.60031,0.60038
2024-08-13T10:00,calibration,0.61,9,1.25,29,0.64,0.51059,0.49078,0.70822
2024-08-13T11:00,calibration,0.95,18,0.94,122,-0.01,0.5036,-1.40163,1.48935
2024-08-13T12:00,calibration,0.61,261,0.36,146,-0.25,0.8038,-0.20303,0.82904
2024-08-13T13:00,calibration,0.54,22,0.41,76,-0.13,0.19553,-0.40149,0.44657
2024-08-13T14:00,calibration,0.7,90,0.51,101,-0.19,-0.19937,-0.09731,0.22185
2024-08-13T15:00,calibration,0.51,79,0.2,90,-0.31,-0.30063,-0.09731,0.31599
2024-08-13T16:00,calibration,2.96,348,1.62,338,-1.34,0.00856,-1.39328,1.39331
2024-08-13T17:00,calibration,3.6,358,2.2,330,-1.4,-0.97436,-1.69255,1.95297
2024-08-13T18:00,calibration,3.71,333,2.42,330,-1.29,0.4743,-1.20985,1.2995
2024-08-13T19:00,calibration,3.26,333,2.86,335,-0.4,0.27132,-0.31264,0.41396
2024-08-13T20:00,calibration,2.96,12,2.79,339,-0.17,-1.61527,-0.29063,1.6412
2024-08-13T21:00,calibration,2.47,346,2.64,335,0.17,-0.51817,-0.00398,0.51818
2024-08-13T22:00,calibration,1.66,335,2.78,322,1.12,-1.00999,0.6862,1.22105
2024-08-13T23:00,calibration,1.78,308,1.78,308,0.0,0.0,0.0,0.0
2024-08-14T00:00,calibration,2.88,340,1.58,342,-1.3,0.49677,-1.20365,1.30213
2024-08-14T01:00,calibration,1.24,14,1.46,344,0.22,-0.70241,0.20028,0.73041
2024-08-14T02:00,calibration,0.86,324,1.81,354,0.95,0.3163,1.10433,1.14873
2024-08-14T03:00,calibration,1.21,336,2.15,28,0.94,1.50152,0.79295,1.69803
2024-08-14T04:00,calibration,1.39,120,2.08,55,0.69,0.50006,1.88804,1.95314
2024-08-14T05:00,calibration,0.22,153,1.58,55,1.36,1.19438,1.10227,1.62529
2024-08-14T06:00,calibration,0.63,252,1.49,42,0.86,1.59617,1.30197,2.05982
2024-08-14T07:00,calibration,1.57,243,1.56,40,-0.01,2.40163,1.90779,3.06716
2024-08-14T08:00,calibration,1.62,292,1.42,39,-0.2,2.39567,0.49668,2.44662
2024-08-14T09:00,calibration,0.61,261,1.28,39,0.67,1.40802,1.09017,1.78073
2024-08-14T10:00,calibration,0.51,259,1.42,39,0.91,1.39426,1.20086,1.84012
2024-08-14T11:00,calibration,0.22,27,1.61,30,1.39,0.70512,1.19828,1.39035
2024-08-14T12:00,calibration,0.1,180,1.33,13,1.23,0.29918,1.39591,1.42761
2024-08-14T13:00,calibration,1.06,49,1.14,38,0.08,-0.09814,0.20291,0.2254
2024-08-14T14:00,calibration,1.7,50,1.06,49,-0.64,-0.50228,-0.39732,0.64043
2024-08-14T15:00,calibration,1.84,29,1.35,48,-0.49,0.1112,-0.70597,0.71468
2024-08-14T16:00,calibration,2.27,41,1.56,50,-0.71,-0.29422,-0.71044,0.76896
2024-08-14T17:00,calibration,2.82,27,2.06,39,-0.76,0.01615,-0.91172,0.91186
2024-08-14T18:00,calibration,3.0,30,2.3,34,-0.7,-0.21386,-0.69129,0.72361
2024-08-14T19:00,calibration,2.91,27,2.22,36,-0.69,-0.01623,-0.79681,0.79698
2024-08-14T20:00,calibration,2.69,15,2.28,38,-0.41,0.70748,-0.80168,1.06921
2024-08-14T21:00,calibration,3.05,23,2.13,41,-0.92,0.20568,-1.20001,1.21751
2024-08-14T22:00,calibration,2.51,23,1.7,45,-0.81,0.22135,-1.10839,1.13027
2024-08-14T23:00,calibration,2.64,25,1.06,49,-1.58,-0.31572,-1.69723,1.72635
2024-08-15T00:00,calibration,1.86,36,2.06,61,0.2,0.70844,-0.50606,0.87062
2024-08-15T01:00,calibration,1.28,39,2.22,36,0.94,0.49935,0.80127,0.94413
2024-08-15T02:00,calibration,1.43,25,2.41,48,0.98,1.18663,0.31658,1.22814
2024-08-15T03:00,calibration,1.2,90,2.56,59,1.36,0.99435,1.3185,1.65141
2024-08-15T04:00,calibration,1.24,104,2.25,58,1.01,0.70494,1.4923,1.65043
2024-08-15T05:00,calibration,0.67,297,1.66,65,0.99,2.10145,0.39737,2.13869
2024-08-15T06:00,calibration,0.41,194,1.49,42,1.08,1.09619,1.50511,1.86198
2024-08-15T07:00,calibration,1.75,239,1.41,8,-0.34,1.69628,2.29759,2.85592
2024-08-15T08:00,calibration,0.61,279,1.94,35,1.33,1.71523,1.49373,2.27448
2024-08-15T09:00,calibration,0.1,90,1.56,45,1.46,1.00309,1.10309,1.49097
2024-08-15T10:00,calibration,0.5,307,2.0,37,1.5,1.60295,1.29636,2.06155
2024-08-15T11:00,calibration,0.76,337,1.92,51,1.16,1.78908,0.50871,1.85999
2024-08-15T12:00,calibration,0.81,30,1.71,69,0.9,1.19142,-0.08867,1.19472
2024-08-15T13:00,calibration,0.81,83,0.91,84,0.1,0.10105,-0.00359,0.10112
2024-08-15T14:00,calibration,0.95,108,0.71,98,-0.24,-0.20041,0.19475,0.27945
2024-08-15T15:00,calibration,1.2,90,1.2,132,0.0,-0.30823,-0.80296,0.86008
2024-08-15T16:00,calibration,2.2,90,1.48,152,-0.72,-1.50518,-1.30676,1.99329
2024-08-15T17:00,calibration,2.67,103,1.0,143,-1.67,-1.99975,-0.19802,2.00953
2024-08-15T18:00,calibration,2.42,120,1.03,119,-1.39,-1.19492,0.71065,1.39027
2024-08-15T19:00,calibration,1.14,105,1.17,110,0.03,-0.00172,-0.10511,0.10512
2024-08-15T20:00,calibration,1.84,49,1.43,102,-0.41,0.01009,-1.50446,1.5045
2024-08-15T21:00,calibration,1.58,72,1.24,104,-0.34,-0.2995,-0.78823,0.84321
2024-08-15T22:00,calibration,2.33,100,1.53,101,-0.8,-0.79271,0.11266,0.80068
2024-08-15T23:00,calibration,2.55,101,1.55,75,-1.0,-1.00596,0.88773,1.34165
2024-08-16T00:00,calibration,1.55,105,2.45,78,0.9,0.89928,0.91055,1.27977
2024-08-16T01:00,calibration,1.5,86,2.2,87,0.7,0.70064,0.0105,0.70072
2024-08-16T02:00,calibration,2.02,57,2.2,93,0.18,0.50287,-1.21531,1.31524
2024-08-16T03:00,calibration,1.33,103,2.31,95,0.98,1.0053,0.09786,1.01005
2024-08-16T04:00,calibration,2.5,106,2.38,112,-0.12,-0.19646,-0.20247,0.28212
2024-08-16T05:00,calibration,1.41,82,2.16,124,0.75,0.39444,-1.40409,1.45844
2024-08-16T06:00,calibration,1.04,17,2.33,121,1.29,1.69313,-2.1946,2.77181
2024-08-16T07:00,calibration,1.14,15,1.91,137,0.77,1.00756,-2.49804,2.69358
2024-08-16T08:00,calibration,1.92,62,1.92,141,0.0,-0.48696,-2.39351,2.44254
2024-08-16T09:00,calibration,1.5,4,1.78,142,0.28,0.99124,-2.89901,3.06379
2024-08-16T10:00,calibration,0.94,58,1.53,169,0.59,-0.50523,-2.00001,2.06284
2024-08-16T11:00,calibration,1.71,69,1.78,142,0.07,-0.50055,-2.01547,2.07669
2024-08-16T12:00,calibration,1.53,101,2.34,140,0.81,0.00223,-1.50061,1.50061
2024-08-16T13:00,calibration,1.72,126,2.55,154,0.83,-0.27366,-1.28093,1.30984
2024-08-16T14:00,calibration,2.42,156,1.71,159,-0.71,-0.37149,0.61436,0.71794
2024-08-16T15:00,calibration,2.6,247,2.12,172,-0.48,2.68836,-1.08347,2.89848
2024-08-16T16:00,calibration,0.41,194,1.92,171,1.51,0.39954,-1.49854,1.55089
2024-08-16T17:00,calibration,2.83,148,2.6,196,-0.23,-2.21633,-0.0993,2.21855
2024-08-16T18:00,calibration,4.56,165,4.22,194,-0.34,-2.20113,0.30997,2.22284
2024-08-16T19:00,calibration,3.2,200,4.5,180,1.3,1.09446,-1.49298,1.85118
2024-08-16T20:00,calibration,3.54,164,4.79,191,1.25,-1.88973,-1.29913,2.29321
2024-08-16T21:00,calibration,4.18,163,3.55,170,-0.63,-0.60566,0.50129,0.7862
2024-08-16T22:00,calibration,2.73,172,3.45,170,0.72,0.21914,-0.69415,0.72793
2024-08-16T23:00,calibration,3.21,175,3.41,175,0.2,0.01743,-0.19924,0.2
2024-08-17T00:00,calibration,1.97,150,2.91,164,0.94,-0.1829,-1.0912,1.10642
2024-08-17T01:00,calibration,2.5,143,2.64,115,0.14,0.88811,0.88088,1.25088
2024-08-17T02:00,calibration,1.0,96,2.76,134,1.76,0.99086,-1.81273,2.06586
2024-08-17T03:00,calibration,1.46,74,2.88,160,1.42,-0.41842,-3.10875,3.13678
2024-08-17T04:00,calibration,1.9,72,2.91,164,1.01,-1.0049,-3.3844,3.53044
2024-08-17T05:00,calibration,1.53,79,3.0,178,1.47,-1.39719,-3.29011,3.57449
2024-08-17T06:00,calibration,0.86,126,3.81,183,2.95,-0.89515,-3.29928,3.41856
2024-08-17T07:00,calibration,1.49,160,3.54,196,2.05,-1.48537,-2.00272,2.49343
2024-08-17T08:00,calibration,0.92,167,2.78,210,1.86,-1.59695,-1.51113,2.19859
2024-08-17T09:00,calibration,1.4,180,1.7,180,0.3,0.0,-0.3,0.3
2024-08-17T10:00,calibration,1.75,156,2.04,191,0.29,-1.10104,-0.40381,1.17276
2024-08-17T11:00,calibration,1.94,145,2.69,202,0.75,-2.12043,-0.90497,2.30547
2024-08-17T12:00,calibration,1.4,180,3.36,210,1.96,-1.68,-1.50985,2.25877
2024-08-17T13:00,calibration,2.77,206,3.44,234,0.67,-1.56873,0.46768,1.63696
2024-08-17T14:00,calibration,3.2,182,2.78,218,-0.42,-1.59986,1.00738,1.8906
2024-08-17T15:00,calibration,3.0,180,3.01,195,0.01,-0.77905,0.09256,0.78453
2024-08-17T16:00,calibration,3.58,207,3.64,201,0.06,0.32083,-0.20843,0.38259
2024-08-17T17:00,calibration,4.98,202,4.65,199,-0.33,0.35165,0.22071,0.41518
2024-08-17T18:00,calibration,5.1,191,4.35,203,-0.75,-0.72655,1.0021,1.23778
2024-08-17T19:00,calibration,4.83,193,5.56,240,0.73,-3.72859,1.92621,4.19674
2024-08-17T20:00,calibration,4.43,242,2.77,206,-1.66,2.69717,-0.4099,2.72814
2024-08-17T21:00,calibration,2.25,159,2.5,178,0.25,-0.71908,-0.39792,0.82184
2024-08-17T22:00,calibration,4.39,313,1.94,168,-2.45,3.61399,-4.89158,6.08182
2024-08-17T23:00,calibration,2.83,222,2.31,162,-0.52,2.60747,-0.09384,2.60916
2024-08-18T00:00,calibration,1.73,80,2.86,155,1.13,-0.49503,-2.89245,2.93451
2024-08-18T01:00,calibration,1.39,21,2.79,165,1.4,0.22397,-3.99261,3.99889
2024-08-18T02:00,calibration,0.63,18,2.5,178,1.87,-0.10743,-3.09764,3.09951
2024-08-18T03:00,calibration,1.79,153,1.97,210,0.18,-1.79764,-0.11117,1.80108
2024-08-18T04:00,calibration,1.7,135,1.12,243,-0.58,-2.20001,0.69361,2.30676
2024-08-18T05:00,calibration,0.61,171,1.96,195,1.35,-0.60271,-1.29072,1.42451
2024-08-18T06:00,calibration,1.39,159,2.12,199,0.73,-1.18834,-0.70682,1.38266
2024-08-18T07:00,calibration,1.0,174,2.21,198,1.21,-0.78746,-1.10731,1.35876
2024-08-18T08:00,calibration,1.0,180,2.09,197,1.09,-0.61106,-0.99868,1.17079
2024-08-18T09:00,calibration,1.9,180,2.1,205,0.2,-0.8875,-0.00325,0.8875
2024-08-18T10:00,calibration,1.51,172,2.34,220,0.83,-1.71427,-0.29724,1.73985
2024-08-18T11:00,calibration,1.44,146,2.5,217,1.06,-2.30978,-0.80277,2.4453
2024-08-18T12:00,calibration,2.85,198,3.34,231,0.49,-1.71497,0.60858,1.81975
2024-08-18T13:00,calibration,1.91,223,3.12,230,1.21,-1.08744,-0.60861,1.24617
2024-08-18T14:00,calibration,2.28,195,3.3,235,1.02,-2.11309,0.30951,2.13564
2024-08-18T15:00,calibration,2.66,236,2.95,246,0.29,-0.48972,0.28758,0.56791
2024-08-18T16:00,calibration,3.02,236,3.52,255,0.5,-0.89637,0.77772,1.18673
2024-08-18T17:00,calibration,3.45,248,3.47,258,0.02,-0.19539,0.57094,0.60345
2024-08-18T18:00,calibration,4.28,233,3.44,262,-0.84,0.01164,2.09701,2.09705
2024-08-18T19:00,calibration,2.58,234,3.34,261,0.76,-1.21162,0.99399,1.56717
2024-08-18T20:00,calibration,3.61,284,3.3,268,-0.31,0.20478,-0.98851,1.00949
2024-08-18T21:00,calibration,2.94,288,3.21,275,0.27,-0.40168,-0.62874,0.7461
2024-08-18T22:00,calibration,3.71,256,4.39,311,0.68,0.28662,3.77763,3.78849
2024-08-18T23:00,calibration,2.37,298,1.63,313,-0.74,0.90048,-0.00099,0.90048
2024-08-19T00:00,calibration,2.08,235,2.64,295,0.56,-0.68882,2.30875,2.40932
2024-08-19T01:00,calibration,1.39,249,2.31,275,0.92,-1.00353,0.69946,1.22324
2024-08-19T02:00,calibration,1.3,247,2.72,287,1.42,-1.40449,1.3032,1.91597
2024-08-19T03:00,calibration,0.81,263,2.6,286,1.79,-1.69532,0.81537,1.88121
2024-08-19T04:00,calibration,1.33,283,2.47,284,1.14,-1.10072,0.29836,1.14044
2024-08-19T05:00,calibration,1.3,270,2.88,290,1.58,-1.40631,0.98502,1.71697
2024-08-19T06:00,calibration,1.5,266,3.44,296,1.94,-1.59551,1.61263,2.26853
2024-08-19T07:00,calibration,2.21,275,3.4,298,1.19,-0.80043,1.40359,1.61578
2024-08-19T08:00,calibration,2.12,289,3.26,297,1.14,-0.90018,0.7898,1.19755
2024-08-19T09:00,calibration,2.06,284,3.76,299,1.7,-1.28976,1.32453,1.84874
2024-08-19T10:00,calibration,1.41,278,4.19,320,2.78,-1.297,3.01349,3.28075
2024-08-19T11:00,calibration,1.75,283,3.84,321,2.09,-0.71144,2.59058,2.68649
2024-08-19T12:00,calibration,3.04,297,3.84,321,0.8,0.29207,1.60411,1.63048
2024-08-19T13:00,calibration,3.47,311,3.82,315,0.35,-0.08231,0.42462,0.43253
2024-08-19T14:00,calibration,3.89,312,4.12,321,0.23,0.29803,0.59892,0.66898
2024-08-19T15:00,calibration,3.35,297,4.22,324,0.87,0.50442,1.89318,1.95923
2024-08-19T16:00,calibration,3.86,307,5.1,325,1.24,0.15749,1.85467,1.86134
2024-08-19T17:00,calibration,3.58,300,4.9,321,1.32,0.0167,2.01802,2.01808
2024-08-19T18:00,calibration,4.69,310,5.28,323,0.59,0.41517,1.20212,1.27179
2024-08-19T19:00,calibration,4.74,298,5.3,324,0.56,1.06991,2.06249,2.32349
2024-08-19T20:00,calibration,5.02,301,6.31,335,1.29,1.63626,3.13331,3.53482
2024-08-19T21:00,calibration,3.94,294,5.99,334,2.05,0.97353,3.78123,3.90455
2024-08-19T22:00,calibration,3.68,315,5.25,329,1.57,-0.1018,1.89798,1.9007
2024-08-19T23:00,calibration,3.76,320,4.66,325,0.9,-0.25598,0.93692,0.97126
2024-08-20T00:00,calibration,1.86,324,4.27,327,2.41,-1.23233,2.07635,2.41451
2024-08-20T01:00,calibration,1.75,336,2.91,333,1.16,-0.60932,0.99412,1.166
2024-08-20T02:00,calibration,1.58,305,2.11,329,0.53,0.20753,0.90237,0.92593
2024-08-20T03:00,calibration,1.5,307,2.1,295,0.6,-0.70529,-0.01522,0.70546
2024-08-20T04:00,calibration,1.44,304,2.77,296,1.33,-1.29585,0.40905,1.35887
2024-08-20T05:00,calibration,2.02,290,3.12,310,1.1,-0.49188,1.31462,1.40362
2024-08-20T06:00,calibration,2.22,306,3.2,321,0.98,-0.21781,1.18198,1.20188
2024-08-20T07:00,calibration,1.5,307,2.55,334,1.05,0.08011,1.3892,1.39151
2024-08-20T08:00,calibration,1.79,333,2.63,351,0.84,0.40122,1.00272,1.08001
2024-08-20T09:00,calibration,1.49,312,2.63,9,1.14,1.51871,1.60062,2.20646
2024-08-20T10:00,calibration,1.1,265,2.96,12,1.86,1.71123,2.99119,3.44609
2024-08-20T11:00,calibration,1.48,332,2.91,4,1.43,0.89781,1.59615,1.83133
2024-08-20T12:00,calibration,2.62,353,3.2,360,0.58,0.3193,0.59953,0.67925
2024-08-20T13:00,calibration,2.73,352,3.06,11,0.33,0.96382,0.30035,1.00953
2024-08-20T14:00,calibration,3.34,351,3.62,6,0.28,0.90088,0.30129,0.94993
2024-08-20T15:00,calibration,3.96,344,3.82,354,-0.14,0.69223,-0.00752,0.69227
2024-08-20T16:00,calibration,3.65,351,4.41,347,0.76,-0.42105,0.69191,0.80995
2024-08-20T17:00,calibration,4.05,344,4.21,342,0.16,-0.18463,0.11084,0.21534
2024-08-20T18:00,calibration,3.55,338,4.18,339,0.63,-0.16812,0.61086,0.63358
2024-08-20T19:00,calibration,4.47,326,4.61,330,0.14,0.19459,0.28658,0.3464
2024-08-20T20:00,calibration,4.65,332,4.92,333,0.27,-0.05059,0.27805,0.28261
2024-08-20T21:00,calibration,3.72,324,5.02,337,1.3,0.22509,1.61139,1.62704
2024-08-20T22:00,calibration,3.99,338,5.39,345,1.4,0.09965,1.50688,1.51017
2024-08-20T23:00,calibration,2.85,342,4.33,353,1.48,0.353,1.58721,1.62599
2024-08-21T00:00,calibration,1.48,332,3.28,348,1.8,0.01287,1.90156,1.90161
2024-08-21T01:00,calibration,1.52,337,2.16,326,0.64,-0.61395,0.39155,0.72818
2024-08-21T02:00,calibration,1.17,329,1.84,331,0.67,-0.28946,0.60641,0.67195
2024-08-21T03:00,calibration,1.03,299,1.64,322,0.61,-0.10883,0.79298,0.80042
2024-08-21T04:00,calibration,1.44,236,2.06,299,0.62,-0.6079,1.80395,1.90362
2024-08-21T05:00,calibration,0.94,212,1.93,291,0.99,-1.30369,1.48882,1.97893
2024-08-21T06:00,calibration,0.78,230,2.15,292,1.37,-1.39593,1.30678,1.91214
2024-08-21T07:00,calibration,0.85,225,2.24,297,1.39,-1.39481,1.61798,2.1362
2024-08-21T08:00,calibration,0.5,270,2.25,302,1.75,-1.40811,1.19232,1.8451
2024-08-21T09:00,calibration,1.3,180,2.16,304,0.86,-1.79072,2.50786,3.08156
2024-08-21T10:00,calibration,0.85,201,2.14,307,1.29,-1.40447,2.08143,2.51095
2024-08-21T11:00,calibration,0.86,216,2.05,313,1.19,-0.99378,2.09385,2.31772
2024-08-21T12:00,calibration,0.72,236,1.57,297,0.85,-0.80197,1.11538,1.37377
2024-08-21T13:00,calibration,1.12,243,1.43,282,0.31,-0.40082,0.80578,0.89997
2024-08-21T14:00,calibration,2.38,292,2.15,298,-0.23,0.30836,0.1178,0.3301
2024-08-21T15:00,calibration,3.22,300,3.34,321,0.12,0.68667,0.98567,1.20127
2024-08-21T16:00,calibration,3.82,315,4.3,329,0.48,0.48648,0.98467,1.09829
2024-08-21T17:00,calibration,3.67,331,4.16,325,0.49,-0.60683,0.19782,0.63826
2024-08-21T18:00,calibration,3.2,321,4.19,320,0.99,-0.67945,0.72286,0.99206
2024-08-21T19:00,calibration,3.7,341,3.78,323,0.08,-1.07026,-0.47958,1.17279
2024-08-21T20:00,calibration,3.22,330,3.64,328,0.42,-0.31891,0.29829,0.43667
2024-08-21T21:00,calibration,3.38,326,3.38,326,0.0,0.0,0.0,0.0
2024-08-21T22:00,calibration,3.66,325,3.61,326,-0.05,0.0806,-0.00527,0.08078
2024-08-21T23:00,calibration,2.85,342,3.05,337,0.2,-0.31103,0.09703,0.32581
2024-08-22T00:00,calibration,1.84,311,2.68,333,0.84,0.17197,1.18075,1.19321
2024-08-22T01:00,calibration,1.87,16,2.32,353,0.45,-0.79818,0.50515,0.9446
2024-08-22T02:00,calibration,1.24,14,1.82,351,0.58,-0.58469,0.59443,0.83379
2024-08-22T03:00,calibration,0.98,24,1.93,339,0.95,-1.09025,0.90654,1.41791
2024-08-22T04:00,calibration,0.89,117,1.26,342,0.37,-1.18236,1.60238,1.99138
2024-08-22T05:00,calibration,1.65,166,1.06,319,-0.59,-1.09459,2.40098,2.63872
2024-08-22T06:00,calibration,1.1,180,0.72,214,-0.38,-0.40262,0.50309,0.64436
2024-08-22T07:00,calibration,0.45,243,1.35,222,0.9,-0.50237,-0.79895,0.94377
2024-08-22T08:00,calibration,0.2,270,1.36,234,1.16,-0.90026,-0.79939,1.20395
2024-08-22T09:00,calibration,0.8,180,1.24,256,0.44,-1.20317,0.50002,1.30293
2024-08-22T10:00,calibration,0.51,101,1.2,270,0.69,-1.70063,0.09731,1.70341
2024-08-22T11:00,calibration,0.71,135,1.4,266,0.69,-1.89864,0.40439,1.94122
2024-08-22T12:00,calibration,0.51,79,1.73,260,1.22,-2.20435,-0.39772,2.23994
2024-08-22T13:00,calibration,0.3,270,0.92,257,0.62,-0.59642,-0.20695,0.63131
2024-08-22T14:00,calibration,1.04,287,0.71,278,-0.33,0.29147,-0.20525,0.35649
2024-08-22T15:00,calibration,1.4,4,0.45,333,-0.95,-0.30195,-0.99564,1.04042
2024-08-22T16:00,calibration,0.98,336,0.82,14,-0.16,0.59698,-0.09963,0.60523
2024-08-22T17:00,calibration,1.62,338,1.0,360,-0.62,0.60686,-0.50204,0.78761
2024-08-22T18:00,calibration,1.87,16,0.73,344,-1.14,-0.71666,-1.09584,1.30937
2024-08-22T19:00,calibration,1.5,360,0.82,346,-0.68,-0.19838,-0.70436,0.73176
2024-08-22T20:00,calibration,1.14,38,0.82,346,-0.32,-0.90023,-0.10269,0.90607
2024-08-22T21:00,calibration,1.97,30,0.42,315,-1.55,-1.28198,-1.40909,1.905
2024-08-22T22:00,calibration,1.3,4,0.82,284,-0.48,-0.88633,-1.09846,1.41145
2024-08-22T23:00,calibration,2.19,317,1.48,298,-0.71,0.18681,-0.90685,0.92589
2024-08-23T00:00,calibration,1.42,309,1.9,288,0.48,-0.70346,-0.3065,0.76733
2024-08-23T01:00,calibration,1.12,350,1.6,356,0.48,0.08288,0.49312,0.50003
2024-08-23T02:00,calibration,1.4,180,1.24,76,-0.16,1.20317,1.69998,2.08268
2024-08-23T03:00,calibration,1.0,174,1.71,97,0.71,1.59273,0.78613,1.77617
2024-08-23T04:00,calibration,0.86,144,1.36,126,0.5,0.59477,-0.10363,0.60373
2024-08-23T05:00,calibration,0.71,135,2.02,147,1.31,0.59813,-1.19207,1.33371
2024-08-23T06:00,calibration,0.78,130,1.77,133,0.99,0.69698,-0.70576,0.99191
2024-08-23T07:00,calibration,0.61,9,1.25,119,0.64,0.99785,-1.2085,1.56722
2024-08-23T08:00,calibration,0.63,342,0.72,124,0.09,0.79159,-1.00178,1.27679
2024-08-23T09:00,calibration,0.92,49,1.06,139,0.14,0.00109,-1.40357,1.40357
2024-08-23T10:00,calibration,1.13,45,1.17,70,0.04,0.30041,-0.39887,0.49934
2024-08-23T11:00,calibration,0.89,27,1.36,73,0.47,0.89652,-0.39537,0.97983
2024-08-23T12:00,calibration,0.1,180,0.95,72,0.85,0.9035,0.39357,0.9855
2024-08-23T13:00,calibration,0.58,59,0.51,79,-0.07,0.00347,-0.20141,0.20144
2024-08-23T14:00,calibration,1.33,77,0.63,108,-0.7,-0.69675,-0.49387,0.85403
2024-08-23T15:00,calibration,0.36,56,1.06,139,0.7,0.39697,-1.0013,1.07712
2024-08-23T16:00,calibration,0.71,8,0.72,146,0.01,0.30381,-1.3,1.33502
2024-08-23T17:00,calibration,1.33,347,0.36,124,-0.97,0.59764,-1.49722,1.61209
2024-08-23T18:00,calibration,2.08,325,0.22,153,-1.86,1.29292,-1.89986,2.29806
2024-08-23T19:00,calibration,2.11,355,0.22,117,-1.89,0.37992,-2.20185,2.23439
2024-08-23T20:00,calibration,1.34,27,0.5,37,-0.84,-0.30744,-0.79463,0.85203
2024-08-23T21:00,calibration,0.71,45,0.89,27,0.18,-0.09799,0.29095,0.30701
2024-08-23T22:00,calibration,1.75,347,1.06,49,-0.69,1.19366,-1.00973,1.56345
2024-08-23T23:00,calibration,3.01,21,1.12,63,-1.89,-0.08076,-2.30161,2.30302
2024-08-24T00:00,calibration,2.02,33,1.52,67,-0.5,0.299,-1.1002,1.14011
2024-08-24T01:00,calibration,1.27,45,2.42,38,1.15,0.59188,1.00896,1.16975
2024-08-24T02:00,calibration,0.92,139,2.01,63,1.09,1.18735,1.60685,1.99794
2024-08-24T03:00,calibration,0.57,315,2.02,99,1.45,2.39818,-0.71905,2.50366
2024-08-24T04:00,calibration,2.02,303,2.02,99,0.0,3.68924,-1.41617,3.95172
2024-08-24T05:00,calibration,0.7,270,1.92,99,1.22,2.59636,-0.30035,2.61368
2024-08-24T06:00,calibration,0.61,351,1.41,82,0.8,1.4917,-0.40626,1.54603
2024-08-24T07:00,calibration,0.63,72,1.58,55,0.95,0.69509,0.71157,0.99473
2024-08-24T08:00,calibration,0.76,337,1.12,63,0.36,1.29488,-0.19111,1.30891
2024-08-24T09:00,calibration,0.5,360,0.81,83,0.31,0.80396,-0.40129,0.89855
2024-08-24T10:00,calibration,1.1,90,0.71,98,-0.39,-0.39691,-0.09881,0.40902
2024-08-24T11:00,calibration,1.13,45,0.85,111,-0.28,-0.00549,-1.10364,1.10366
2024-08-24T12:00,calibration,1.1,5,0.86,144,-0.24,0.40962,-1.79157,1.8378
2024-08-24T13:00,calibration,0.54,68,0.72,146,0.18,-0.09806,-0.79919,0.80519
2024-08-24T14:00,calibration,0.67,63,0.95,162,0.28,-0.30341,-1.20768,1.24521
2024-08-24T15:00,calibration,0.32,72,0.91,186,0.59,-0.39946,-1.0039,1.08046
2024-08-24T16:00,calibration,1.17,329,0.86,234,-0.31,-0.09316,-1.50838,1.51126
2024-08-24T17:00,calibration,2.06,293,0.64,231,-1.42,1.39887,-1.20767,1.84805
2024-08-24T18:00,calibration,2.0,273,0.32,252,-1.68,1.69292,-0.20356,1.70511
2024-08-24T19:00,calibration,1.4,270,0.0,270,-1.4,1.4,0.0,1.4
2024-08-24T20:00,calibration,2.1,270,0.3,360,-1.8,2.1,0.3,2.12132
2024-08-24T21:00,calibration,2.16,304,0.81,7,-1.35,1.88944,-0.40389,1.93212
2024-08-24T22:00,calibration,2.36,306,0.92,13,-1.44,2.11624,-0.49075,2.17239
2024-08-24T23:00,calibration,1.48,332,1.49,42,0.01,1.69182,-0.19948,1.70354
2024-08-25T00:00,calibration,1.63,11,1.94,78,0.31,1.58659,-1.1967,1.9873
2024-08-25T01:00,calibration,1.22,81,1.9,90,0.68,0.69502,-0.19085,0.72075
2024-08-25T02:00,calibration,1.51,8,1.75,121,0.24,1.28989,-2.39662,2.72169
2024-08-25T03:00,calibration,1.08,22,1.44,146,0.36,0.40066,-2.19517,2.23144
2024-08-25T04:00,calibration,0.5,180,1.8,161,1.3,0.58602,-1.20193,1.33719
2024-08-25T05:00,calibration,0.3,270,0.32,18,0.02,0.39889,0.30434,0.50173
2024-08-25T06:00,calibration,1.12,297,0.64,39,-0.48,1.40069,-0.0111,1.40074
2024-08-25T07:00,calibration,0.32,252,0.76,23,0.44,0.60129,0.79847,0.99955
2024-08-25T08:00,calibration,0.5,323,0.81,60,0.31,1.00239,0.00568,1.0024
2024-08-25T09:00,calibration,0.5,360,1.3,94,0.8,1.29683,-0.59068,1.42502
2024-08-25T10:00,calibration,0.76,23,1.08,124,0.32,0.5984,-1.30351,1.43431
2024-08-25T11:00,calibration,0.64,39,0.89,117,0.25,0.39023,-0.90142,0.98227
2024-08-25T12:00,calibration,1.03,61,0.86,144,-0.17,-0.39536,-1.19511,1.25881
2024-08-25T13:00,calibration,0.36,56,0.78,130,0.42,0.29906,-0.70268,0.76368
2024-08-25T14:00,calibration,0.22,243,0.64,129,0.42,0.69339,-0.30289,0.75666
2024-08-25T15:00,calibration,0.81,300,0.91,174,0.1,0.7966,-1.31001,1.5332
2024-08-25T16:00,calibration,0.81,240,0.92,257,0.11,-0.19494,0.19805,0.27789
2024-08-25T17:00,calibration,2.55,296,1.77,286,-0.78,0.59049,-0.62997,0.86345
2024-08-25T18:00,calibration,2.66,290,2.18,286,-0.48,0.40403,-0.30888,0.50858
2024-08-25T19:00,calibration,1.32,279,2.53,279,1.21,-1.1951,0.18929,1.21
2024-08-25T20:00,calibration,1.62,292,2.43,279,0.81,-0.89804,-0.22673,0.92622
2024-08-25T21:00,calibration,2.18,286,2.42,294,0.24,-0.11523,0.38341,0.40035
2024-08-25T22:00,calibration,1.71,291,2.56,321,0.85,-0.01464,1.37668,1.37676
2024-08-25T23:00,calibration,1.08,292,0.94,32,-0.14,1.49948,0.39259,1.55002
2024-08-26T00:00,calibration,1.22,9,1.36,324,0.14,-0.99024,-0.10472,0.99576
2024-08-26T01:00,calibration,2.3,56,1.64,322,-0.66,-2.91647,0.00619,2.91648
2024-08-26T02:00,calibration,0.63,72,0.91,186,0.28,-0.69429,-1.0997,1.30052
2024-08-26T03:00,calibration,0.14,315,1.71,187,1.57,-0.1094,-1.79625,1.79958
2024-08-26T04:00,calibration,0.45,117,1.32,189,0.87,-0.60745,-1.09945,1.2561
2024-08-26T05:00,calibration,1.8,34,1.51,172,-0.29,-0.7964,-2.98757,3.0919
2024-08-26T06:00,calibration,0.45,27,1.33,193,0.88,-0.50348,-1.69687,1.76998
2024-08-26T07:00,calibration,0.81,83,1.78,232,0.97,-2.20662,-1.19459,2.50923
2024-08-26T08:00,calibration,0.71,82,1.08,292,0.37,-1.70445,0.30576,1.73166
2024-08-26T09:00,calibration,0.3,360,0.58,329,0.28,-0.29872,0.19716,0.35792
2024-08-26T10:00,calibration,0.54,112,0.81,240,0.27,-1.20216,-0.20271,1.21913
2024-08-26T11:00,calibration,1.2,5,1.24,194,0.04,-0.40457,-2.3986,2.43248
2024-08-26T12:00,calibration,1.35,138,1.17,211,-0.18,-1.50592,0.00036,1.50592
2024-08-26T13:00,calibration,0.91,6,2.4,225,1.49,-1.79218,-2.60207,3.15954
2024-08-26T14:00,calibration,1.03,29,0.6,360,-0.43,-0.49935,-0.30086,0.58298
2024-08-26T15:00,calibration,1.89,58,1.49,138,-0.4,-0.60581,-2.10883,2.19412
2024-08-26T16:00,calibration,1.84,41,0.95,162,-0.89,-0.91358,-2.29217,2.46752
2024-08-26T17:00,calibration,2.66,20,0.1,90,-2.56,-0.80977,-2.49958,2.62748
2024-08-26T18:00,calibration,2.51,5,0.8,360,-1.71,-0.21876,-1.70045,1.71446
2024-08-26T19:00,calibration,2.62,40,0.91,276,-1.71,-2.58912,-1.91192,3.21853
2024-08-26T20:00,calibration,2.62,50,1.52,293,-1.1,-3.4062,-1.09019,3.57641
2024-08-26T21:00,calibration,2.73,8,2.12,315,-0.61,-1.87901,-1.20437,2.23185
2024-08-26T22:00,calibration,3.23,22,2.56,329,-0.67,-2.52848,-0.80046,2.65215
2024-08-26T23:00,calibration,2.66,34,0.95,342,-1.71,-1.78102,-1.30174,2.20603
2024-08-27T00:00,calibration,1.14,75,0.89,243,-0.25,-1.89415,-0.69911,2.01905
2024-08-27T01:00,calibration,1.21,114,0.58,239,-0.63,-1.60255,0.19343,1.61418
2024-08-27T02:00,calibration,1.53,79,1.14,128,-0.39,-0.60356,-0.99379,1.16271
2024-08-27T03:00,calibration,0.64,51,1.5,86,0.86,0.99897,-0.29813,1.04251
2024-08-27T04:00,calibration,0.91,84,1.7,93,0.79,0.79266,-0.18409,0.81375
2024-08-27T05:00,calibration,0.41,14,1.21,156,0.8,0.39296,-1.50321,1.55373
2024-08-27T06:00,calibration,0.4,360,1.9,183,1.5,-0.09944,-2.2974,2.29955
2024-08-27T07:00,calibration,0.61,351,0.78,140,0.17,0.5968,-1.2,1.34022
2024-08-27T08:00,calibration,0.57,45,1.0,143,0.43,0.19876,-1.20169,1.21801
2024-08-27T09:00,calibration,0.32,342,1.39,201,1.07,-0.39925,-1.60201,1.65101
2024-08-27T10:00,calibration,0.71,98,1.43,258,0.72,-2.10184,-0.1985,2.11119
2024-08-27T11:00,calibration,1.2,355,0.9,180,-0.3,0.10459,-2.09543,2.09804
2024-08-27T12:00,calibration,0.45,27,0.92,139,0.47,0.39928,-1.09529,1.16579
2024-08-27T13:00,calibration,1.1,95,1.36,144,0.26,-0.29643,-1.00439,1.04722
2024-08-27T14:00,calibration,0.95,72,1.25,151,0.3,-0.29749,-1.38684,1.41839
2024-08-27T15:00,calibration,0.98,246,1.0,186,0.02,0.79075,-0.59592,0.99015
2024-08-27T16:00,calibration,1.33,283,0.76,247,-0.57,0.59633,-0.59614,0.8432
2024-08-27T17:00,calibration,2.33,317,0.91,264,-1.42,0.68404,-1.79918,1.92482
2024-08-27T18:00,calibration,1.2,42,1.12,207,-0.08,-1.31143,-1.8897,2.30018
2024-08-27T19:00,calibration,1.72,126,1.14,195,-0.58,-1.68656,-0.09016,1.68897
2024-08-27T20:00,calibration,3.23,248,0.81,210,-2.42,2.5898,0.5085,2.63925
2024-08-27T21:00,calibration,2.45,282,1.4,270,-1.05,0.99646,-0.50938,1.11911
2024-08-27T22:00,calibration,1.1,270,3.07,251,1.97,-1.80274,-0.99949,2.06128
2024-08-27T23:00,calibration,2.96,258,1.22,305,-1.74,1.89595,1.31518,2.30745
2024-08-28T00:00,calibration,1.39,201,1.2,185,-0.19,0.39354,0.10224,0.40661
2024-08-28T01:00,calibration,2.88,290,0.86,54,-2.02,3.40207,-0.47952,3.4357
2024-08-28T02:00,calibration,0.2,360,1.58,198,1.38,-0.48825,-1.70267,1.77129
2024-08-28T03:00,calibration,0.41,166,4.25,294,3.84,-3.98176,2.12645,4.514
2024-08-28T04:00,calibration,0.67,27,3.92,161,3.25,0.97205,-4.30341,4.41183
2024-08-28T05:00,calibration,2.21,175,2.06,194,-0.15,-0.69097,0.20278,0.72011
2024-08-28T06:00,calibration,0.81,330,1.72,234,0.91,-0.98651,-1.71247,1.9763
2024-08-28T07:00,calibration,0.86,36,1.82,279,0.96,-2.30309,-0.41104,2.33948
2024-08-28T08:00,calibration,1.41,8,2.12,289,0.71,-2.20073,-0.70607,2.31123
2024-08-28T09:00,calibration,1.1,360,1.5,217,0.4,-0.90272,-2.29795,2.46891
2024-08-28T10:00,calibration,0.61,171,1.36,253,0.75,-1.396,0.20486,1.41095
2024-08-28T11:00,calibration,1.62,158,1.91,186,0.29,-0.80651,-0.3975,0.89915
2024-08-28T12:00,calibration,0.63,342,2.41,175,1.78,0.40473,-2.99999,3.02717
2024-08-28T13:00,calibration,1.4,176,1.82,189,0.42,-0.38237,-0.401,0.55408
2024-08-28T14:00,calibration,0.67,243,1.84,209,1.17,-0.29508,-1.30513,1.33807
2024-08-28T15:00,calibration,1.43,295,1.3,203,-0.13,0.78807,-1.801,1.96587
2024-08-28T16:00,calibration,0.64,321,1.0,233,0.36,-0.39587,-1.09919,1.1683
2024-08-28T17:00,calibration,1.84,311,1.1,265,-0.74,0.29285,-1.30302,1.33552
2024-08-28T18:00,calibration,3.05,302,1.51,278,-1.54,1.09124,-1.4061,1.77987
2024-08-28T19:00,calibration,2.84,309,2.44,289,-0.4,-0.09997,-0.99288,0.9979
2024-08-28T20:00,calibration,1.94,305,3.82,317,1.88,-1.01608,1.68103,1.96425
2024-08-28T21:00,calibration,3.0,334,0.98,336,-2.02,0.91651,-1.80111,2.02089
2024-08-28T22:00,calibration,1.97,336,0.82,166,-1.15,0.99965,-2.59533,2.78119
2024-08-28T23:00,calibration,1.77,344,1.2,180,-0.57,0.48788,-2.90143,2.94217
2024-08-29T00:00,calibration,0.22,117,1.64,218,1.42,-1.20571,-1.19246,1.69579
2024-08-29T01:00,calibration,2.36,36,1.49,340,-0.87,-1.89678,-0.50914,1.96393
2024-08-29T02:00,calibration,0.54,22,1.27,315,0.73,-1.10031,0.39735,1.16986
2024-08-29T03:00,calibration,1.79,27,1.8,3,0.01,-0.71844,0.20263,0.74647
2024-08-29T04:00,calibration,1.8,360,1.81,6,0.01,0.1892,8e-05,0.1892
2024-08-29T05:00,calibration,0.54,68,1.17,31,0.63,0.10192,0.8006,0.80706
2024-08-29T06:00,calibration,1.02,101,1.5,90,0.48,0.49874,0.19463,0.53537
2024-08-29T07:00,calibration,1.14,128,0.78,40,-0.36,-0.39696,1.29937,1.35865
2024-08-29T08:00,calibration,0.71,98,1.61,30,0.9,0.10191,1.49311,1.49659
2024-08-29T09:00,calibration,1.08,112,1.56,45,0.48,0.10173,1.50766,1.51109
2024-08-29T10:00,calibration,1.3,86,1.7,45,0.4,-0.09475,1.1114,1.11543
2024-08-29T11:00,calibration,0.4,90,1.72,36,1.32,0.61099,1.39151,1.51974
2024-08-29T12:00,calibration,0.67,63,1.72,54,1.05,0.79453,0.70682,1.06343
2024-08-29T13:00,calibration,0.32,108,0.45,117,0.13,0.09661,-0.10541,0.14299
2024-08-29T14:00,calibration,0.78,310,0.51,101,-0.27,1.09814,-0.59869,1.25074
2024-08-29T15:00,calibration,1.13,45,0.71,82,-0.42,-0.09594,-0.70022,0.70676
2024-08-29T16:00,calibration,0.5,323,0.82,104,0.32,1.09655,-0.59769,1.24886
2024-08-29T17:00,calibration,1.9,342,0.72,146,-1.18,0.98975,-2.40391,2.59969
2024-08-29T18:00,calibration,2.82,113,0.9,180,-1.92,-2.59582,0.20186,2.60366
2024-08-29T19:00,calibration,2.5,16,0.58,121,-1.92,-0.19194,-2.70188,2.70869
2024-08-29T20:00,calibration,2.09,343,0.63,288,-1.46,0.01189,-1.804,1.80404
2024-08-29T21:00,calibration,2.62,40,0.45,63,-2.17,-1.28315,-1.80274,2.21277
2024-08-29T22:00,calibration,2.05,227,1.84,131,-0.21,2.88794,0.19095,2.89425
2024-08-29T23:00,calibration,0.3,180,1.84,299,1.54,-1.6093,1.19205,2.00271
2024-08-30T00:00,calibration,0.98,114,1.66,123,0.68,0.49692,-0.5055,0.70884
2024-08-30T01:00,calibration,0.81,120,0.5,217,-0.31,-1.00239,0.00568,1.0024
2024-08-30T02:00,calibration,0.78,130,2.04,169,1.26,-0.20826,-1.50115,1.51552
2024-08-30T03:00,calibration,1.3,23,0.41,14,-0.89,-0.40876,-0.79884,0.89734
2024-08-30T04:00,calibration,1.36,54,1.02,101,-0.34,-0.099,-0.99401,0.99893
2024-08-30T05:00,calibration,1.52,113,0.89,117,-0.63,-0.60617,0.18986,0.63521
2024-08-30T06:00,calibration,0.2,90,1.27,135,1.07,0.69803,-0.89803,1.1374
2024-08-30T07:00,calibration,1.92,219,0.81,150,-1.11,1.6133,0.79064,1.79662
2024-08-30T08:00,calibration,1.14,52,0.63,198,-0.51,-1.09301,-1.30102,1.69921
2024-08-30T09:00,calibration,0.9,90,1.34,207,0.44,-1.50835,-1.19395,1.9237
2024-08-30T10:00,calibration,2.02,9,1.24,194,-0.78,-0.61598,-3.1983,3.25707
2024-08-30T11:00,calibration,1.49,42,1.26,162,-0.23,-0.60764,-2.30562,2.38434
2024-08-30T12:00,calibration,1.63,101,1.28,141,-0.35,-0.79452,-0.68373,1.04821
2024-08-30T13:00,calibration,1.3,212,1.39,159,0.09,1.18703,-0.19521,1.20297
2024-08-30T14:00,calibration,0.92,193,1.63,169,0.71,0.51797,-0.70363,0.87372
2024-08-30T15:00,calibration,0.78,130,1.3,180,0.52,-0.59751,-0.79863,0.99741
2024-08-30T16:00,calibration,0.72,214,0.95,162,0.23,0.69619,-0.3066,0.76071
2024-08-30T17:00,calibration,0.63,162,1.06,139,0.43,0.50074,-0.20083,0.53951
2024-08-30T18:00,calibration,2.33,137,0.98,156,-1.35,-1.19045,0.80878,1.4392
2024-08-30T19:00,calibration,2.66,214,0.61,171,-2.05,1.58288,1.60275,2.25262
2024-08-30T20:00,calibration,1.44,146,1.26,162,-0.18,-0.41588,-0.00452,0.4159
2024-08-30T21:00,calibration,1.33,77,1.84,135,0.51,0.00516,-1.60026,1.60027
2024-08-30T22:00,calibration,4.08,349,1.98,139,-2.1,2.0775,-5.49936,5.87869
2024-08-30T23:00,calibration,2.22,82,1.64,142,-0.58,-1.18871,-1.6013,1.99429
2024-08-31T00:00,calibration,0.92,49,5.42,308,4.5,-4.96535,2.73331,5.66795
2024-08-31T01:00,calibration,1.84,22,2.48,137,0.64,1.00208,-3.51978,3.65964
2024-08-31T02:00,calibration,1.71,69,2.87,151,1.16,-0.20502,-3.12297,3.12969
2024-08-31T03:00,calibration,2.05,133,3.54,151,1.49,0.21695,-1.69806,1.71186
2024-08-31T04:00,calibration,1.22,125,3.67,154,2.45,0.60946,-2.59881,2.66932
2024-08-31T05:00,calibration,1.57,63,3.4,156,1.83,-0.01598,-3.81882,3.81885
2024-08-31T06:00,calibration,2.56,39,2.98,166,0.42,-0.89013,-4.88097,4.96148
2024-08-31T07:00,calibration,2.33,59,2.4,178,0.07,-1.91344,-3.59858,4.07566
2024-08-31T08:00,calibration,1.97,60,2.6,178,0.63,-1.61533,-3.58342,3.93067
2024-08-31T09:00,calibration,2.33,47,2.14,191,-0.19,-2.11239,-3.68974,4.25163
2024-08-31T10:00,calibration,1.66,57,2.0,183,0.34,-1.49687,-2.90136,3.26473
2024-08-31T11:00,calibration,2.02,70,2.01,174,-0.01,-1.68808,-2.68987,3.17569
2024-08-31T12:00,calibration,0.67,117,2.14,169,1.47,-0.18864,-1.79651,1.80639
2024-08-31T13:00,calibration,1.84,229,2.5,196,0.66,0.69957,-1.19601,1.38558
2024-08-31T14:00,calibration,1.56,230,2.46,243,0.9,-0.99685,-0.11407,1.00335
2024-08-31T15:00,calibration,1.99,288,3.01,201,1.02,0.81391,-3.42502,3.5204
2024-08-31T16:00,calibration,0.63,18,1.84,229,1.21,-1.58335,-1.80631,2.40203
2024-08-31T17:00,calibration,0.91,354,2.38,202,1.47,-0.79644,-3.11171,3.21202
2024-08-31T18:00,calibration,2.3,358,2.44,215,0.14,-1.31926,-4.29733,4.49527
2024-08-31T19:00,calibration,0.6,90,2.5,286,1.9,-3.00315,0.68909,3.0812
2024-08-31T20:00,calibration,0.51,191,4.1,317,3.59,-2.69888,3.49918,4.41907
2024-08-31T21:00,calibration,1.5,270,2.0,323,0.5,0.29637,1.59727,1.62453
2024-08-31T22:00,calibration,1.02,79,1.1,275,0.08,-2.09707,-0.09875,2.0994
2024-08-31T23:00,calibration,4.27,159,0.5,180,-3.77,-1.53023,3.48639,3.80743
2024-09-01T00:00,development,3.14,189,1.02,169,-2.12,0.68583,2.10008,2.20923
2024-09-01T01:00,development,1.3,122,2.62,223,1.32,-2.8893,-1.22725,3.13914
2024-09-01T02:00,development,0.61,9,2.9,224,2.29,-2.10993,-2.68858,3.41764
2024-09-01T03:00,development,0.45,243,2.66,214,2.21,-1.0865,-2.00094,2.2769
2024-09-01T04:00,development,0.86,126,1.89,212,1.03,-1.6973,-1.09732,2.02112
2024-09-01T05:00,development,0.6,180,2.06,219,1.46,-1.2964,-1.00092,1.63783
2024-09-01T06:00,development,0.85,201,2.11,239,1.26,-1.50401,-0.29319,1.53232
2024-09-01T07:00,development,1.66,213,2.11,239,0.45,-0.90452,0.30546,0.95471
2024-09-01T08:00,development,1.42,219,2.2,240,0.78,-1.01162,0.00355,1.01163
2024-09-01T09:00,development,1.03,209,1.84,241,0.81,-1.10995,0.00881,1.10998
2024-09-01T10:00,development,0.92,221,2.0,233,1.08,-0.9937,-0.5093,1.11661
2024-09-01T11:00,development,0.22,207,2.52,236,2.3,-1.9893,-1.21314,2.33003
2024-09-01T12:00,development,1.92,189,2.82,247,0.9,-2.29547,0.7945,2.42908
2024-09-01T13:00,development,3.05,229,1.84,257,-1.21,0.50902,1.58707,1.6667
2024-09-01T14:00,development,2.33,223,2.62,288,0.29,-0.90271,2.51368,2.67086
2024-09-01T15:00,development,2.82,247,2.69,301,-0.13,0.29004,2.48731,2.50417
2024-09-01T16:00,development,2.33,245,2.21,288,-0.12,0.00986,1.66763,1.66766
2024-09-01T17:00,development,3.1,255,2.1,270,-1.0,0.89437,0.80234,1.20152
2024-09-01T18:00,development,3.26,230,2.31,265,-0.95,0.1961,1.89416,1.90428
2024-09-01T19:00,development,1.63,259,2.89,284,1.26,-1.2041,1.01017,1.57172
2024-09-01T20:00,development,2.15,242,3.81,300,1.66,-1.40122,2.91436,3.23372
2024-09-01T21:00,development,2.27,311,3.5,301,1.23,-1.28689,0.31338,1.3245
2024-09-01T22:00,development,3.49,333,3.5,307,0.01,-1.2108,-1.00326,1.57244
2024-09-01T23:00,development,3.41,320,2.64,331,-0.77,0.91201,-0.30322,0.96109
2024-09-02T00:00,development,2.06,309,5.07,345,3.01,0.28871,3.60084,3.6124
2024-09-02T01:00,development,3.01,345,5.07,345,2.06,-0.53317,1.98981,2.06
2024-09-02T02:00,development,3.86,339,5.28,350,1.42,0.46644,1.59616,1.66292
2024-09-02T03:00,development,3.96,339,4.53,354,0.57,0.94562,0.80821,1.24395
2024-09-02T04:00,development,5.48,339,3.81,357,-1.67,1.76446,-1.31124,2.19833
2024-09-02T05:00,development,1.53,32,2.92,354,1.39,-1.116,1.60649,1.95608
2024-09-02T06:00,development,1.43,115,3.51,3,2.08,-1.11232,4.10953,4.25741
2024-09-02T07:00,development,0.64,309,3.11,4,2.47,0.71432,2.69966,2.79256
2024-09-02T08:00,development,1.2,318,2.71,356,1.51,0.61392,1.81162,1.91282
2024-09-02T09:00,development,1.58,325,2.98,346,1.4,0.18532,1.59722,1.60794
2024-09-02T10:00,development,0.92,319,3.16,349,2.24,0.00062,2.40761,2.40761
2024-09-02T11:00,development,1.26,288,2.86,348,1.6,0.6037,2.40814,2.48266
2024-09-02T12:00,development,0.81,300,2.25,339,1.44,-0.10485,1.69556,1.69879
2024-09-02T13:00,development,2.63,351,2.02,351,-0.61,0.09543,-0.60249,0.61
2024-09-02T14:00,development,3.45,350,3.3,346,-0.15,-0.19926,-0.19561,0.27922
2024-09-02T15:00,development,4.05,340,3.76,343,-0.29,0.28586,-0.21005,0.35474
2024-09-02T16:00,development,4.21,342,3.89,342,-0.32,0.09889,-0.30434,0.32
2024-09-02T17:00,development,4.74,335,3.73,340,-1.01,0.72748,-0.79085,1.07455
2024-09-02T18:00,development,4.11,334,4.27,339,0.16,0.27147,0.29234,0.39895
2024-09-02T19:00,development,4.44,346,4.14,340,-0.3,-0.34183,-0.41779,0.53981
2024-09-02T20:00,development,3.94,336,4.24,345,0.3,0.50515,0.49616,0.70806
2024-09-02T21:00,development,3.74,344,4.08,349,0.34,0.25238,0.40992,0.48139
2024-09-02T22:00,development,3.94,336,4.08,349,0.14,0.82404,0.40567,0.91848
2024-09-02T23:00,development,3.58,333,3.44,352,-0.14,1.14653,0.21672,1.16683
2024-09-03T00:00,development,3.09,335,3.34,351,0.25,0.7834,0.49839,0.9285
2024-09-03T01:00,development,2.73,352,3.5,358,0.77,0.25779,0.79444,0.83522
2024-09-03T02:00,development,2.81,356,3.42,7,0.61,0.61281,0.59135,0.85161
2024-09-03T03:00,development,2.2,360,2.66,20,0.46,0.90977,0.29958,0.95783
2024-09-03T04:00,development,0.22,207,2.46,27,2.24,1.21669,2.3879,2.68
2024-09-03T05:00,development,0.57,135,2.42,38,1.85,1.08685,2.31004,2.55294
2024-09-03T06:00,development,0.73,164,2.34,40,1.61,1.30291,2.49427,2.81406
2024-09-03T07:00,development,1.0,217,2.26,45,1.26,2.19988,2.3967,3.25325
2024-09-03T08:00,development,0.92,193,2.22,54,1.3,2.00297,2.2013,2.97618
2024-09-03T09:00,development,0.45,243,2.22,54,1.77,2.19697,1.50918,2.66539
2024-09-03T10:00,development,0.36,236,2.42,52,2.06,2.20544,1.69121,2.77924
2024-09-03T11:00,development,0.1,270,2.61,58,2.51,2.31341,1.38309,2.69533
2024-09-03T12:00,development,0.2,270,2.24,63,2.04,2.19585,1.01694,2.41991
2024-09-03T13:00,development,1.44,56,1.73,80,0.29,0.5099,-0.50483,0.71753
2024-09-03T14:00,development,1.84,68,2.2,87,0.36,0.49097,-0.57414,0.75543
2024-09-03T15:00,development,2.82,84,2.67,103,-0.15,-0.20298,-0.89539,0.91811
2024-09-03T16:00,development,3.45,100,2.47,104,-0.98,-1.00096,0.00154,1.00096
2024-09-03T17:00,development,2.7,92,2.11,95,-0.59,-0.59638,-0.08967,0.60309
2024-09-03T18:00,development,2.21,85,2.2,93,-0.01,-0.00461,-0.30775,0.30779
2024-09-03T19:00,development,2.11,95,1.9,90,-0.21,-0.20197,0.1839,0.27315
2024-09-03T20:00,development,2.02,70,1.91,84,-0.11,0.00136,-0.49123,0.49123
2024-09-03T21:00,development,2.11,59,1.94,78,-0.17,0.08898,-0.68338,0.68915
2024-09-03T22:00,development,2.62,50,2.01,84,-0.61,-0.00805,-1.474,1.47402
2024-09-03T23:00,development,1.86,54,1.75,77,-0.11,0.20038,-0.69962,0.72775
2024-09-04T00:00,development,2.12,45,1.75,77,-0.37,0.20608,-1.1054,1.12445
2024-09-04T01:00,development,1.4,86,2.42,52,1.02,0.5104,1.39224,1.48285
2024-09-04T02:00,development,1.58,18,3.28,59,1.7,2.32326,0.18666,2.33075
2024-09-04T03:00,development,1.72,36,3.07,71,1.35,1.89175,-0.39201,1.93194
2024-09-04T04:00,development,1.22,81,2.83,82,1.61,1.59748,0.20301,1.61033
2024-09-04T05:00,development,1.49,70,2.71,94,1.22,1.30326,-0.69865,1.47871
2024-09-04T06:00,development,1.63,43,2.47,104,0.84,1.28497,-1.78965,2.20318
2024-09-04T07:00,development,1.78,38,2.09,107,0.31,0.9028,-2.01372,2.20683
2024-09-04T08:00,development,1.56,40,2.01,96,0.45,0.99624,-1.40513,1.72247
2024-09-04T09:00,development,1.66,33,2.21,85,0.55,1.29749,-1.19958,1.76705
2024-09-04T10:00,development,1.72,36,2.21,85,0.49,1.1906,-1.1989,1.68964
2024-09-04T11:00,development,1.03,29,2.32,83,1.29,1.80335,-0.61812,1.90635
2024-09-04T12:00,development,0.5,53,2.51,85,2.01,2.10113,-0.08215,2.10274
2024-09-04T13:00,development,1.91,84,1.75,103,-0.16,-0.19439,-0.59331,0.62435
2024-09-04T14:00,development,2.33,115,2.16,124,-0.17,-0.32098,-0.22316,0.39093
2024-09-04T15:00,development,2.97,110,2.14,127,-0.83,-1.08181,-0.27208,1.1155
2024-09-04T16:00,development,2.64,115,2.06,129,-0.58,-0.79173,-0.18069,0.81209
2024-09-04T17:00,development,3.22,116,2.13,131,-1.09,-1.28659,0.01415,1.28666
2024-09-04T18:00,development,2.47,104,2.2,120,-0.27,-0.49137,-0.50245,0.70279
2024-09-04T19:00,development,3.03,98,2.34,110,-0.69,-0.80163,-0.37863,0.88655
2024-09-04T20:00,development,3.41,95,2.66,110,-0.75,-0.89744,-0.61257,1.08658
2024-09-04T21:00,development,3.37,102,2.97,110,-0.4,-0.50547,-0.31514,0.59566
2024-09-04T22:00,development,3.04,99,3.1,111,0.06,-0.10847,-0.63538,0.64457
2024-09-04T23:00,development,2.7,88,2.6,106,-0.1,-0.19907,-0.81089,0.83496
2024-09-05T00:00,development,1.71,83,2.85,108,1.14,1.01326,-1.0891,1.48755
2024-09-05T01:00,development,1.71,97,3.18,103,1.47,1.40124,-0.50695,1.49013
2024-09-05T02:00,development,1.8,109,3.04,117,1.24,1.00673,-0.79411,1.28223
2024-09-05T03:00,development,1.94,78,2.77,116,0.83,0.59205,-1.61764,1.72258
2024-09-05T04:00,development,1.55,75,2.56,121,1.01,0.69716,-1.71967,1.85561
2024-09-05T05:00,development,1.84,41,2.33,121,0.49,0.79005,-2.5887,2.70658
2024-09-05T06:00,development,2.4,45,2.33,121,-0.07,0.30014,-2.89709,2.9126
2024-09-05T07:00,development,2.34,40,2.11,121,-0.23,0.3045,-2.87927,2.89533
2024-09-05T08:00,development,2.06,29,1.92,118,-0.14,0.69655,-2.7031,2.79141
2024-09-05T09:00,development,1.33,13,1.97,120,0.64,1.40689,-2.28091,2.6799
2024-09-05T10:00,development,1.94,55,1.75,121,-0.19,-0.08911,-2.01405,2.01603
2024-09-05T11:00,development,1.77,16,1.94,125,0.17,1.10128,-2.81417,3.02198
2024-09-05T12:00,development,1.75,13,1.91,133,0.16,1.00322,-3.00776,3.17066
2024-09-05T13:00,development,1.36,107,1.34,153,-0.02,-0.69223,-0.79632,1.05513
2024-09-05T14:00,development,2.28,151,1.57,153,-0.71,-0.3926,0.59525,0.71306
2024-09-05T15:00,development,2.28,142,1.61,150,-0.67,-0.59871,0.40236,0.72135
2024-09-05T16:00,development,1.56,135,1.42,141,-0.14,-0.20945,-0.00046,0.20945
2024-09-05T17:00,development,1.25,119,1.41,135,0.16,-0.09625,-0.39101,0.40268
2024-09-05T18:00,development,2.51,113,1.36,126,-1.15,-1.2102,0.18135,1.22372
2024-09-05T19:00,development,2.6,113,1.7,118,-0.9,-0.8923,0.2178,0.9185
2024-09-05T20:00,development,2.09,107,2.02,123,-0.07,-0.30456,-0.48911,0.57619
2024-09-05T21:00,development,3.0,120,2.3,124,-0.7,-0.69129,0.21386,0.72361
2024-09-05T22:00,development,2.24,117,2.41,132,0.17,-0.20488,-0.59567,0.62991
2024-09-05T23:00,development,1.4,86,1.78,128,0.38,0.00607,-1.19354,1.19355
2024-09-06T00:00,development,2.6,106,2.78,120,0.18,-0.09173,-0.67334,0.67956
2024-09-06T01:00,development,1.87,106,2.82,107,0.95,0.89922,-0.30905,0.95085
2024-09-06T02:00,development,2.12,109,3.47,131,1.35,0.61434,-1.58632,1.70113
2024-09-06T03:00,development,1.3,90,2.97,138,1.67,0.68732,-2.20714,2.31168
2024-09-06T04:00,development,1.53,32,2.86,144,1.33,0.87029,-3.6113,3.71469
2024-09-06T05:00,development,2.12,45,2.59,152,0.47,-0.28314,-3.7859,3.79647
2024-09-06T06:00,development,2.46,27,2.04,169,-0.42,-0.72757,-4.1944,4.25703
2024-09-06T07:00,development,2.82,27,2.44,161,-0.38,-0.48587,-4.8197,4.84413
2024-09-06T08:00,development,3.18,28,2.67,167,-0.51,-0.8923,-5.40934,5.48244
2024-09-06T09:00,development,2.7,51,2.6,164,-0.1,-1.38164,-4.19845,4.41994
2024-09-06T10:00,development,2.83,42,2.35,168,-0.48,-1.40505,-4.40175,4.62056
2024-09-06T11:00,development,2.41,42,2.4,163,-0.01,-0.91091,-4.08611,4.18641
2024-09-06T12:00,development,2.08,55,2.53,162,0.45,-0.92202,-3.59921,3.71543
2024-09-06T13:00,development,1.63,169,2.43,171,0.8,0.06912,-0.80003,0.80301
2024-09-06T14:00,development,2.4,180,2.32,173,-0.08,0.28274,0.09729,0.29901
2024-09-06T15:00,development,2.45,192,2.6,178,0.15,0.60012,-0.20195,0.63319
2024-09-06T16:00,development,1.58,198,2.75,190,1.17,0.01071,-1.20555,1.2056
2024-09-06T17:00,development,2.55,206,2.83,212,0.28,-0.38183,-0.10805,0.39682
2024-09-06T18:00,development,1.3,176,3.28,218,1.98,-2.11005,-1.28784,2.47202
2024-09-06T19:00,development,3.1,201,3.34,219,0.24,-0.99099,0.29843,1.03495
2024-09-06T20:00,development,3.01,201,3.97,214,0.96,-1.14131,-0.4812,1.2386
2024-09-06T21:00,development,6.63,203,2.92,232,-3.71,0.28956,4.30522,4.31494
2024-09-06T22:00,development,1.49,228,3.11,264,1.62,-1.98568,0.67192,2.09628
2024-09-06T23:00,development,3.3,166,2.33,227,-0.97,-2.5024,1.61292,2.97716
2024-09-07T00:00,development,6.96,305,2.35,258,-4.61,3.40265,-4.48068,5.62624
2024-09-07T01:00,development,1.48,28,1.63,259,0.15,-2.29487,-1.61778,2.80778
2024-09-07T02:00,development,1.02,191,2.37,332,1.35,-0.91802,3.09385,3.22717
2024-09-07T03:00,development,2.94,305,1.33,257,-1.61,1.11239,-1.9855,2.27588
2024-09-07T04:00,development,1.33,103,1.49,200,0.16,-1.80552,-1.10096,2.11471
2024-09-07T05:00,development,3.11,266,2.2,267,-0.91,0.90544,0.1018,0.91114
2024-09-07T06:00,development,4.84,308,5.87,317,1.03,-0.18936,1.31324,1.32683
2024-09-07T07:00,development,3.83,319,4.14,323,0.31,0.02119,0.41581,0.41635
2024-09-07T08:00,development,2.91,311,3.83,319,0.92,-0.3165,0.98141,1.03118
2024-09-07T09:00,development,2.5,286,3.41,320,0.91,0.21125,1.92312,1.93469
2024-09-07T10:00,development,2.42,294,3.05,319,0.63,0.2098,1.31756,1.33416
2024-09-07T11:00,development,1.9,267,3.47,314,1.57,-0.59871,2.5099,2.58032
2024-09-07T12:00,development,2.38,285,3.56,308,1.18,-0.50641,1.57577,1.65514
2024-09-07T13:00,development,3.96,291,3.86,301,-0.1,0.38831,0.56891,0.6888
2024-09-07T14:00,development,3.7,289,4.39,300,0.69,-0.30343,0.9904,1.03584
2024-09-07T15:00,development,3.96,286,4.7,297,0.74,-0.38113,1.04223,1.10973
2024-09-07T16:00,development,5.36,279,4.89,301,-0.47,1.10246,1.68005,2.00947
2024-09-07T17:00,development,5.73,282,5.02,293,-0.71,0.98385,0.77014,1.24943
2024-09-07T18:00,development,5.82,294,5.11,293,-0.71,0.61305,-0.37057,0.71635
2024-09-07T19:00,development,4.59,281,5.42,300,0.83,-0.18819,1.83419,1.84382
2024-09-07T20:00,development,5.6,305,5.69,304,0.09,-0.12997,-0.03022,0.13344
2024-09-07T21:00,development,5.16,292,5.69,304,0.53,0.06704,1.24884,1.25064
2024-09-07T22:00,development,4.97,300,6.01,316,1.04,0.12925,1.83823,1.84277
2024-09-07T23:00,development,5.04,309,5.28,323,0.24,0.73923,1.04502,1.28005
2024-09-08T00:00,development,3.24,326,4.7,331,1.46,-0.46682,1.42463,1.49916
2024-09-08T01:00,development,1.48,298,3.68,315,2.2,-1.29539,1.90734,2.30564
2024-09-08T02:00,development,2.06,284,2.69,312,0.63,-0.00025,1.3016,1.3016
2024-09-08T03:00,development,1.5,270,2.36,306,0.86,-0.40928,1.38717,1.44629
2024-09-08T04:00,development,1.66,237,2.19,294,0.53,-0.60847,1.79485,1.89519
2024-09-08T05:00,development,1.17,250,2.14,281,0.97,-1.00124,0.80849,1.28691
2024-09-08T06:00,development,1.5,217,2.32,277,0.82,-1.39998,1.48069,2.03774
2024-09-08T07:00,development,1.36,234,2.35,282,0.99,-1.19838,1.28798,1.75927
2024-09-08T08:00,development,1.42,231,2.26,283,0.84,-1.09853,1.40202,1.78113
2024-09-08T09:00,development,1.41,262,2.31,288,0.9,-0.80066,0.91006,1.21214
2024-09-08T10:00,development,1.0,217,2.3,270,1.3,-1.69818,0.79864,1.87661
2024-09-08T11:00,development,1.35,222,2.61,266,1.26,-1.70032,0.82118,1.88823
2024-09-08T12:00,development,1.08,202,2.55,259,1.47,-2.09857,0.5148,2.16079
2024-09-08T13:00,development,2.58,234,2.83,262,0.25,-0.71519,1.12263,1.33109
2024-09-08T14:00,development,3.28,282,3.72,276,0.44,-0.4913,-0.2931,0.57209
2024-09-08T15:00,development,4.42,275,4.05,286,-0.37,0.51007,0.7311,0.89145
2024-09-08T16:00,development,4.1,270,4.16,280,0.06,0.0032,0.72238,0.72238
2024-09-08T17:00,development,4.52,265,4.28,281,-0.24,0.30144,1.21061,1.24757
2024-09-08T18:00,development,4.23,277,4.33,289,0.1,0.10437,0.8942,0.90027
2024-09-08T19:00,development,4.6,268,4.27,291,-0.33,0.61081,1.69077,1.79772
2024-09-08T20:00,development,4.53,264,4.09,292,-0.44,0.713,2.00565,2.12862
2024-09-08T21:00,development,4.62,275,3.99,292,-0.63,0.90296,1.09202,1.41698
2024-09-08T22:00,development,3.13,277,3.67,296,0.54,-0.1919,1.22737,1.24228
2024-09-08T23:00,development,2.6,286,2.51,299,-0.09,0.30398,0.50022,0.58534
2024-09-09T00:00,development,1.3,270,2.06,299,0.76,-0.50172,0.99871,1.11765
2024-09-09T01:00,development,1.12,190,1.94,282,0.82,-1.70312,1.50633,2.27369
2024-09-09T02:00,development,0.94,32,1.8,251,0.86,-2.20006,-1.38319,2.59874
2024-09-09T03:00,development,1.03,29,2.08,235,1.05,-2.20319,-2.0939,3.03948
2024-09-09T04:00,development,0.32,162,2.33,245,2.01,-2.21058,-0.68036,2.31291
2024-09-09T05:00,development,0.67,117,2.1,245,1.43,-2.50022,-0.58332,2.56737
2024-09-09T06:00,development,0.2,360,1.88,245,1.68,-1.70386,-0.99452,1.97287
2024-09-09T07:00,development,0.73,164,1.86,234,1.13,-1.70599,-0.39156,1.75035
2024-09-09T08:00,development,0.28,315,1.7,230,1.42,-1.10429,-1.29073,1.69865
2024-09-09T09:00,development,1.43,102,1.84,221,0.41,-2.6059,-1.09135,2.8252
2024-09-09T10:00,development,1.75,31,1.92,219,0.17,-2.10961,-2.99216,3.66108
2024-09-09T11:00,development,1.48,62,1.89,212,0.41,-2.30831,-2.29763,3.2569
2024-09-09T12:00,development,1.7,50,2.2,210,0.5,-2.40228,-2.99799,3.84173
2024-09-09T13:00,development,0.58,239,1.94,215,1.36,-0.61558,-1.29043,1.42974
2024-09-09T14:00,development,1.97,204,2.34,220,0.37,-0.70285,0.00714,0.70289
2024-09-09T15:00,development,2.69,225,3.69,237,1.0,-1.19258,-0.1076,1.19742
2024-09-09T16:00,development,3.99,248,3.92,251,-0.07,-0.00697,0.21845,0.21856
2024-09-09T17:00,development,3.3,256,3.48,252,0.18,-0.1077,-0.27704,0.29724
2024-09-09T18:00,development,3.42,249,3.79,252,0.37,-0.41166,0.05444,0.41524
2024-09-09T19:00,development,3.48,252,4.0,267,0.52,-0.68484,0.86604,1.10409
2024-09-09T20:00,development,3.71,256,4.3,271,0.59,-0.69955,0.97258,1.19803
2024-09-09T21:00,development,3.71,256,4.12,264,0.41,-0.49763,0.46687,0.68236
2024-09-09T22:00,development,3.19,238,3.31,241,0.12,-0.18972,0.08572,0.20819
2024-09-09T23:00,development,2.42,246,3.39,225,0.97,-0.18631,-1.41279,1.42502
2024-09-10T00:00,development,1.98,221,2.88,236,0.9,-1.08863,-0.11615,1.09481
2024-09-10T01:00,development,1.21,246,2.55,244,1.34,-1.18653,-0.6257,1.3414
2024-09-10T02:00,development,1.0,217,3.24,236,2.24,-2.08427,-1.01315,2.31746
2024-09-10T03:00,development,1.17,211,3.19,238,2.02,-2.10268,-0.68756,2.21224
2024-09-10T04:00,development,1.03,209,3.14,239,2.11,-2.19215,-0.71636,2.30623
2024-09-10T05:00,development,0.78,220,3.09,245,2.31,-2.29912,-0.70838,2.40577
2024-09-10T06:00,development,0.78,220,2.89,256,2.11,-2.30278,-0.10164,2.30502
2024-09-10T07:00,development,1.17,211,2.69,255,1.52,-1.99575,0.30666,2.01917
2024-09-10T08:00,development,0.99,225,1.51,278,0.52,-0.79527,0.91019,1.20867
2024-09-10T09:00,development,0.71,172,1.17,239,0.46,-1.1017,0.1005,1.10627
2024-09-10T10:00,development,1.3,86,1.42,219,0.12,-2.19047,-1.19423,2.49486
2024-09-10T11:00,development,0.92,103,1.34,207,0.42,-1.50477,-0.98699,1.79958
2024-09-10T12:00,development,0.1,180,1.62,202,1.52,-0.60686,-1.40204,1.52774
2024-09-10T13:00,development,0.54,248,1.36,197,0.82,0.10305,-1.09829,1.10311
2024-09-10T14:00,development,0.22,243,1.33,193,1.11,-0.10316,-1.19603,1.20048
2024-09-10T15:00,development,0.5,270,1.46,196,0.96,0.09757,-1.40344,1.40683
2024-09-10T16:00,development,0.41,194,1.21,204,0.8,-0.39296,-0.70757,0.80937
2024-09-10T17:00,development,0.67,297,1.55,285,0.88,-0.90021,0.097,0.90542
2024-09-10T18:00,development,0.81,300,1.36,306,0.55,-0.39878,0.39439,0.56086
2024-09-10T19:00,development,0.92,257,1.42,309,0.5,-0.20713,1.10059,1.11991
2024-09-10T20:00,development,1.08,326,1.56,315,0.48,-0.49916,0.20773,0.54066
2024-09-10T21:00,development,0.41,284,2.08,325,1.67,-0.79522,1.60465,1.79088
2024-09-10T22:00,development,1.98,319,2.25,328,0.27,0.10668,0.41378,0.42731
2024-09-10T23:00,development,1.77,317,1.94,325,0.17,0.0944,0.29466,0.30941
2024-09-11T00:00,development,2.37,28,1.36,54,-1.01,-0.01238,-1.2932,1.29326
2024-09-11T01:00,development,1.81,84,2.13,41,0.32,-0.40268,1.41833,1.47439
2024-09-11T02:00,development,0.64,129,1.81,84,1.17,1.30271,0.59196,1.4309
2024-09-11T03:00,development,0.81,120,1.9,108,1.09,1.10553,-0.18213,1.12043
2024-09-11T04:00,development,1.33,77,1.3,86,-0.03,0.00092,-0.2085,0.2085
2024-09-11T05:00,development,0.57,45,1.3,86,0.73,0.89378,-0.31237,0.94679
2024-09-11T06:00,development,0.71,278,1.1,90,0.39,1.80309,-0.09881,1.8058
2024-09-11T07:00,development,0.3,270,1.82,99,1.52,2.09759,-0.28471,2.11683
2024-09-11T08:00,development,0.94,58,1.75,103,0.81,0.90798,-0.89179,1.27268
2024-09-11T09:00,development,1.43,65,1.68,107,0.25,0.31057,-1.09553,1.1387
2024-09-11T10:00,development,1.28,39,1.3,122,0.02,0.29693,-1.68364,1.70963
2024-09-11T11:00,development,2.12,19,1.53,122,-0.59,0.60731,-2.81528,2.88004
2024-09-11T12:00,development,1.32,81,0.7,90,-0.62,-0.60375,-0.20649,0.63808
2024-09-11T13:00,development,0.51,101,0.2,90,-0.31,-0.30063,0.09731,0.31599
2024-09-11T14:00,development,0.82,104,0.54,158,-0.28,-0.59335,-0.3023,0.66593
2024-09-11T15:00,development,0.36,124,0.95,162,0.59,-0.00489,-0.70219,0.70221
2024-09-11T16:00,development,0.28,315,0.98,156,0.7,0.59659,-1.09326,1.24545
2024-09-11T17:00,development,0.28,45,0.99,135,0.71,0.50205,-0.89803,1.02883
2024-09-11T18:00,development,1.14,128,1.2,138,0.06,-0.09538,-0.18992,0.21252
2024-09-11T19:00,development,1.6,86,1.14,142,-0.46,-0.89425,-1.00994,1.34895
2024-09-11T20:00,development,2.77,131,1.06,131,-1.71,-1.29055,1.12186,1.71
2024-09-11T21:00,development,2.94,100,1.04,107,-1.9,-1.90078,0.20646,1.91196
2024-09-11T22:00,development,2.5,106,1.22,99,-1.28,-1.19817,0.49824,1.29764
2024-09-11T23:00,development,1.91,84,1.4,86,-0.51,-0.50295,-0.10199,0.51318
2024-09-12T00:00,development,1.92,39,1.84,68,-0.08,0.49772,-0.80284,0.94461
2024-09-12T01:00,development,1.25,29,2.47,58,1.22,1.48867,0.21563,1.5042
2024-09-12T02:00,development,1.0,90,2.42,83,1.42,1.40196,0.29492,1.43265
2024-09-12T03:00,development,2.22,54,2.67,103,0.45,0.80555,-1.9055,2.06878
2024-09-12T04:00,development,1.3,90,2.6,113,1.3,1.09331,-1.0159,1.49244
2024-09-12T05:00,development,2.25,21,2.55,132,0.3,1.08869,-3.80684,3.95945
2024-09-12T06:00,development,1.97,60,2.22,144,0.25,-0.40119,-2.78102,2.80981
2024-09-12T07:00,development,1.64,52,1.86,144,0.22,-0.19906,-2.51446,2.52232
2024-09-12T08:00,development,1.24,76,1.3,148,0.06,-0.51427,-1.40245,1.49376
2024-09-12T09:00,development,1.56,50,1.26,162,-0.3,-0.80567,-2.20108,2.3439
2024-09-12T10:00,development,1.91,47,1.26,162,-0.65,-1.00752,-2.50095,2.69627
2024-09-12T11:00,development,1.56,50,1.84,151,0.28,-0.30298,-2.61205,2.62956
2024-09-12T12:00,development,1.2,42,2.02,147,0.82,0.29721,-2.58589,2.60291
2024-09-12T13:00,development,1.3,122,1.36,126,0.06,-0.0022,-0.11049,0.11051
2024-09-12T14:00,development,1.35,132,1.22,125,-0.13,-0.00388,0.20356,0.2036
2024-09-12T15:00,development,2.02,110,1.7,135,-0.32,-0.6961,-0.5112,0.86364
2024-09-12T16:00,development,2.68,117,1.91,137,-0.77,-1.08528,-0.18019,1.10014
2024-09-12T17:00,development,3.23,106,2.06,129,-1.17,-1.50395,-0.40609,1.55782
2024-09-12T18:00,development,2.82,96,2.28,119,-0.54,-0.81042,-0.8106,1.14623
2024-09-12T19:00,development,2.73,98,2.51,113,-0.22,-0.39296,-0.60079,0.71789
2024-09-12T20:00,development,3.65,99,2.82,113,-0.83,-1.00924,-0.53088,1.14035
2024-09-12T21:00,development,3.31,95,3.53,115,0.22,-0.09814,-1.20336,1.20735
2024-09-12T22:00,development,3.47,102,3.62,118,0.15,-0.1979,-0.97803,0.99786
2024-09-12T23:00,development,2.63,99,2.34,110,-0.29,-0.39874,-0.3889,0.55699
2024-09-13T00:00,development,2.44,109,2.89,104,0.45,0.49709,0.09523,0.50613
2024-09-13T01:00,development,2.92,112,4.03,113,1.11,1.00226,-0.4808,1.11161
2024-09-13T02:00,development,2.16,77,3.58,113,1.42,1.19077,-1.88471,2.22936
2024-09-13T03:00,development,1.68,73,2.82,113,1.14,0.98923,-1.59305,1.8752
2024-09-13T04:00,development,1.48,28,2.51,119,1.03,1.50048,-2.52363,2.93601
2024-09-13T05:00,development,2.0,53,2.33,115,0.33,0.51443,-2.18833,2.24798
2024-09-13T06:00,development,2.19,43,2.28,105,0.09,0.70873,-2.19177,2.30351
2024-09-13T07:00,development,2.61,32,2.12,98,-0.49,0.71628,-2.50845,2.60871
2024-09-13T08:00,development,2.33,43,2.1,90,-0.23,0.51094,-1.70405,1.77901
2024-09-13T09:00,development,1.75,66,2.2,87,0.45,0.59828,-0.59665,0.84494
2024-09-13T10:00,development,1.86,54,2.31,85,0.45,0.79644,-0.89195,1.19578
2024-09-13T11:00,development,1.78,52,2.33,80,0.55,0.89194,-0.69128,1.12846
2024-09-13T12:00,development,0.58,31,2.57,77,1.99,2.20541,0.08097,2.20689
2024-09-13T13:00,development,1.7,87,1.91,84,0.21,0.20187,0.11068,0.23022
2024-09-13T14:00,development,2.12,98,2.42,97,0.3,0.30259,0.00012,0.30259
2024-09-13T15:00,development,2.7,92,2.6,106,-0.1,-0.19907,-0.62243,0.65349
2024-09-13T16:00,development,3.01,105,2.73,114,-0.28,-0.41346,-0.33135,0.52985
2024-09-13T17:00,development,3.41,95,2.85,108,-0.56,-0.68651,-0.5835,0.90098
2024-09-13T18:00,development,3.96,100,2.97,110,-0.99,-1.10895,-0.32815,1.15649
2024-09-13T19:00,development,3.67,101,3.18,114,-0.49,-0.6975,-0.59315,0.91561
2024-09-13T20:00,development,3.57,101,3.45,112,-0.12,-0.30562,-0.6112,0.68336
2024-09-13T21:00,development,3.85,99,3.64,111,-0.21,-0.40437,-0.70219,0.8103
2024-09-13T22:00,development,3.64,106,3.49,117,-0.15,-0.38938,-0.58111,0.6995
2024-09-13T23:00,development,3.3,104,2.19,114,-1.11,-1.20131,-0.09241,1.20486
2024-09-14T00:00,development,2.44,109,2.41,95,-0.03,0.09376,0.58434,0.59182
2024-09-14T01:00,development,2.06,113,3.14,112,1.08,1.01512,-0.37136,1.08091
2024-09-14T02:00,development,1.91,96,3.01,111,1.1,0.91054,-0.87904,1.26562
2024-09-14T03:00,development,1.34,117,2.69,112,1.35,1.30018,-0.39934,1.36012
2024-09-14T04:00,development,1.2,95,2.57,103,1.37,1.3087,-0.47354,1.39174
2024-09-14T05:00,development,1.35,42,2.47,104,1.12,1.4933,-1.60079,2.18918
2024-09-14T06:00,development,0.2,360,2.26,103,2.06,2.20208,-0.70839,2.31321
2024-09-14T07:00,development,1.4,4,2.21,95,0.81,2.10393,-1.5892,2.63668
2024-09-14T08:00,development,2.2,51,2.1,90,-0.1,0.39028,-1.3845,1.43846
2024-09-14T09:00,development,1.49,48,2.21,85,0.72,1.0943,-0.80439,1.35814
2024-09-14T10:00,development,1.42,39,2.11,85,0.69,1.20834,-0.91965,1.5185
2024-09-14T11:00,development,1.43,25,2.31,72,0.88,1.5926,-0.58219,1.69567
2024-09-14T12:00,development,0.22,63,2.53,72,2.31,2.21015,0.68194,2.31296
2024-09-14T13:00,development,2.01,63,1.6,94,-0.41,-0.19482,-1.02413,1.0425
2024-09-14T14:00,development,1.82,81,2.24,100,0.42,0.40838,-0.67368,0.78779
2024-09-14T15:00,development,2.51,85,2.91,106,0.4,0.29682,-1.02087,1.06314
2024-09-14T16:00,development,2.62,97,3.08,103,0.46,0.40059,-0.37355,0.54773
2024-09-14T17:00,development,3.1,92,3.32,106,0.22,0.09328,-0.80693,0.8123
2024-09-14T18:00,development,3.42,97,3.37,102,-0.05,-0.09815,-0.28387,0.30036
2024-09-14T19:00,development,3.5,90,3.44,98,-0.06,-0.09348,-0.47876,0.4878
2024-09-14T20:00,development,2.6,88,3.72,96,1.12,1.10121,-0.47958,1.20111
2024-09-14T21:00,development,4.0,77,3.72,96,-0.28,-0.19786,-1.28865,1.30375
2024-09-14T22:00,development,3.83,70,3.31,95,-0.52,-0.30162,-1.59842,1.62663
2024-09-14T23:00,development,2.26,77,2.33,80,0.07,0.09253,-0.10379,0.13904
2024-09-15T00:00,development,2.42,97,2.96,78,0.54,0.49336,0.91034,1.03543
2024-09-15T01:00,development,1.71,111,3.03,98,1.32,1.40409,0.19111,1.41704
2024-09-15T02:00,development,1.9,87,2.77,103,0.87,0.80161,-0.72255,1.07919
2024-09-15T03:00,development,1.8,109,2.63,99,0.83,0.89569,0.1746,0.91255
2024-09-15T04:00,development,1.65,76,2.51,95,0.86,0.89946,-0.61793,1.09127
2024-09-15T05:00,development,1.46,106,2.61,94,1.15,1.2002,0.22037,1.22026
2024-09-15T06:00,development,1.44,56,2.69,105,1.25,1.40453,-1.50146,2.05599
2024-09-15T07:00,development,1.33,13,2.53,99,1.2,2.19967,-1.69169,2.77495
2024-09-15T08:00,development,0.76,23,2.5,106,1.74,2.1062,-1.38868,2.5228
2024-09-15T09:00,development,2.06,61,2.47,104,0.41,0.59491,-1.59625,1.70351
2024-09-15T10:00,development,1.56,50,2.31,95,0.75,1.10618,-1.20408,1.63507
2024-09-15T11:00,development,1.66,33,2.51,85,0.85,1.59635,-1.17343,1.98123
2024-09-15T12:00,development,0.36,326,2.63,81,2.27,2.79893,0.11297,2.80121
2024-09-15T13:00,development,1.71,69,2.18,74,0.47,0.49913,-0.01192,0.49927
2024-09-15T14:00,development,2.6,67,2.7,90,0.1,0.30669,-1.0159,1.06118
2024-09-15T15:00,development,3.06,79,2.92,96,-0.14,-0.09978,-0.8891,0.89468
2024-09-15T16:00,development,3.61,95,3.21,95,-0.4,-0.39848,0.03486,0.4
2024-09-15T17:00,development,3.58,113,3.83,105,0.25,0.40409,0.40754,0.57391
2024-09-15T18:00,development,3.61,93,3.96,111,0.35,0.09193,-1.2302,1.23363
2024-09-15T19:00,development,4.22,112,4.03,113,-0.19,-0.20308,0.00619,0.20318
2024-09-15T20:00,development,4.37,106,4.25,114,-0.12,-0.31815,-0.5241,0.6131
2024-09-15T21:00,development,4.88,116,4.25,114,-0.63,-0.50355,0.41062,0.64974
2024-09-15T22:00,development,3.67,119,3.76,115,0.09,0.19786,0.19021,0.27446
2024-09-15T23:00,development,3.32,83,2.55,116,-0.77,-1.00333,-1.52245,1.82333
2024-09-16T00:00,development,3.8,117,2.69,112,-1.11,-0.8917,0.71747,1.14451
2024-09-16T01:00,development,2.22,126,2.91,117,0.69,0.79681,-0.01623,0.79698
2024-09-16T02:00,development,2.35,102,2.8,125,0.45,-0.00502,-1.11742,1.11743
2024-09-16T03:00,development,3.27,113,2.48,130,-0.79,-1.11026,-0.31642,1.15447
2024-09-16T04:00,development,1.51,98,2.37,118,0.86,0.59728,-0.9025,1.08224
2024-09-16T05:00,development,0.91,84,2.28,113,1.37,1.19374,-0.98599,1.54828
2024-09-16T06:00,development,2.02,33,2.24,117,0.22,0.89568,-2.71105,2.85518
2024-09-16T07:00,development,1.35,42,1.93,111,0.58,0.89848,-1.6949,1.91832
2024-09-16T08:00,development,1.22,35,1.96,105,0.74,1.19345,-1.50665,1.92206
2024-09-16T09:00,development,1.25,29,2.31,95,1.06,1.6952,-1.2946,2.133
2024-09-16T10:00,development,1.21,24,2.3,88,1.09,1.80645,-1.02512,2.07705
2024-09-16T11:00,development,1.5,37,2.33,80,0.83,1.39188,-0.79335,1.6021
2024-09-16T12:00,development,0.58,31,2.67,77,2.09,2.30285,0.10346,2.30517
2024-09-16T13:00,development,1.57,63,1.9,87,0.33,0.49852,-0.61333,0.79037
2024-09-16T14:00,development,3.65,81,2.51,95,-1.14,-1.10461,-0.78975,1.35789
2024-09-16T15:00,development,3.2,70,2.81,86,-0.39,-0.20386,-0.89845,0.92129
2024-09-16T16:00,development,3.47,78,3.51,85,0.04,0.10247,-0.41554,0.42799
2024-09-16T17:00,development,3.85,81,3.81,93,-0.04,0.00218,-0.80167,0.80168
2024-09-16T18:00,development,3.92,84,4.04,99,0.12,0.09174,-1.04175,1.04578
2024-09-16T19:00,development,3.89,72,4.04,99,0.15,0.29065,-1.83407,1.85696
2024-09-16T20:00,development,3.77,79,3.85,99,0.08,0.10187,-1.32162,1.32554
2024-09-16T21:00,development,4.15,75,3.6,90,-0.55,-0.40859,-1.0741,1.14919
2024-09-16T22:00,development,3.31,61,2.61,94,-0.7,-0.29135,-1.78678,1.81038
2024-09-16T23:00,development,2.68,63,1.9,87,-0.78,-0.4905,-1.11726,1.22019
2024-09-17T00:00,development,1.99,72,2.5,90,0.51,0.6074,-0.61494,0.86434
2024-09-17T01:00,development,1.3,90,3.03,98,1.73,1.70051,-0.42169,1.75202
2024-09-17T02:00,development,2.21,108,3.4,118,1.19,0.90019,-0.91328,1.28235
2024-09-17T03:00,development,1.8,71,3.0,120,1.2,0.89614,-2.08602,2.27037
2024-09-17T04:00,development,2.22,82,2.75,109,0.53,0.40178,-1.20428,1.26953
2024-09-17T05:00,development,1.98,45,2.63,99,0.65,1.19755,-1.81149,2.17155
2024-09-17T06:00,development,2.05,43,2.53,81,0.48,1.10075,-1.1035,1.55864
2024-09-17T07:00,development,1.84,22,2.69,68,0.85,1.80485,-0.69833,1.93524
2024-09-17T08:00,development,2.04,11,2.79,69,0.75,2.21544,-1.00267,2.43177
2024-09-17T09:00,development,1.3,67,2.91,74,1.61,1.60062,0.29415,1.62742
2024-09-17T10:00,development,0.92,13,2.85,72,1.93,2.50356,-0.01572,2.50361
2024-09-17T11:00,development,1.26,18,2.72,73,1.46,2.21179,-0.40308,2.24822
2024-09-17T12:00,development,1.08,34,3.0,64,1.92,2.09245,0.41975,2.13414
2024-09-17T13:00,development,2.42,30,2.64,65,0.22,1.18265,-0.98007,1.53597
2024-09-17T14:00,development,2.94,55,2.82,73,-0.12,0.28847,-0.86183,0.90882
2024-09-17T15:00,development,3.1,69,4.4,111,1.3,1.21365,-2.68776,2.94907
2024-09-17T16:00,development,3.1,75,4.25,120,1.15,0.68624,-2.92734,3.0067
2024-09-17T17:00,development,3.41,93,3.81,120,0.4,-0.10577,-1.72653,1.72977
2024-09-17T18:00,development,3.63,82,3.35,117,-0.28,-0.6098,-2.02607,2.11585
2024-09-17T19:00,development,4.04,99,3.58,117,-0.46,-0.80046,-0.99329,1.27568
2024-09-17T20:00,development,3.6,88,3.31,119,-0.29,-0.70282,-1.73036,1.86764
2024-09-17T21:00,development,2.93,82,3.26,108,0.33,0.19896,-1.41517,1.42909
2024-09-17T22:00,development,3.48,108,3.37,102,-0.11,-0.01332,0.37472,0.37495
2024-09-17T23:00,development,2.45,102,2.57,103,0.12,0.10767,-0.06874,0.12774
2024-09-18T00:00,development,3.01,96,2.64,119,-0.37,-0.68451,-0.96527,1.18334
2024-09-18T01:00,development,1.46,74,2.81,94,1.35,1.39971,-0.59845,1.52228
2024-09-18T02:00,development,1.63,43,2.52,83,0.89,1.38956,-0.885,1.64745
2024-09-18T03:00,development,1.92,39,2.79,75,0.87,1.48664,-0.77002,1.67422
2024-09-18T04:00,development,2.41,48,3.01,75,0.6,1.11646,-0.83356,1.39331
2024-09-18T05:00,development,1.96,15,2.77,77,0.81,2.19172,-1.2701,2.53314
2024-09-18T06:00,development,1.8,34,2.84,80,1.04,1.79031,-0.99911,2.05022
2024-09-18T07:00,development,1.7,50,2.72,84,1.02,1.40282,-0.80842,1.61909
2024-09-18T08:00,development,1.41,45,2.72,84,1.31,1.70808,-0.7127,1.85081
2024-09-18T09:00,development,1.0,6,2.21,95,1.21,2.09706,-1.18714,2.40976
2024-09-18T10:00,development,1.41,8,1.61,60,0.2,1.19807,-0.59128,1.33603
2024-09-18T11:00,development,0.81,330,2.48,47,1.67,2.21876,0.98988,2.42955
2024-09-18T12:00,development,1.12,27,2.64,61,1.52,1.80053,0.28197,1.82247
2024-09-18T13:00,development,1.03,331,2.15,62,1.12,2.39769,0.10851,2.40015
2024-09-18T14:00,development,2.78,38,2.33,59,-0.45,0.28566,-0.99063,1.031
2024-09-18T15:00,development,3.49,66,1.99,72,-1.5,-1.29567,-0.80457,1.52515
2024-09-18T16:00,development,2.82,67,2.56,111,-0.26,-0.20586,-2.01928,2.02975
2024-09-18T17:00,development,3.41,87,2.73,114,-0.68,-0.91135,-1.28886,1.57851
2024-09-18T18:00,development,4.51,86,2.56,111,-1.95,-2.10905,-1.23202,2.44253
2024-09-18T19:00,development,4.51,103,3.8,145,-0.71,-2.21482,-2.09825,3.05091
2024-09-18T20:00,development,4.1,91,2.48,137,-1.62,-2.40802,-1.7422,2.97218
2024-09-18T21:00,development,3.69,77,2.2,129,-1.49,-1.8857,-2.21457,2.90865
2024-09-18T22:00,development,3.31,85,2.11,121,-1.2,-1.48878,-1.37522,2.02674
2024-09-18T23:00,development,2.06,67,2.41,132,0.35,-0.10526,-2.41751,2.4198
2024-09-19T00:00,development,2.32,83,2.28,128,-0.04,-0.50604,-1.68645,1.76073
2024-09-19T01:00,development,2.25,69,3.01,86,0.76,0.90211,-0.59636,1.08141
2024-09-19T02:00,development,1.42,51,2.6,92,1.18,1.49487,-0.98437,1.78987
2024-09-19T03:00,development,1.5,323,1.7,90,0.2,2.60272,-1.19795,2.86518
2024-09-19T04:00,development,1.25,61,1.53,58,0.28,0.20424,0.20476,0.28921
2024-09-19T05:00,development,1.33,347,1.64,52,0.31,1.59152,-0.28623,1.61706
2024-09-19T06:00,development,0.92,13,1.88,65,0.96,1.4969,-0.1019,1.50037
2024-09-19T07:00,development,1.79,27,2.09,73,0.3,1.18603,-0.98384,1.54098
2024-09-19T08:00,development,0.5,90,1.73,80,1.23,1.20372,0.30041,1.24064
2024-09-19T09:00,development,0.5,307,1.82,81,1.32,2.19691,-0.0162,2.19697
2024-09-19T10:00,development,0.73,344,1.53,58,0.8,1.49873,0.10906,1.50269
2024-09-19T11:00,development,0.99,45,1.35,42,0.36,0.20329,0.30321,0.36505
2024-09-19T12:00,development,0.63,72,1.63,43,1.0,0.51249,0.99743,1.12139
2024-09-19T13:00,development,1.39,60,0.72,56,-0.67,-0.60687,-0.29238,0.67363
2024-09-19T14:00,development,1.34,117,0.95,72,-0.39,-0.29045,0.90191,0.94753
2024-09-19T15:00,development,0.73,74,1.71,83,0.98,0.99553,0.00718,0.99556
2024-09-19T16:00,development,0.86,54,2.31,85,1.45,1.60546,-0.30417,1.63401
2024-09-19T17:00,development,2.91,49,2.24,80,-0.67,0.00976,-1.52016,1.52019
2024-09-19T18:00,development,1.71,97,1.82,81,0.11,0.10034,0.49311,0.50321
2024-09-19T19:00,development,1.72,54,1.66,65,-0.06,0.11296,-0.30944,0.32942
2024-09-19T20:00,development,3.07,71,1.86,54,-1.21,-1.39797,0.09379,1.40111
2024-09-19T21:00,development,1.77,16,1.97,60,0.2,1.21819,-0.71643,1.41325
2024-09-19T22:00,development,2.28,23,1.89,58,-0.39,0.71194,-1.0972,1.30794
2024-09-19T23:00,development,3.22,334,1.12,27,-2.1,1.92002,-1.89619,2.69852
2024-09-20T00:00,development,2.5,37,1.6,4,-0.9,-1.39293,-0.40049,1.44936
2024-09-20T01:00,development,1.81,354,3.14,53,1.33,2.69691,0.08961,2.6984
2024-09-20T02:00,development,1.43,102,2.39,57,0.96,0.60567,1.599,1.70987
2024-09-20T03:00,development,0.51,101,1.89,58,1.38,1.10218,1.09886,1.55637
2024-09-20T04:00,development,0.58,149,1.56,45,0.98,0.80436,1.60024,1.79103
2024-09-20T05:00,development,0.63,18,2.0,53,1.37,1.40259,0.60446,1.5273
2024-09-20T06:00,development,0.51,79,1.84,41,1.33,0.70652,1.29135,1.47199
2024-09-20T07:00,development,1.12,333,1.8,34,0.68,1.51502,0.49434,1.59363
2024-09-20T08:00,development,0.6,360,1.77,47,1.17,1.2945,0.60714,1.4298
2024-09-20T09:00,development,0.94,32,1.84,49,0.9,0.89054,0.40998,0.98038
2024-09-20T10:00,development,0.81,30,1.86,54,1.05,1.09977,0.3918,1.16748
2024-09-20T11:00,development,0.76,23,1.64,52,0.88,0.99538,0.3101,1.04257
2024-09-20T12:00,development,0.76,337,1.61,60,0.85,1.69126,0.10542,1.69454
2024-09-20T13:00,development,1.06,41,0.71,82,-0.35,0.00767,-0.70118,0.70122
2024-09-20T14:00,development,1.8,109,0.81,120,-0.99,-1.00045,0.18102,1.0167
2024-09-20T15:00,development,0.7,180,0.95,162,0.25,0.29357,-0.2035,0.3572
2024-09-20T16:00,development,0.78,320,0.92,167,0.14,0.70833,-1.49394,1.65335
2024-09-20T17:00,development,1.02,101,0.94,148,-0.08,-0.50314,-0.60254,0.78498
2024-09-20T18:00,development,2.21,72,1.35,132,-0.86,-1.09859,-1.58625,1.92953
2024-09-20T19:00,development,1.41,188,0.95,162,-0.46,0.4898,0.49277,0.69479
2024-09-20T20:00,development,2.02,189,0.92,193,-1.1,0.10904,1.09871,1.10411
2024-09-20T21:00,development,0.7,90,1.39,240,0.69,-1.90378,-0.695,2.02667
2024-09-20T22:00,development,2.5,344,1.12,260,-1.38,-0.41389,-2.59764,2.63041
2024-09-20T23:00,development,2.42,24,1.5,323,-0.92,-1.88703,-1.01283,2.14165
2024-09-21T00:00,development,1.25,29,1.04,17,-0.21,-0.30195,-0.09872,0.31767
2024-09-21T01:00,development,1.84,103,2.36,36,0.52,-0.40567,2.32319,2.35834
2024-09-21T02:00,development,1.49,132,1.41,82,-0.08,0.28899,1.19324,1.22774
2024-09-21T03:00,development,1.24,76,1.79,117,0.55,0.39173,-1.11263,1.17957
2024-09-21T04:00,development,1.14,105,2.55,138,1.41,0.60513,-1.59997,1.71058
2024-09-21T05:00,development,1.3,23,2.86,155,1.56,0.70074,-3.7887,3.85295
2024-09-21T06:00,development,1.97,24,2.89,166,0.92,-0.10212,-4.60384,4.60497
2024-09-21T07:00,development,2.62,43,2.62,173,0.0,-1.46754,-4.51662,4.74905
2024-09-21T08:00,development,2.42,52,2.6,178,0.18,-1.81625,-4.08832,4.4736
2024-09-21T09:00,development,2.5,37,2.12,251,-0.38,-3.50904,-2.68679,4.41952
2024-09-21T10:00,development,2.44,35,2.09,197,-0.35,-2.01058,-3.99741,4.47456
2024-09-21T11:00,development,1.2,42,0.7,90,-0.5,-0.10296,-0.89177,0.8977
2024-09-21T12:00,development,1.86,54,2.15,208,0.29,-2.51414,-2.99162,3.90777
2024-09-21T13:00,development,1.49,20,2.28,157,0.79,0.38126,-3.49889,3.5196
2024-09-21T14:00,development,1.4,86,4.33,199,2.93,-2.8063,-4.19175,5.04442
2024-09-21T15:00,development,1.78,142,3.77,212,1.99,-3.09367,-1.79448,3.57645
2024-09-21T16:00,development,2.31,185,3.59,193,1.28,-0.60624,-1.19678,1.34157
2024-09-21T17:00,development,1.14,322,2.97,222,1.83,-1.28546,-3.10547,3.36101
2024-09-21T18:00,development,1.26,252,2.0,233,0.74,-0.39894,-0.81427,0.90674
2024-09-21T19:00,development,1.7,183,3.26,227,1.56,-2.29524,-0.52564,2.35466
2024-09-21T20:00,development,2.2,231,1.8,251,-0.4,0.00779,0.79848,0.79852
2024-09-21T21:00,development,2.51,157,1.0,233,-1.51,-1.77937,1.70865,2.46691
2024-09-21T22:00,development,5.17,105,0.63,162,-4.54,-4.79916,0.73893,4.85571
2024-09-21T23:00,development,3.61,104,1.17,121,-2.44,-2.49988,0.27074,2.5145
2024-09-22T00:00,development,1.8,124,1.34,153,-0.46,-0.88392,-0.1874,0.90357
2024-09-22T01:00,development,1.2,85,1.12,10,-0.08,-1.00095,0.9984,1.41375
2024-09-22T02:00,development,2.44,341,2.62,317,0.18,-0.99245,-0.39092,1.06666
2024-09-22T03:00,development,0.5,180,2.82,333,2.32,-1.28025,3.01264,3.27338
2024-09-22T04:00,development,1.84,225,2.73,336,0.89,0.19069,3.79506,3.79984
2024-09-22T05:00,development,2.33,245,2.51,331,0.18,0.89482,3.18,3.3035
2024-09-22T06:00,development,1.79,243,2.01,6,0.22,1.805,2.81163,3.34115
2024-09-22T07:00,development,1.84,221,1.0,6,-0.84,1.31168,2.38319,2.72031
2024-09-22T08:00,development,1.52,203,1.08,34,-0.44,1.19784,2.29453,2.58837
2024-09-22T09:00,development,0.92,229,0.58,301,-0.34,0.19718,0.9023,0.92359
2024-09-22T10:00,development,1.08,304,1.56,310,0.48,-0.29967,0.39882,0.49886
2024-09-22T11:00,development,0.14,315,0.9,360,0.76,0.09899,0.80101,0.8071
2024-09-22T12:00,development,0.63,198,0.67,27,0.04,0.49885,1.19614,1.296
2024-09-22T13:00,development,0.32,288,0.14,45,-0.18,0.40333,0.00011,0.40333
2024-09-22T14:00,development,1.28,51,1.17,121,-0.11,0.00814,-1.40812,1.40815
2024-09-22T15:00,development,0.5,53,1.48,118,0.98,0.90744,-0.99573,1.34719
2024-09-22T16:00,development,1.22,99,1.66,115,0.44,0.29949,-0.5107,0.59204
2024-09-22T17:00,development,0.36,56,1.64,128,1.28,0.99388,-1.21099,1.56662
2024-09-22T18:00,development,0.85,111,1.42,129,0.57,0.31,-0.58902,0.66562
2024-09-22T19:00,development,1.0,90,1.17,121,0.17,0.00289,-0.60259,0.6026
2024-09-22T20:00,development,2.5,74,1.22,99,-1.28,-1.19817,-0.87994,1.48658
2024-09-22T21:00,development,1.21,114,1.4,94,0.19,0.2912,0.39449,0.49033
2024-09-22T22:00,development,2.42,120,1.4,94,-1.02,-0.69919,1.11234,1.31384
2024-09-22T23:00,development,1.64,128,1.91,84,0.27,0.6072,1.20933,1.35321
2024-09-23T00:00,development,1.89,122,2.6,92,0.71,0.99561,0.91081,1.34937
2024-09-23T01:00,development,2.86,115,2.86,126,0.0,-0.27825,-0.47238,0.54824
2024-09-23T02:00,development,3.24,124,3.68,133,0.44,0.0053,-0.69797,0.69799
2024-09-23T03:00,development,2.48,130,3.39,135,0.91,0.4973,-0.80298,0.9445
2024-09-23T04:00,development,3.28,128,2.48,140,-0.8,-0.99056,0.11958,0.99775
2024-09-23T05:00,development,1.9,18,2.44,125,0.54,1.4116,-3.20653,3.50349
2024-09-23T06:00,development,1.9,90,2.19,133,0.29,-0.29834,-1.49358,1.52308
2024-09-23T07:00,development,2.5,143,2.35,192,-0.15,-1.99313,-0.30206,2.01589
2024-09-23T08:00,development,3.57,169,2.37,152,-1.2,0.43146,1.41182,1.47628
2024-09-23T09:00,development,1.75,204,2.55,169,0.8,1.19835,-0.90444,1.50136
2024-09-23T10:00,development,2.63,171,2.9,182,0.27,-0.51263,-0.30061,0.59427
2024-09-23T11:00,development,2.01,153,2.82,186,0.81,-1.20729,-1.01363,1.57639
2024-09-23T12:00,development,1.17,160,3.37,192,2.2,-1.10083,-2.19692,2.45729
2024-09-23T13:00,development,0.81,187,4.47,207,3.66,-1.93062,-3.17884,3.71918
2024-09-23T14:00,development,2.14,217,3.77,212,1.63,-0.70991,-1.48806,1.64873
2024-09-23T15:00,development,2.34,220,3.13,243,0.79,-1.28473,0.37155,1.33738
2024-09-23T16:00,development,2.82,264,2.92,264,0.1,-0.09945,-0.01045,0.1
2024-09-23T17:00,development,2.73,262,3.4,284,0.67,-0.59557,1.20248,1.34189
2024-09-23T18:00,development,2.3,272,3.35,287,1.05,-0.90502,0.89918,1.27577
2024-09-23T19:00,development,2.71,274,3.54,278,0.83,-0.80215,0.30363,0.85769
2024-09-23T20:00,development,3.35,287,3.62,276,0.27,-0.39655,-0.60105,0.72008
2024-09-23T21:00,development,3.41,275,3.23,286,-0.18,0.29215,0.59311,0.66116
2024-09-23T22:00,development,2.25,302,2.52,304,0.27,-0.18107,0.21685,0.2825
2024-09-23T23:00,development,1.22,279,1.84,315,0.62,-0.0961,1.11023,1.11438
2024-09-24T00:00,development,1.43,282,2.28,337,0.85,0.50788,1.80144,1.87166
2024-09-24T01:00,development,1.21,294,1.64,308,0.43,-0.18695,0.51753,0.55026
2024-09-24T02:00,development,0.1,360,1.25,299,1.15,-1.09327,0.50601,1.2047
2024-09-24T03:00,development,0.5,127,1.04,287,0.54,-1.39387,0.60497,1.5195
2024-09-24T04:00,development,1.77,74,0.14,135,-1.63,-1.60244,-0.58687,1.70653
2024-09-24T05:00,development,0.22,333,0.54,248,0.32,-0.4008,-0.39831,0.56506
2024-09-24T06:00,development,0.63,288,0.51,79,-0.12,1.0998,-0.09737,1.1041
2024-09-24T07:00,development,0.86,54,1.93,111,1.07,1.10606,-1.19715,1.62988
2024-09-24T08:00,development,0.1,270,2.02,123,1.92,1.79411,-1.10017,2.10457
2024-09-24T09:00,development,1.34,27,2.01,117,0.67,1.18258,-2.10647,2.41572
2024-09-24T10:00,development,2.06,61,1.84,131,-0.22,-0.41305,-2.20586,2.2442
2024-09-24T11:00,development,1.53,58,2.48,130,0.95,0.60228,-2.40489,2.47916
2024-09-24T12:00,development,1.71,69,3.47,139,1.76,0.6801,-3.23165,3.30244
2024-09-24T13:00,development,2.51,119,2.61,148,0.1,-0.81221,-0.99653,1.2856
2024-09-24T14:00,development,3.41,130,3.0,154,-0.41,-1.2971,-0.50448,1.39175
2024-09-24T15:00,development,3.42,128,3.26,140,-0.16,-0.59951,-0.39174,0.71615
2024-09-24T16:00,development,2.48,140,3.98,155,1.5,0.08791,-1.70731,1.70958
2024-09-24T17:00,development,2.73,118,4.25,150,1.52,-0.28545,-2.39895,2.41587
2024-09-24T18:00,development,3.45,120,3.26,130,-0.19,-0.49048,-0.37049,0.61468
2024-09-24T19:00,development,4.47,117,5.44,148,0.97,-1.10004,-2.58404,2.80845
2024-09-24T20:00,development,4.92,128,4.12,151,-0.8,-1.8796,-0.57438,1.9654
2024-09-24T21:00,development,4.55,130,5.1,169,0.55,-2.51238,-2.08162,3.26269
2024-09-24T22:00,development,3.92,128,4.65,161,0.73,-1.57511,-1.98327,2.53265
2024-09-24T23:00,development,2.61,148,4.3,155,1.69,0.43417,-1.68372,1.7388
2024-09-25T00:00,development,3.12,130,3.64,148,0.52,-0.46115,-1.0814,1.17562
2024-09-25T01:00,development,1.33,77,3.83,151,2.5,0.56091,-3.64898,3.69184
2024-09-25T02:00,development,2.06,67,3.18,136,1.12,0.31277,-3.09241,3.10818
2024-09-25T03:00,development,2.14,37,3.18,135,1.04,0.96072,-3.95768,4.07262
2024-09-25T04:00,development,1.58,72,3.25,143,1.67,0.45323,-3.08381,3.11694
2024-09-25T05:00,development,2.04,101,2.45,141,0.41,-0.46068,-1.51476,1.58326
2024-09-25T06:00,development,1.91,43,2.11,126,0.2,0.40441,-2.63711,2.66794
2024-09-25T07:00,development,1.98,45,2.64,151,0.66,-0.12017,-3.70907,3.71101
2024-09-25T08:00,development,2.01,63,2.56,149,0.55,-0.47243,-3.10687,3.14258
2024-09-25T09:00,development,2.26,77,2.24,141,-0.02,-0.7924,-2.2492,2.3847
2024-09-25T10:00,development,1.77,74,2.15,144,0.38,-0.43769,-2.22726,2.26986
2024-09-25T11:00,development,1.66,65,1.8,134,0.14,-0.20966,-1.95193,1.96316
2024-09-25T12:00,development,2.08,55,2.58,134,0.5,0.15206,-2.98526,2.98913
2024-09-25T13:00,development,2.92,142,3.26,140,0.34,0.29776,-0.19631,0.35665
2024-09-25T14:00,development,5.02,136,3.73,145,-1.29,-1.34774,0.55565,1.45779
2024-09-25T15:00,development,2.97,132,2.89,152,-0.08,-0.85037,-0.5644,1.02062
2024-09-25T16:00,development,2.22,126,2.57,143,0.35,-0.24935,-0.74761,0.7881
2024-09-25T17:00,development,2.34,140,4.23,156,1.89,0.21637,-2.07175,2.08302
2024-09-25T18:00,development,2.83,148,4.94,187,2.11,-2.10171,-2.5032,3.26851
2024-09-25T19:00,development,2.76,134,3.62,186,0.86,-2.36377,-1.68291,2.90166
2024-09-25T20:00,development,3.02,146,3.67,185,0.65,-2.00862,-1.15234,2.3157
2024-09-25T21:00,development,2.92,149,3.18,204,0.26,-2.79733,-0.40215,2.82609
2024-09-25T22:00,development,2.97,135,0.3,9,-2.67,-2.05318,2.39641,3.15568
2024-09-25T23:00,development,1.36,144,1.6,20,0.24,-0.25216,2.60377,2.61595
2024-09-26T00:00,development,1.62,202,2.13,9,0.51,0.94007,3.60581,3.72634
2024-09-26T01:00,development,1.94,145,2.83,135,0.89,0.88837,-0.41196,0.97924
2024-09-26T02:00,development,1.82,171,2.77,160,0.95,0.66269,-0.80536,1.04295
2024-09-26T03:00,development,0.6,90,1.85,180,1.25,-0.6,-1.85,1.94487
2024-09-26T04:00,development,1.22,35,1.42,162,0.2,-0.26096,-2.34987,2.36431
2024-09-26T05:00,development,0.92,319,1.57,189,0.65,0.35797,-2.245,2.27336
2024-09-26T06:00,development,0.95,108,0.46,49,-0.49,-0.55634,0.59535,0.81484
2024-09-26T07:00,development,1.12,80,1.36,126,0.24,-0.00272,-0.99387,0.99388
2024-09-26T08:00,development,0.1,180,0.61,55,0.51,0.49968,0.44988,0.67237
2024-09-26T09:00,development,0.71,352,1.03,39,0.32,0.74701,0.09737,0.75333
2024-09-26T10:00,development,0.3,270,1.31,40,1.01,1.14205,1.00352,1.52031
2024-09-26T11:00,development,0.3,180,1.36,8,1.06,0.18928,1.64676,1.65761
2024-09-26T12:00,development,1.53,79,1.57,68,0.04,-0.04621,0.29619,0.29978
2024-09-26T13:00,development,0.81,97,1.59,134,0.78,0.33979,-1.00579,1.06164
2024-09-26T14:00,development,1.6,94,2.04,155,0.44,-0.73396,-1.73726,1.88594
2024-09-26T15:00,development,0.32,72,0.56,170,0.24,-0.2071,-0.65038,0.68255
2024-09-26T16:00,development,1.53,122,1.62,81,0.09,0.30254,1.0642,1.10637
2024-09-26T17:00,development,2.92,121,2.28,119,-0.64,-0.5088,0.39855,0.64631
2024-09-26T18:00,development,2.52,56,1.97,114,-0.55,-0.28949,-2.21044,2.22931
2024-09-26T19:00,development,1.92,51,1.25,74,-0.67,-0.29054,-0.86375,0.9113
2024-09-26T20:00,development,1.99,72,1.45,94,-0.54,-0.44613,-0.71609,0.8437
2024-09-26T21:00,development,1.53,58,1.66,115,0.13,0.20696,-1.51232,1.52642
2024-09-26T22:00,development,1.2,42,0.98,105,-0.22,0.14365,-1.14542,1.15439
2024-09-26T23:00,development,1.1,5,1.08,68,-0.02,0.90549,-0.69124,1.13917
2024-09-27T00:00,development,0.9,90,1.82,58,0.92,0.64345,0.96445,1.15939
2024-09-27T01:00,development,1.53,79,2.1,62,0.57,0.3523,0.69395,0.77826
2024-09-27T02:00,development,1.2,48,1.98,43,0.78,0.45858,0.64512,0.79151
2024-09-27T03:00,development,0.14,225,2.14,53,2.0,1.80807,1.38688,2.27872
2024-09-27T04:00,development,1.08,22,2.76,48,1.68,1.6465,0.84544,1.85088
2024-09-27T05:00,development,1.52,157,2.23,70,0.71,1.5016,2.16187,2.63221
2024-09-27T06:00,development,1.58,72,2.15,72,0.57,0.5421,0.17614,0.57
2024-09-27T07:00,development,0.76,67,2.28,52,1.52,1.09708,1.10675,1.55836
2024-09-27T08:00,development,0.45,27,2.17,61,1.72,1.69363,0.65108,1.81447
2024-09-27T09:00,development,0.85,45,2.7,56,1.85,1.63736,0.90878,1.87265
2024-09-27T10:00,development,1.61,30,3.01,58,1.4,1.74762,0.20076,1.75912
2024-09-27T11:00,development,1.94,78,3.5,59,1.56,1.10248,1.39928,1.78142
2024-09-27T12:00,development,2.47,58,3.78,61,1.31,1.21138,0.52368,1.31973
2024-09-27T13:00,development,3.62,51,3.95,68,0.33,0.84911,-0.79844,1.16555
2024-09-27T14:00,development,3.66,55,4.43,76,0.77,1.30031,-1.02758,1.65733
2024-09-27T15:00,development,4.61,66,4.9,73,0.29,0.47445,-0.44243,0.64873
2024-09-27T16:00,development,4.59,70,5.36,87,0.77,1.03947,-1.28935,1.65618
2024-09-27T17:00,development,5.7,75,5.68,84,-0.02,0.14311,-0.88155,0.89309
2024-09-27T18:00,development,5.77,76,6.01,87,0.24,0.40316,-1.08135,1.15406
2024-09-27T19:00,development,6.08,63,6.14,80,0.06,0.6294,-1.69406,1.80721
2024-09-27T20:00,development,6.8,73,6.05,82,-0.75,-0.51175,-1.14613,1.25519
2024-09-27T21:00,development,5.89,80,5.73,78,-0.16,-0.19573,0.16855,0.2583
2024-09-27T22:00,development,5.41,71,6.05,83,0.64,0.88965,-1.02401,1.3565
2024-09-27T23:00,development,4.52,72,6.65,91,2.13,2.35021,-1.51282,2.79501
2024-09-28T00:00,development,5.41,71,6.1,98,0.69,0.92538,-2.61028,2.76946
2024-09-28T01:00,development,4.47,63,5.66,99,1.19,1.60752,-2.91476,3.32865
2024-09-28T02:00,development,4.28,53,5.59,100,1.31,2.08692,-3.54646,4.11492
2024-09-28T03:00,development,4.22,76,5.29,100,1.07,1.11499,-1.93951,2.23716
2024-09-28T04:00,development,3.94,66,4.45,91,0.51,0.84995,-1.68021,1.88295
2024-09-28T05:00,development,3.49,63,4.65,88,1.16,1.53755,-1.42214,2.09441
2024-09-28T06:00,development,3.26,50,4.86,94,1.6,2.35086,-2.4345,3.38428
2024-09-28T07:00,development,3.28,59,4.72,95,1.44,1.89053,-2.1007,2.82614
2024-09-28T08:00,development,3.22,60,4.51,94,1.29,1.71041,-1.9246,2.5748
2024-09-28T09:00,development,1.36,36,3.65,109,2.29,2.65175,-2.28859,3.50278
2024-09-28T10:00,development,3.49,77,3.73,122,0.24,-0.23733,-2.76168,2.77186
2024-09-28T11:00,development,3.22,60,3.23,112,0.01,0.2062,-2.81998,2.82751
2024-09-28T12:00,development,2.12,82,2.87,84,0.75,0.75491,0.00495,0.75493
2024-09-28T13:00,development,2.75,80,3.66,95,0.91,0.93785,-0.79652,1.23045
2024-09-28T14:00,development,2.82,113,4.28,136,1.46,0.37731,-1.97691,2.0126
2024-09-28T15:00,development,3.49,117,4.19,163,0.7,-1.88458,-2.42249,3.06922
2024-09-28T16:00,development,4.34,116,2.45,160,-1.89,-3.06282,-0.39972,3.08879
2024-09-28T17:00,development,3.67,101,1.65,177,-2.02,-3.51622,-0.94747,3.64163
2024-09-28T18:00,development,2.6,92,0.81,191,-1.79,-2.75297,-0.70438,2.84165
2024-09-28T19:00,development,1.62,22,0.7,111,-0.92,0.04664,-1.7529,1.75352
2024-09-28T20:00,development,2.3,34,1.45,63,-0.85,0.00582,-1.2485,1.24851
2024-09-28T21:00,development,1.65,14,1.79,36,0.14,0.65296,-0.15285,0.67062
2024-09-28T22:00,development,2.04,349,1.87,34,-0.17,1.43494,-0.45222,1.50451
2024-09-28T23:00,development,2.48,317,2.41,34,-0.07,3.03901,0.18422,3.04459
2024-09-29T00:00,development,1.71,21,2.84,34,1.13,0.9753,0.75804,1.23525
2024-09-29T01:00,development,1.91,43,2.84,34,0.93,0.28549,0.95758,0.99923
2024-09-29T02:00,development,2.47,58,2.94,50,0.47,0.15749,0.58089,0.60187
2024-09-29T03:00,development,0.92,49,3.21,94,2.29,2.50785,-0.82749,2.64084
2024-09-29T04:00,development,2.06,51,2.7,101,0.64,1.04947,-1.81158,2.09362
2024-09-29T05:00,development,1.77,47,2.44,101,0.67,1.10067,-1.67271,2.00236
2024-09-29T06:00,development,1.86,54,2.46,103,0.6,0.89218,-1.64666,1.87282
2024-09-29T07:00,development,1.36,36,2.34,106,0.98,1.44996,-1.74525,2.26899
2024-09-29T08:00,development,1.63,43,2.1,102,0.47,0.94245,-1.62872,1.88174
2024-09-29T09:00,development,1.35,42,2.05,93,0.7,1.14386,-1.11053,1.59427
2024-09-29T10:00,development,1.17,31,1.95,89,0.78,1.34711,-0.96885,1.65933
2024-09-29T11:00,development,1.81,84,1.95,90,0.14,0.14992,-0.1892,0.24139
2024-09-29T12:00,development,0.78,40,1.89,78,1.11,1.34732,-0.20456,1.36277
2024-09-29T13:00,development,1.33,103,2.11,59,0.78,0.51271,1.38592,1.47771
2024-09-29T14:00,development,2.4,73,2.56,69,0.16,0.09483,0.21573,0.23565
2024-09-29T15:00,development,1.77,47,2.64,75,0.87,1.25555,-0.52385,1.36045
2024-09-29T16:00,development,2.77,49,2.84,76,0.07,0.66509,-1.13023,1.3114
2024-09-29T17:00,development,2.56,59,3.18,82,0.62,0.9547,-0.87593,1.29565
2024-09-29T18:00,development,2.66,56,2.71,62,0.05,0.18755,-0.21519,0.28545
2024-09-29T19:00,development,2.8,55,3.02,40,0.22,-0.35241,0.70744,0.79036
2024-09-29T20:00,development,3.4,47,3.19,32,-0.21,-0.79616,0.38648,0.88501
2024-09-29T21:00,development,3.06,52,3.58,42,0.52,-0.01583,0.77653,0.7767
2024-09-29T22:00,development,3.18,44,3.15,47,-0.03,0.09475,-0.13921,0.16839
2024-09-29T23:00,development,2.82,23,3.22,54,0.4,1.50317,-0.70316,1.6595
2024-09-30T00:00,development,1.79,27,3.22,66,1.43,2.12897,-0.28521,2.14799
2024-09-30T01:00,development,1.94,35,2.95,66,1.01,1.58222,-0.38928,1.62941
2024-09-30T02:00,development,3.47,49,3.07,68,-0.4,0.22761,-1.12648,1.14925
2024-09-30T03:00,development,2.83,58,3.33,62,0.5,0.54024,0.06367,0.54398
2024-09-30T04:00,development,2.14,37,3.36,65,1.22,1.75731,-0.28908,1.78093
2024-09-30T05:00,development,2.33,47,3.4,70,1.07,1.4909,-0.42619,1.55062
2024-09-30T06:00,development,1.63,47,3.3,72,1.67,1.94638,-0.0919,1.94855
2024-09-30T07:00,development,2.02,57,3.06,75,1.04,1.26162,-0.30818,1.29871
2024-09-30T08:00,development,1.66,57,2.9,69,1.24,1.31519,0.13517,1.32212
2024-09-30T09:00,development,1.5,53,2.74,69,1.24,1.36006,0.07921,1.36236
2024-09-30T10:00,development,1.7,45,2.67,69,0.97,1.29058,-0.24524,1.31367
2024-09-30T11:00,development,1.49,48,2.66,70,1.17,1.3923,-0.08723,1.39503
2024-09-30T12:00,development,1.97,30,2.46,77,0.49,1.41195,-1.15269,1.82272
2024-09-30T13:00,development,2.42,60,2.38,80,-0.04,0.24806,-0.79672,0.83444
2024-09-30T14:00,development,2.87,61,2.38,68,-0.49,-0.30346,-0.49984,0.58475
2024-09-30T15:00,development,2.14,53,2.67,73,0.53,0.84425,-0.50725,0.98492
2024-09-30T16:00,development,2.4,73,3.24,77,0.84,0.86183,0.02715,0.86226
2024-09-30T17:00,development,2.08,55,3.83,83,1.75,2.09762,-0.72628,2.21979
2024-09-30T18:00,development,2.06,51,3.44,82,1.38,1.8056,-0.81764,1.9821
2024-09-30T19:00,development,2.6,67,3.48,74,0.88,0.95188,-0.05668,0.95356
2024-09-30T20:00,development,3.11,45,3.68,68,0.57,1.21293,-0.82055,1.46442
2024-09-30T21:00,development,2.48,40,3.71,76,1.23,2.00568,-1.00226,2.24216
2024-09-30T22:00,development,2.66,34,3.03,82,0.37,1.51306,-1.78355,2.33888
2024-09-30T23:00,development,2.7,51,2.79,81,0.09,0.65736,-1.26271,1.42357
2024-10-01T00:00,development,2.33,65,2.77,77,0.44,0.58731,-0.36159,0.68969
2024-10-01T01:00,development,1.84,61,2.82,73,0.98,1.08748,-0.06756,1.08958
2024-10-01T02:00,development,2.48,43,2.74,75,0.26,0.95528,-1.10459,1.46037
2024-10-01T03:00,development,2.21,72,2.67,77,0.46,0.49973,-0.08231,0.50647
2024-10-01T04:00,development,1.64,38,2.72,83,1.08,1.69004,-0.96085,1.94409
2024-10-01T05:00,development,2.25,69,2.5,87,0.25,0.39602,-0.67549,0.78302
2024-10-01T06:00,development,2.64,61,2.1,91,-0.54,-0.20932,-1.31655,1.33308
2024-10-01T07:00,development,2.56,51,2.26,85,-0.3,0.26191,-1.41409,1.43814
2024-10-01T08:00,development,1.42,39,2.2,78,0.78,1.25829,-0.64614,1.41449
2024-10-01T09:00,development,2.38,68,2.21,85,-0.17,-0.00511,-0.69895,0.69897
2024-10-01T10:00,development,1.93,69,2.2,87,0.27,0.39517,-0.57651,0.69895
2024-10-01T11:00,development,1.63,43,2.36,84,0.73,1.23541,-0.94542,1.55566
2024-10-01T12:00,development,1.13,45,2.4,86,1.27,1.59512,-0.63162,1.71562
2024-10-01T13:00,development,1.84,68,1.92,81,0.08,0.19034,-0.38892,0.433
2024-10-01T14:00,development,1.43,65,2.45,107,1.02,1.04693,-1.32065,1.68528
2024-10-01T15:00,development,1.9,90,2.28,105,0.38,0.30231,-0.59011,0.66304
2024-10-01T16:00,development,2.3,92,2.8,114,0.5,0.25933,-1.05859,1.0899
2024-10-01T17:00,development,2.52,83,2.38,129,-0.14,-0.65161,-1.80489,1.91891
2024-10-01T18:00,development,1.0,90,1.5,111,0.5,0.40037,-0.53755,0.67027
2024-10-01T19:00,development,1.04,107,1.63,67,0.59,0.50587,0.94096,1.06832
2024-10-01T20:00,development,0.82,166,2.44,43,1.62,1.4657,2.58015,2.96739
2024-10-01T21:00,development,1.32,81,2.83,46,1.51,0.73198,1.75939,1.90558
2024-10-01T22:00,development,0.76,23,2.54,54,1.78,1.75795,0.79339,1.92869
2024-10-01T23:00,development,0.67,333,1.93,37,1.26,1.46568,0.94439,1.74358
2024-10-02T00:00,development,0.81,300,1.9,35,1.09,1.79128,1.15139,2.1294
2024-10-02T01:00,development,0.64,141,1.97,54,1.33,1.191,1.65531,2.03925
2024-10-02T02:00,development,0.81,120,1.21,60,0.4,0.34641,1.01,1.06775
2024-10-02T03:00,development,1.3,293,0.9,34,-0.4,1.69993,0.23818,1.71654
2024-10-02T04:00,development,0.45,297,1.11,288,0.66,-0.65472,0.13871,0.66925
2024-10-02T05:00,development,0.22,243,1.31,263,1.09,-1.10421,-0.05977,1.10583
2024-10-02T06:00,development,1.17,211,1.2,225,0.03,-0.24593,0.15436,0.29036
2024-10-02T07:00,development,1.36,197,1.77,225,0.41,-0.85395,0.049,0.85536
2024-10-02T08:00,development,1.22,261,2.27,248,1.05,-0.89973,-0.65951,1.11555
2024-10-02T09:00,development,0.71,225,3.96,299,3.25,-2.96145,2.42189,3.82567
2024-10-02T10:00,development,3.18,283,4.56,316,1.38,-0.06915,2.56485,2.56578
2024-10-02T11:00,development,3.18,316,4.14,318,0.96,-0.56119,0.78912,0.96832
2024-10-02T12:00,development,2.83,315,4.15,324,1.32,-0.4382,1.35631,1.42534
2024-10-02T13:00,development,2.41,312,3.72,331,1.31,-0.01251,1.64098,1.64103
2024-10-02T14:00,development,3.04,314,3.58,335,0.54,0.67382,1.13282,1.31807
2024-10-02T15:00,development,2.12,341,3.13,335,1.01,-0.63259,0.83224,1.04537
2024-10-02T16:00,development,2.47,346,2.74,329,0.27,-0.81366,-0.04799,0.81507
2024-10-02T17:00,development,1.34,333,2.06,321,0.72,-0.68805,0.40697,0.7994
2024-10-02T18:00,development,1.35,312,2.09,316,0.74,-0.44859,0.60009,0.74923
2024-10-02T19:00,development,2.05,313,2.55,317,0.5,-0.23982,0.46686,0.52485
2024-10-02T20:00,development,2.83,315,2.65,313,-0.18,0.06302,-0.19382,0.20381
2024-10-02T21:00,development,2.11,301,2.83,316,0.72,-0.15726,0.949,0.96194
2024-10-02T22:00,development,1.58,305,2.06,321,0.48,-0.00214,0.69467,0.69467
2024-10-02T23:00,development,2.33,350,1.66,335,-0.67,-0.29695,-0.79013,0.84409
2024-10-03T00:00,development,1.5,37,2.01,6,0.51,-0.69262,0.80104,1.05895
2024-10-03T01:00,development,0.71,315,1.99,25,1.28,1.34306,1.30151,1.87022
2024-10-03T02:00,development,0.82,104,1.91,49,1.09,0.64585,1.45145,1.58866
2024-10-03T03:00,development,1.0,143,1.54,65,0.54,0.7939,1.44947,1.65264
2024-10-03T04:00,development,0.22,63,1.17,80,0.95,0.9562,0.10329,0.96177
2024-10-03T05:00,development,0.45,297,1.5,94,1.05,1.8973,-0.30893,1.92229
2024-10-03T06:00,development,0.63,108,1.39,69,0.76,0.69851,0.69281,0.98382
2024-10-03T07:00,development,0.3,90,1.38,71,1.08,1.00482,0.44928,1.10069
2024-10-03T08:00,development,1.17,70,1.35,68,0.18,0.15226,0.10556,0.18527
2024-10-03T09:00,development,1.06,49,1.43,61,0.37,0.45071,-0.00214,0.45072
2024-10-03T10:00,development,0.8,90,1.27,101,0.47,0.44667,-0.24233,0.50817
2024-10-03T11:00,development,0.72,56,1.35,129,0.63,0.45224,-1.2522,1.33136
2024-10-03T12:00,development,0.98,24,1.57,158,0.59,0.18953,-2.35095,2.35858
2024-10-03T13:00,development,0.82,104,1.24,166,0.42,-0.49566,-1.00479,1.12039
2024-10-03T14:00,development,1.06,131,0.9,183,-0.16,-0.84709,-0.20334,0.87116
2024-10-03T15:00,development,1.28,141,0.86,190,-0.42,-0.95487,0.14781,0.96624
2024-10-03T16:00,development,1.72,126,0.85,183,-0.87,-1.43599,0.16216,1.44512
2024-10-03T17:00,development,1.26,108,1.18,168,-0.08,-0.953,-0.76485,1.22197
2024-10-03T18:00,development,1.04,107,1.12,170,0.08,-0.80007,-0.79892,1.13066
2024-10-03T19:00,development,0.5,127,1.0,162,0.5,-0.0903,-0.65015,0.65639
2024-10-03T20:00,development,0.76,113,0.94,148,0.18,-0.20146,-0.50021,0.53925
2024-10-03T21:00,development,0.22,27,0.89,142,0.67,0.44806,-0.89735,1.00299
2024-10-03T22:00,development,0.6,270,0.68,126,0.08,1.15013,-0.39969,1.2176
2024-10-03T23:00,development,0.42,315,1.7,87,1.28,1.99466,-0.20801,2.00547
2024-10-04T00:00,development,1.06,49,1.54,77,0.48,0.70054,-0.349,0.78266
2024-10-04T01:00,development,1.39,21,2.14,79,0.75,1.60255,-0.88935,1.83279
2024-10-04T02:00,development,1.4,356,2.35,89,0.95,2.4473,-1.35558,2.79765
2024-10-04T03:00,development,0.92,131,1.93,111,1.01,1.10748,-0.08808,1.11097
2024-10-04T04:00,development,0.14,45,1.81,138,1.67,1.11213,-1.44409,1.8227
2024-10-04T05:00,development,1.22,35,1.35,129,0.13,0.34938,-1.84895,1.88167
2024-10-04T06:00,development,0.94,32,1.35,92,0.41,0.85105,-0.84428,1.19879
2024-10-04T07:00,development,1.12,333,1.07,79,-0.05,1.55881,-0.79376,1.74927
2024-10-04T08:00,development,0.6,360,0.79,55,0.19,0.64713,-0.14687,0.66359
2024-10-04T09:00,development,0.85,315,0.36,34,-0.49,0.80235,-0.30259,0.85751
2024-10-04T10:00,development,0.81,330,0.63,61,-0.18,0.95601,-0.39605,1.0348
2024-10-04T11:00,development,0.14,45,1.1,95,0.96,0.99682,-0.19487,1.01569
2024-10-04T12:00,development,0.45,333,1.07,127,0.62,1.05884,-1.0449,1.48759
2024-10-04T13:00,development,0.0,270,0.65,157,0.65,0.25398,-0.59833,0.65
2024-10-04T14:00,development,0.5,307,0.39,140,-0.11,0.65,-0.59966,0.88437
2024-10-04T15:00,development,0.63,252,0.3,189,-0.33,0.55224,-0.10163,0.56151
2024-10-04T16:00,development,0.94,238,0.49,204,-0.45,0.59786,0.05049,0.59999
2024-10-04T17:00,development,0.28,315,0.62,256,0.34,-0.40359,-0.34798,0.5329
2024-10-04T18:00,development,1.08,292,0.75,266,-0.33,0.25319,-0.45689,0.52235
2024-10-04T19:00,development,1.24,284,0.95,252,-0.29,0.29966,-0.59355,0.66491
2024-10-04T20:00,development,2.06,293,1.2,287,-0.86,0.74867,-0.45406,0.8756
2024-10-04T21:00,development,2.0,270,1.74,319,-0.26,0.85846,1.31319,1.56889
2024-10-04T22:00,development,1.84,331,1.47,350,-0.37,0.63679,-0.16163,0.65698
2024-10-04T23:00,development,1.25,61,1.29,54,0.04,-0.04964,0.15223,0.16012
2024-10-05T00:00,development,1.33,103,1.32,119,-0.01,-0.14141,-0.34076,0.36894
2024-10-05T01:00,development,1.42,309,3.52,305,2.1,-1.77987,1.12535,2.10579
2024-10-05T02:00,development,0.9,180,3.91,356,3.01,-0.27275,4.80048,4.80822
2024-10-05T03:00,development,0.82,194,2.6,1,1.78,0.24375,3.39525,3.40399
2024-10-05T04:00,development,1.97,210,2.17,352,0.2,0.68299,3.85495,3.91499
2024-10-05T05:00,development,1.7,208,2.31,354,0.61,0.55664,3.79836,3.83893
2024-10-05T06:00,development,1.63,227,2.16,355,0.53,1.00385,3.26344,3.41434
2024-10-05T07:00,development,1.6,266,2.0,338,0.4,0.84689,1.96598,2.14063
2024-10-05T08:00,development,0.72,326,2.07,345,1.35,-0.13314,1.40256,1.40886
2024-10-05T09:00,development,1.2,180,2.41,354,1.21,-0.25191,3.5968,3.60561
2024-10-05T10:00,development,1.57,207,2.4,4,0.83,0.88018,3.79303,3.89382
2024-10-05T11:00,development,2.08,215,2.2,17,0.12,1.83626,3.80771,4.22735
2024-10-05T12:00,development,1.44,236,2.27,22,0.83,2.04417,2.90995,3.55618
2024-10-05T13:00,development,1.71,21,2.13,30,0.42,0.45219,0.24821,0.51583
2024-10-05T14:00,development,2.97,42,2.02,40,-0.95,-0.68889,-0.65973,0.95384
2024-10-05T15:00,development,2.0,53,1.95,48,-0.05,-0.14814,0.10117,0.17939
2024-10-05T16:00,development,2.01,27,1.74,41,-0.27,0.22902,-0.47773,0.52979
2024-10-05T17:00,development,1.33,13,1.31,40,-0.02,0.54287,-0.29239,0.6166
2024-10-05T18:00,development,0.95,342,0.63,29,-0.32,0.599,-0.35249,0.69502
2024-10-05T19:00,development,1.27,315,0.54,338,-0.73,0.69574,-0.39735,0.80121
2024-10-05T20:00,development,1.34,297,0.49,315,-0.85,0.84747,-0.26186,0.887
2024-10-05T21:00,development,1.5,307,0.53,319,-0.97,0.85024,-0.50273,0.98775
2024-10-05T22:00,development,1.35,318,0.78,345,-0.57,0.70145,-0.24982,0.74461
2024-10-05T23:00,development,1.3,4,1.42,10,0.12,0.1559,0.10159,0.18608
2024-10-06T00:00,development,2.12,45,2.34,40,0.22,0.00506,0.29348,0.29352
2024-10-06T01:00,development,1.12,10,1.84,68,0.72,1.51153,-0.41371,1.56713
2024-10-06T02:00,development,0.5,360,1.63,72,1.13,1.55022,0.0037,1.55023
2024-10-06T03:00,development,0.61,189,1.51,82,0.9,1.59073,0.81264,1.78628
2024-10-06T04:00,development,0.42,225,1.33,110,0.91,1.54678,-0.1579,1.55481
2024-10-06T05:00,development,0.45,63,1.53,128,1.08,0.8047,-1.14626,1.40052
2024-10-06T06:00,development,1.04,17,1.81,138,0.77,0.90706,-2.33965,2.50933
2024-10-06T07:00,development,1.0,354,1.79,144,0.79,1.15666,-2.44266,2.70268
2024-10-06T08:00,development,1.7,87,1.45,153,-0.25,-1.03938,-1.38093,1.72838
2024-10-06T09:00,development,1.7,45,1.98,164,0.28,-0.65632,-3.10538,3.17398
2024-10-06T10:00,development,1.7,28,2.1,168,0.4,-0.36149,-3.55512,3.57345
2024-10-06T11:00,development,2.1,25,2.11,166,0.01,-0.37704,-3.95057,3.96852
2024-10-06T12:00,development,1.84,41,2.55,164,0.71,-0.50427,-3.83988,3.87285
2024-10-06T13:00,development,1.39,69,2.59,170,1.2,-0.84793,-3.04878,3.1645
2024-10-06T14:00,development,1.86,144,2.43,172,0.57,-0.75509,-0.90158,1.17601
2024-10-06T15:00,development,2.33,170,3.12,174,0.79,-0.07847,-0.80831,0.81211
2024-10-06T16:00,development,2.91,184,3.93,187,1.02,-0.27596,-0.99779,1.03525
2024-10-06T17:00,development,3.71,194,4.27,198,0.56,-0.42197,-0.46121,0.62512
2024-10-06T18:00,development,4.7,209,4.54,207,-0.16,0.21749,0.06554,0.22715
2024-10-06T19:00,development,5.4,219,4.97,210,-0.43,0.91333,-0.10756,0.91964
2024-10-06T20:00,development,5.25,211,5.2,213,-0.05,-0.12817,0.13904,0.18911
2024-10-06T21:00,development,5.37,207,5.41,205,0.04,0.15156,-0.11842,0.19234
2024-10-06T22:00,development,5.61,211,5.38,198,-0.23,1.22685,-0.30798,1.26492
2024-10-06T23:00,development,4.48,204,4.65,207,0.17,-0.28888,-0.0505,0.29326
2024-10-07T00:00,development,6.96,192,4.78,304,-2.18,-2.51573,9.48085,9.80895
2024-10-07T01:00,development,3.8,305,4.54,253,0.74,-1.22885,-3.50696,3.71602
2024-10-07T02:00,development,5.44,343,2.74,261,-2.7,-1.11576,-5.63093,5.74041
2024-10-07T03:00,development,1.41,135,2.39,286,0.98,-3.29444,1.65579,3.68713
2024-10-07T04:00,development,0.57,135,2.44,255,1.87,-2.75991,-0.22847,2.76935
2024-10-07T05:00,development,3.02,304,3.28,282,0.26,-0.70463,-1.00681,1.22889
2024-10-07T06:00,development,3.44,324,4.21,318,0.77,-0.79506,0.34562,0.86693
2024-10-07T07:00,development,1.79,297,3.44,310,1.65,-1.04029,1.39855,1.74303
2024-10-07T08:00,development,1.41,262,3.45,304,2.04,-1.4639,2.12545,2.5808
2024-10-07T09:00,development,1.4,274,3.66,310,2.26,-1.40713,2.25494,2.65797
2024-10-07T10:00,development,1.5,266,3.26,310,1.76,-1.00096,2.20012,2.41712
2024-10-07T11:00,development,1.4,270,3.33,311,1.93,-1.11318,2.18468,2.45194
2024-10-07T12:00,development,1.51,262,3.47,311,1.96,-1.12354,2.48668,2.72872
2024-10-07T13:00,development,2.21,275,2.78,300,0.57,-0.20596,1.19739,1.21497
2024-10-07T14:00,development,2.53,288,2.62,310,0.09,0.39914,0.90229,0.98663
2024-10-07T15:00,development,3.32,316,4.09,325,0.77,-0.03966,0.96212,0.96294
2024-10-07T16:00,development,3.58,306,3.97,318,0.39,0.23983,0.84601,0.87935
2024-10-07T17:00,development,4.75,300,3.58,312,-1.17,1.45316,0.02049,1.45331
2024-10-07T18:00,development,4.42,308,4.28,307,-0.14,0.06485,-0.14546,0.15926
2024-10-07T19:00,development,3.74,304,3.97,311,0.23,0.1044,0.51317,0.52369
2024-10-07T20:00,development,3.28,301,3.23,311,-0.05,0.3738,0.42975,0.56957
2024-10-07T21:00,development,3.42,308,3.61,318,0.19,0.27944,0.57719,0.64127
2024-10-07T22:00,development,3.19,302,2.18,323,-1.01,1.39332,0.05058,1.39423
2024-10-07T23:00,development,1.61,300,2.47,328,0.86,0.0854,1.28968,1.2925
2024-10-08T00:00,development,1.77,317,3.0,332,1.23,-0.20128,1.35435,1.36922
2024-10-08T01:00,development,0.9,270,1.97,297,1.07,-0.85528,0.89436,1.23749
2024-10-08T02:00,development,0.82,284,2.2,291,1.38,-1.25823,0.59003,1.38971
2024-10-08T03:00,development,0.51,281,1.94,288,1.43,-1.34442,0.50218,1.43515
2024-10-08T04:00,development,0.36,304,1.66,286,1.3,-1.29724,0.25625,1.32231
2024-10-08T05:00,development,0.5,233,1.26,252,0.76,-0.79901,-0.08845,0.80389
2024-10-08T06:00,development,0.92,257,2.07,250,1.15,-1.04874,-0.50103,1.16228
2024-10-08T07:00,development,0.78,230,2.01,243,1.23,-1.19341,-0.41115,1.26225
2024-10-08T08:00,development,0.64,231,1.99,242,1.35,-1.25969,-0.53148,1.36722
2024-10-08T09:00,development,0.82,284,2.0,248,1.18,-1.05873,-0.94759,1.42085
2024-10-08T10:00,development,0.85,315,1.63,252,0.78,-0.94918,-1.10474,1.4565
2024-10-08T11:00,development,1.34,27,1.23,249,-0.11,-1.75665,-1.63474,2.39963
2024-10-08T12:00,development,1.75,31,1.49,250,-0.26,-2.30146,-2.00965,3.05539
2024-10-08T13:00,development,1.24,14,1.24,227,0.0,-1.20686,-2.04884,2.37787
2024-10-08T14:00,development,1.96,255,1.59,229,-0.37,0.69323,-0.53585,0.87618
2024-10-08T15:00,development,3.14,261,2.39,244,-0.75,0.95322,-0.5565,1.10378
2024-10-08T16:00,development,2.77,257,3.2,268,0.43,-0.49905,0.51144,0.71457
2024-10-08T17:00,development,3.4,268,3.55,284,0.15,-0.04662,0.97748,0.97859
2024-10-08T18:00,development,2.82,253,3.99,290,1.17,-1.05259,2.18915,2.42906
2024-10-08T19:00,development,2.69,248,3.93,285,1.24,-1.30196,2.02485,2.40731
2024-10-08T20:00,development,3.2,270,3.98,288,0.78,-0.5852,1.22989,1.36202
2024-10-08T21:00,development,3.79,282,5.03,304,1.24,-0.46288,2.02475,2.07699
2024-10-08T22:00,development,2.2,273,3.3,292,1.1,-0.86272,1.12106,1.41459
2024-10-08T23:00,development,2.26,315,2.38,311,0.12,-0.19815,-0.03664,0.20151
2024-10-09T00:00,development,1.02,11,2.69,345,1.67,-0.89085,1.59708,1.82874
2024-10-09T01:00,development,0.42,315,1.92,15,1.5,0.79392,1.55759,1.74826
2024-10-09T02:00,development,1.9,177,0.78,165,-1.12,0.10244,1.14397,1.14855
2024-10-09T03:00,development,1.2,132,2.58,189,1.38,-1.29537,-1.74528,2.17348
2024-10-09T04:00,development,0.92,103,2.73,194,1.81,-1.55687,-2.44195,2.89603
2024-10-09T05:00,development,0.63,18,3.23,215,2.6,-2.04733,-3.24503,3.8369
2024-10-09T06:00,development,2.34,200,3.98,243,1.64,-2.74588,0.392,2.77372
2024-10-09T07:00,development,2.92,218,4.07,249,1.15,-2.00194,0.84243,2.17197
2024-10-09T08:00,development,3.05,229,4.06,251,1.01,-1.53694,0.67917,1.68032
2024-10-09T09:00,development,2.05,227,3.81,260,1.76,-2.25284,0.7365,2.37017
2024-10-09T10:00,development,1.49,228,3.5,271,2.01,-2.39218,1.05809,2.61574
2024-10-09T11:00,development,1.3,247,3.08,278,1.78,-1.85337,0.9366,2.07658
2024-10-09T12:00,development,1.08,248,2.85,288,1.77,-1.70915,1.28527,2.13849
2024-10-09T13:00,development,1.26,252,2.02,279,0.76,-0.7968,0.70536,1.06415
2024-10-09T14:00,development,1.7,270,2.32,284,0.62,-0.55109,0.56126,0.78658
2024-10-09T15:00,development,1.2,265,2.46,283,1.26,-1.20152,0.65797,1.36988
2024-10-09T16:00,development,3.67,281,4.47,298,0.8,-0.3442,1.39827,1.44001
2024-10-09T17:00,development,4.48,299,4.65,304,0.17,0.06327,0.4283,0.43295
2024-10-09T18:00,development,4.7,297,4.62,306,-0.08,0.45007,0.58181,0.73558
2024-10-09T19:00,development,5.0,290,4.59,299,-0.41,0.68396,0.51518,0.85627
2024-10-09T20:00,development,4.85,292,4.92,303,0.07,0.37058,0.86278,0.939
2024-10-09T21:00,development,4.66,293,4.85,307,0.19,0.41617,1.098,1.17422
2024-10-09T22:00,development,4.19,310,4.04,319,-0.15,0.55925,0.35575,0.66281
2024-10-09T23:00,development,3.14,323,3.56,332,0.42,0.21838,0.63558,0.67205
2024-10-10T00:00,development,1.73,350,2.91,333,1.18,-1.0207,0.88911,1.35364
2024-10-10T01:00,development,1.42,309,2.59,326,1.17,-0.34476,1.25357,1.30012
2024-10-10T02:00,development,0.54,248,2.2,300,1.66,-1.40458,1.30229,1.91541
2024-10-10T03:00,development,0.94,238,2.07,285,1.13,-1.2023,1.03388,1.5857
2024-10-10T04:00,development,0.61,261,2.07,307,1.46,-1.05069,1.34118,1.70373
2024-10-10T05:00,development,1.52,247,2.53,338,1.01,0.45141,2.93969,2.97414
2024-10-10T06:00,development,1.03,299,2.6,358,1.57,0.81012,2.09906,2.24997
2024-10-10T07:00,development,0.67,243,2.47,7,1.8,0.89799,2.75576,2.89838
2024-10-10T08:00,development,1.2,228,2.35,358,1.15,0.80976,3.15153,3.25389
2024-10-10T09:00,development,1.98,221,2.32,346,0.34,0.73774,3.74541,3.81738
2024-10-10T10:00,development,0.92,257,2.23,340,1.31,0.13372,2.30247,2.30635
2024-10-10T11:00,development,0.76,203,2.23,344,1.47,-0.31772,2.8432,2.86089
2024-10-10T12:00,development,0.5,270,2.0,347,1.5,0.0501,1.94874,1.94938
2024-10-10T13:00,development,0.73,254,1.44,346,0.71,0.35335,1.59844,1.63703
2024-10-10T14:00,development,0.71,352,1.48,12,0.77,0.40652,0.74457,0.84832
2024-10-10T15:00,development,2.6,2,2.22,14,-0.38,0.44633,-0.44436,0.62981
2024-10-10T16:00,development,3.0,360,1.9,2,-1.1,0.06631,-1.10116,1.10315
2024-10-10T17:00,development,2.12,352,2.71,356,0.59,0.10601,0.60403,0.61326
2024-10-10T18:00,development,2.18,344,2.53,335,0.35,-0.46833,0.19741,0.50824
2024-10-10T19:00,development,2.69,338,3.04,333,0.35,-0.37244,0.21454,0.42981
2024-10-10T20:00,development,3.05,337,3.22,334,0.17,-0.21983,0.08658,0.23626
2024-10-10T21:00,development,3.4,332,2.88,334,-0.52,0.33369,-0.41349,0.53135
2024-10-10T22:00,development,2.72,324,2.02,327,-0.7,0.49861,-0.50641,0.71068
2024-10-10T23:00,development,2.08,305,1.7,336,-0.38,1.01238,0.35999,1.07448
2024-10-11T00:00,development,1.44,326,3.01,354,1.57,0.49061,1.7997,1.86537
2024-10-11T01:00,development,0.71,315,2.31,342,1.6,-0.21178,1.69489,1.70808
2024-10-11T02:00,development,0.81,210,2.25,357,1.44,0.28724,2.9484,2.96236
2024-10-11T03:00,development,1.77,227,1.62,9,-0.15,1.54792,2.80719,3.20568
2024-10-11T04:00,development,0.81,300,1.25,2,0.44,0.7451,0.84424,1.12602
2024-10-11T05:00,development,1.35,228,1.23,339,-0.12,0.56245,2.05163,2.12733
2024-10-11T06:00,development,1.03,299,0.92,311,-0.11,0.20653,0.10422,0.23133
2024-10-11T07:00,development,1.08,112,0.29,301,-0.79,-1.24994,0.55394,1.36718
2024-10-11T08:00,development,0.51,79,0.74,222,0.23,-0.99579,-0.64724,1.18765
2024-10-11T09:00,development,0.58,121,1.28,219,0.7,-1.30269,-0.69602,1.47697
2024-10-11T10:00,development,0.41,76,1.38,224,0.97,-1.35645,-1.09188,1.74131
2024-10-11T11:00,development,0.2,360,1.34,225,1.14,-0.94752,-1.14752,1.48816
2024-10-11T12:00,development,0.1,180,1.52,221,1.42,-0.99721,-1.04716,1.44602
2024-10-11T13:00,development,0.58,121,1.55,201,0.97,-1.05263,-1.14833,1.55778
2024-10-11T14:00,development,0.71,225,1.39,210,0.68,-0.19295,-0.70173,0.72777
2024-10-11T15:00,development,1.63,227,2.19,227,0.56,-0.40956,-0.38192,0.56
2024-10-11T16:00,development,2.13,221,2.48,236,0.35,-0.65861,0.22073,0.69461
2024-10-11T17:00,development,2.44,235,2.66,242,0.22,-0.34991,0.15073,0.38099
2024-10-11T18:00,development,2.64,245,2.6,247,-0.04,-0.00066,0.09981,0.09981
2024-10-11T19:00,development,3.23,254,3.0,242,-0.23,0.45603,-0.51811,0.69022
2024-10-11T20:00,development,3.19,238,3.33,244,0.14,-0.28771,0.23067,0.36876
2024-10-11T21:00,development,3.28,232,3.36,242,0.08,-0.38203,0.44195,0.58418
2024-10-11T22:00,development,2.13,221,2.75,233,0.62,-0.79884,-0.04746,0.80025
2024-10-11T23:00,development,2.26,193,2.9,226,0.64,-1.5777,0.18757,1.58881
2024-10-12T00:00,development,2.72,197,3.09,220,0.37,-1.19096,0.23407,1.21375
2024-10-12T01:00,development,2.56,201,3.29,222,0.73,-1.28402,-0.05498,1.28519
2024-10-12T02:00,development,2.3,214,3.35,218,1.05,-0.77632,-0.73305,1.06773
2024-10-12T03:00,development,0.78,220,3.03,218,2.25,-1.36408,-1.79016,2.25064
2024-10-12T04:00,development,1.1,180,3.15,213,2.05,-1.71561,-1.54181,2.30662
2024-10-12T05:00,development,1.92,189,3.04,216,1.12,-1.48651,-0.56305,1.58957
2024-10-12T06:00,development,3.4,47,2.88,214,-0.52,-4.09708,-4.70642,6.23991
2024-10-12T07:00,development,2.95,62,2.85,211,-0.1,-4.07255,-3.82787,5.58912
2024-10-12T08:00,development,2.77,49,2.98,209,0.21,-3.53528,-4.42365,5.66276
2024-10-12T09:00,development,2.77,26,2.92,211,0.15,-2.7182,-4.99259,5.68459
2024-10-12T10:00,development,1.71,7,1.37,246,-0.34,-1.45995,-2.25448,2.68592
2024-10-12T11:00,development,1.82,81,2.59,214,0.77,-3.2459,-2.43192,4.05587
2024-10-12T12:00,development,1.02,169,2.7,214,1.68,-1.70445,-1.23714,2.1061
2024-10-12T13:00,development,0.7,90,2.4,211,1.7,-1.93609,-2.0572,2.82498
2024-10-12T14:00,development,2.08,235,1.64,218,-0.44,0.69415,-0.0993,0.70122
2024-10-12T15:00,development,1.5,270,1.59,224,0.09,0.39549,-1.14375,1.2102
2024-10-12T16:00,development,1.72,234,1.72,240,0.0,-0.09805,0.15099,0.18004
2024-10-12T17:00,development,1.41,225,1.62,236,0.21,-0.34602,0.09113,0.35782
2024-10-12T18:00,development,0.61,189,1.7,242,1.09,-1.40559,-0.19561,1.41913
2024-10-12T19:00,development,0.78,140,1.99,258,1.21,-2.44789,0.18377,2.45478
2024-10-12T20:00,development,1.22,261,2.21,274,0.99,-0.99964,0.34501,1.0575
2024-10-12T21:00,development,1.87,286,1.56,277,-0.31,0.24919,-0.32533,0.40979
2024-10-12T22:00,development,1.39,120,0.6,246,-0.79,-1.7519,0.45096,1.80901
2024-10-12T23:00,development,1.3,113,1.8,161,0.5,-0.61063,-1.19398,1.34107
2024-10-13T00:00,development,1.36,73,1.71,187,0.35,-1.50897,-2.09488,2.58177
2024-10-13T01:00,development,1.36,36,1.9,125,0.54,0.757,-2.19006,2.3172
2024-10-13T02:00,development,1.49,132,2.51,149,1.02,0.18546,-1.15449,1.16929
2024-10-13T03:00,development,1.2,85,3.19,189,1.99,-1.69446,-3.25531,3.66991
2024-10-13T04:00,development,1.92,28,3.37,212,1.45,-2.68721,-4.55318,5.28702
2024-10-13T05:00,development,1.84,68,3.94,204,2.1,-3.30856,-4.28865,5.41655
2024-10-13T06:00,development,1.08,158,4.59,196,3.51,-1.66975,-3.41083,3.79761
2024-10-13T07:00,development,2.72,197,4.59,209,1.87,-1.43003,-1.41336,2.01061
2024-10-13T08:00,development,0.67,117,1.16,335,0.49,-1.08721,1.35549,1.73764
2024-10-13T09:00,development,3.79,348,2.83,193,-0.96,0.15137,-6.46465,6.46642
2024-10-13T10:00,development,1.12,27,3.51,206,2.39,-2.04715,-4.15269,4.62987
2024-10-13T11:00,development,2.1,177,3.29,208,1.19,-1.65447,-0.80778,1.84113
2024-10-13T12:00,development,2.2,51,4.2,207,2.0,-3.61648,-5.12673,6.27394
2024-10-13T13:00,development,1.64,52,4.27,186,2.63,-1.73867,-5.25629,5.53639
2024-10-13T14:00,development,1.2,175,5.89,213,4.69,-3.31251,-3.74434,4.99928
2024-10-13T15:00,development,4.52,205,5.25,217,0.73,-1.24929,-0.09633,1.253
2024-10-13T16:00,development,5.52,228,6.54,225,1.02,-0.52232,-0.93088,1.0674
2024-10-13T17:00,development,5.66,226,7.35,235,1.69,-1.9493,-0.28402,1.96989
2024-10-13T18:00,development,5.81,228,7.45,242,1.64,-2.26029,0.39009,2.2937
2024-10-13T19:00,development,6.54,231,6.35,245,-0.19,-0.67252,1.43213,1.58217
2024-10-13T20:00,development,5.6,235,6.54,240,0.94,-1.07655,-0.05797,1.07811
2024-10-13T21:00,development,4.94,238,5.88,256,0.94,-1.51598,1.1953,1.93053
2024-10-13T22:00,development,4.6,224,5.73,254,1.13,-2.3126,1.72956,2.88782
2024-10-13T23:00,development,4.46,286,5.6,259,1.14,-1.20989,-2.29787,2.59693
2024-10-14T00:00,development,4.9,290,4.74,298,-0.16,0.41932,0.5494,0.69114
2024-10-14T01:00,development,3.42,255,4.03,300,0.61,-0.18662,2.90016,2.90616
2024-10-14T02:00,development,2.24,260,3.43,286,1.19,-1.09116,1.33441,1.72374
2024-10-14T03:00,development,2.69,239,3.4,272,0.71,-1.09215,1.50411,1.8588
2024-10-14T04:00,development,1.7,230,2.64,233,0.94,-0.80612,-0.49605,0.94652
2024-10-14T05:00,development,2.55,228,3.13,241,0.58,-0.84254,0.18883,0.86344
2024-10-14T06:00,development,3.55,248,5.55,271,2.0,-2.25765,1.42671,2.67068
2024-10-14T07:00,development,6.1,271,6.14,263,0.04,0.00484,-0.85474,0.85475
2024-10-14T08:00,development,4.78,250,6.42,266,1.64,-1.91263,1.18702,2.25104
2024-10-14T09:00,development,4.66,247,6.59,258,1.93,-2.15644,0.45067,2.20303
2024-10-14T10:00,development,4.34,241,6.87,259,2.53,-2.94793,0.79322,3.05278
2024-10-14T11:00,development,4.07,245,7.09,261,3.02,-3.31404,0.61094,3.36988
2024-10-14T12:00,development,5.11,247,7.73,265,2.62,-2.99681,1.32292,3.27582
2024-10-14T13:00,development,6.54,247,8.13,262,1.59,-2.03078,1.4239,2.48023
2024-10-14T14:00,development,5.79,252,8.85,278,3.06,-3.25726,3.02089,4.44246
2024-10-14T15:00,development,6.21,255,7.31,289,1.1,-0.91334,3.98717,4.09044
2024-10-14T16:00,development,4.68,286,4.39,313,-0.29,1.28806,1.70399,2.13604
2024-10-14T17:00,development,4.64,323,4.31,316,-0.33,-0.20156,-0.60531,0.63799
2024-10-14T18:00,development,4.6,312,4.77,315,0.17,0.04557,0.2949,0.2984
2024-10-14T19:00,development,5.32,319,5.04,321,-0.28,0.31846,-0.09824,0.33327
2024-10-14T20:00,development,3.88,305,4.9,328,1.02,0.58171,1.92996,2.01572
2024-10-14T21:00,development,3.19,302,4.27,325,1.08,0.2561,1.80734,1.82539
2024-10-14T22:00,development,1.92,309,3.08,313,1.16,-0.76045,0.89226,1.17235
2024-10-14T23:00,development,1.4,360,2.48,317,1.08,-1.69136,0.41376,1.74123
2024-10-15T00:00,development,1.66,295,2.91,336,1.25,0.32087,1.95687,1.983
2024-10-15T01:00,development,1.33,347,1.85,341,0.52,-0.30312,0.4533,0.54531
2024-10-15T02:00,development,1.0,127,1.42,321,0.42,-1.69227,1.70536,2.40251
2024-10-15T03:00,development,0.45,117,1.16,277,0.71,-1.55231,0.34566,1.59033
2024-10-15T04:00,development,1.12,190,2.1,252,0.98,-1.80273,0.45405,1.85903
2024-10-15T05:00,development,0.9,270,2.17,255,1.27,-1.19606,-0.56164,1.32136
2024-10-15T06:00,development,1.7,225,2.21,257,0.51,-0.95128,0.70494,1.184
2024-10-15T07:00,development,1.17,200,2.43,262,1.26,-2.00619,0.76125,2.14576
2024-10-15T08:00,development,0.14,225,2.57,262,2.43,-2.44599,-0.25868,2.45963
2024-10-15T09:00,development,1.12,260,2.63,261,1.51,-1.49464,-0.21694,1.5103
2024-10-15T10:00,development,1.06,229,2.65,267,1.59,-1.84638,0.55673,1.92849
2024-10-15T11:00,development,1.58,215,2.5,272,0.92,-1.59223,1.38151,2.10802
2024-10-15T12:00,development,1.63,223,2.45,282,0.82,-1.2848,1.70149,2.13209
2024-10-15T13:00,development,2.0,267,1.78,302,-0.22,0.48773,1.04793,1.15587
2024-10-15T14:00,development,2.64,233,2.07,290,-0.57,0.16323,2.29677,2.30257
2024-10-15T15:00,development,2.22,262,1.82,279,-0.4,0.4008,0.59368,0.7163
2024-10-15T16:00,development,2.22,262,1.3,272,-0.92,0.89919,0.35433,0.96648
2024-10-15T17:00,development,1.9,270,1.27,281,-0.63,0.65333,0.24233,0.69683
2024-10-15T18:00,development,1.9,288,1.9,305,0.0,0.25062,0.50266,0.56168
2024-10-15T19:00,development,4.92,331,2.62,310,-2.3,0.37823,-2.61903,2.6462
2024-10-15T20:00,development,3.26,320,2.77,311,-0.49,0.00494,-0.68002,0.68004
2024-10-15T21:00,development,3.81,355,5.12,331,1.31,-2.15016,0.68255,2.2559
2024-10-15T22:00,development,3.18,314,2.58,342,-0.6,1.49024,0.24471,1.5102
2024-10-15T23:00,development,1.66,303,2.44,314,0.78,-0.363,0.79087,0.87019
2024-10-16T00:00,development,0.81,277,2.67,300,1.86,-1.50833,1.23629,1.95024
2024-10-16T01:00,development,1.61,263,2.65,281,1.04,-1.00331,0.70185,1.22443
2024-10-16T02:00,development,1.8,236,2.72,287,0.92,-1.10888,1.8018,2.11568
2024-10-16T03:00,development,1.71,249,2.74,279,1.03,-1.10984,1.04144,1.52196
2024-10-16T04:00,development,2.33,239,3.2,280,0.87,-1.15418,1.75571,2.10111
2024-10-16T05:00,development,0.32,198,3.53,286,3.21,-3.29437,1.27734,3.53333
2024-10-16T06:00,development,1.87,254,3.49,289,1.62,-1.5023,1.65167,2.2327
2024-10-16T07:00,development,1.4,266,3.53,288,2.13,-1.96064,1.18849,2.29273
2024-10-16T08:00,development,2.18,254,3.53,288,1.35,-1.26168,1.69172,2.11039
2024-10-16T09:00,development,2.1,273,3.3,288,1.2,-1.04136,0.90985,1.38285
2024-10-16T10:00,development,2.22,262,3.15,288,0.93,-0.79743,1.28237,1.51009
2024-10-16T11:00,development,2.16,236,3.04,290,0.88,-1.06594,2.2476,2.48756
2024-10-16T12:00,development,1.62,248,3.0,294,1.38,-1.2386,1.82707,2.20733
2024-10-16T13:00,development,2.53,261,2.51,276,-0.02,0.0026,0.65815,0.65815
2024-10-16T14:00,development,3.04,279,3.29,294,0.25,-0.00299,0.8626,0.86261
2024-10-16T15:00,development,2.88,290,4.54,306,1.66,-0.96662,1.68353,1.94129
2024-10-16T16:00,development,3.47,311,4.74,316,1.27,-0.67384,1.13315,1.31836
2024-10-16T17:00,development,4.04,312,5.1,332,1.06,0.608,1.79975,1.89967
2024-10-16T18:00,development,3.42,322,4.7,331,1.28,-0.17304,1.41572,1.42625
2024-10-16T19:00,development,4.47,320,4.88,332,0.41,0.58224,0.88457,1.05899
2024-10-16T20:00,development,4.43,332,4.65,335,0.22,0.11458,0.30287,0.32382
2024-10-16T21:00,development,3.49,333,4.59,331,1.1,-0.64085,0.90489,1.10884
2024-10-16T22:00,development,3.61,312,4.19,331,0.58,0.6514,1.2491,1.40874
2024-10-16T23:00,development,2.14,307,3.23,338,1.09,0.4991,1.70692,1.77839
2024-10-17T00:00,development,1.39,330,3.0,342,1.61,-0.23205,1.64939,1.66564
2024-10-17T01:00,development,1.44,326,2.26,317,0.82,-0.73608,0.45905,0.86749
2024-10-17T02:00,development,0.32,288,1.86,297,1.54,-1.35293,0.74554,1.54475
2024-10-17T03:00,development,1.22,235,2.16,277,0.94,-1.14453,0.963,1.49577
2024-10-17T04:00,development,0.73,196,2.28,279,1.55,-2.05071,1.05839,2.30773
2024-10-17T05:00,development,1.43,245,2.33,279,0.9,-1.00529,0.96884,1.39616
2024-10-17T06:00,development,0.1,180,2.4,293,2.3,-2.20921,1.03775,2.44081
2024-10-17T07:00,development,0.85,249,2.62,310,1.77,-1.21349,1.98872,2.32971
2024-10-17T08:00,development,0.45,153,2.7,320,2.25,-1.93982,2.46927,3.1401
2024-10-17T09:00,development,0.71,172,2.22,324,1.51,-1.4037,2.49911,2.86634
2024-10-17T10:00,development,0.71,262,2.2,321,1.49,-0.68141,1.80853,1.93265
2024-10-17T11:00,development,0.85,249,2.16,320,1.31,-0.59488,1.95927,2.04759
2024-10-17T12:00,development,1.17,301,1.97,324,0.8,-0.15505,0.99117,1.00322
2024-10-17T13:00,development,1.0,276,1.01,327,0.01,0.44444,0.74253,0.86537
2024-10-17T14:00,development,0.81,330,1.0,323,0.19,-0.19682,0.09715,0.21949
2024-10-17T15:00,development,1.03,331,1.5,339,0.47,-0.0382,0.49951,0.50097
2024-10-17T16:00,development,0.95,342,1.76,325,0.81,-0.71593,0.5382,0.89567
2024-10-17T17:00,development,1.7,310,2.06,319,0.36,-0.04921,0.46196,0.46458
2024-10-17T18:00,development,3.2,309,2.8,319,-0.4,0.6499,0.09936,0.65745
2024-10-17T19:00,development,3.62,309,3.23,325,-0.39,0.96062,0.36772,1.02859
2024-10-17T20:00,development,3.33,319,3.26,333,-0.07,0.70467,0.3915,0.80612
2024-10-17T21:00,development,2.91,319,2.91,336,0.0,0.72553,0.46221,0.86025
2024-10-17T22:00,development,1.94,325,1.42,328,-0.52,0.36025,-0.38493,0.52721
2024-10-17T23:00,development,0.99,315,1.52,314,0.53,-0.39336,0.35585,0.53043
2024-10-18T00:00,development,0.92,311,2.34,318,1.42,-0.87143,1.13538,1.43126
2024-10-18T01:00,development,0.61,261,2.41,312,1.8,-1.18849,1.70803,2.08083
2024-10-18T02:00,development,0.64,231,2.23,320,1.59,-0.93604,2.11104,2.30926
2024-10-18T03:00,development,1.12,280,2.03,344,0.91,0.54344,1.75688,1.839
2024-10-18T04:00,development,0.86,306,1.87,16,1.01,1.2112,1.29206,1.771
2024-10-18T05:00,development,0.36,236,1.19,28,0.83,0.85712,1.25202,1.5173
2024-10-18T06:00,development,0.78,40,1.84,41,1.06,0.70577,0.79115,1.06021
2024-10-18T07:00,development,0.32,72,1.93,53,1.61,1.23703,1.06262,1.63077
2024-10-18T08:00,development,0.76,23,1.5,60,0.74,1.00208,0.05042,1.00335
2024-10-18T09:00,development,1.06,131,1.68,53,0.62,0.54172,1.70647,1.79039
2024-10-18T10:00,development,0.63,342,1.48,45,0.85,1.2412,0.44735,1.31936
2024-10-18T11:00,development,1.17,59,1.27,45,0.1,-0.10486,0.29543,0.31349
2024-10-18T12:00,development,1.28,39,1.3,32,0.02,-0.11664,0.10772,0.15877
2024-10-18T13:00,development,0.42,45,0.98,15,0.56,-0.04334,0.64962,0.65107
2024-10-18T14:00,development,0.64,321,0.54,22,-0.1,0.60505,0.00331,0.60506
2024-10-18T15:00,development,0.73,16,0.57,38,-0.16,0.14971,-0.25255,0.29359
2024-10-18T16:00,development,0.64,39,0.78,45,0.14,0.14878,0.05417,0.15833
2024-10-18T17:00,development,0.76,23,0.78,45,0.02,0.25459,-0.14804,0.2945
2024-10-18T18:00,development,0.28,315,0.64,39,0.36,0.60075,0.29938,0.67122
2024-10-18T19:00,development,0.6,270,0.68,36,0.08,0.99969,0.55013,1.14107
2024-10-18T20:00,development,0.28,315,1.03,47,0.75,0.95128,0.50447,1.07677
2024-10-18T21:00,development,0.94,328,1.3,58,0.36,1.60059,-0.10827,1.60424
2024-10-18T22:00,development,1.0,37,1.43,78,0.43,0.79694,-0.50132,0.9415
2024-10-18T23:00,development,1.7,50,2.1,62,0.4,0.55191,-0.10685,0.56216
2024-10-19T00:00,development,0.92,77,1.98,43,1.06,0.45394,1.24113,1.32153
2024-10-19T01:00,development,1.17,31,2.16,48,0.99,1.0026,0.44244,1.09588
2024-10-19T02:00,development,1.0,360,2.63,57,1.63,2.2057,0.4324,2.24769
2024-10-19T03:00,development,0.41,76,1.98,49,1.57,1.0965,1.19981,1.62538
2024-10-19T04:00,development,1.12,27,1.59,46,0.47,0.63528,0.10658,0.64416
2024-10-19T05:00,development,0.73,286,1.59,46,0.86,1.84547,0.90329,2.05468
2024-10-19T06:00,development,0.22,333,1.81,42,1.59,1.311,1.14907,1.7433
2024-10-19T07:00,development,0.73,254,2.37,46,1.64,2.40656,1.84756,3.03397
2024-10-19T08:00,development,0.5,37,2.18,53,1.68,1.44012,0.91264,1.70495
2024-10-19T09:00,development,0.5,307,2.0,53,1.5,1.99659,0.90272,2.19118
2024-10-19T10:00,development,0.72,56,1.81,51,1.09,0.80973,0.73645,1.09454
2024-10-19T11:00,development,0.86,324,2.18,53,1.32,2.24652,0.6162,2.3295
2024-10-19T12:00,development,0.22,297,1.37,57,1.15,1.345,0.64628,1.49221
2024-10-19T13:00,development,0.41,14,1.15,72,0.74,0.99453,-0.04245,0.99543
2024-10-19T14:00,development,0.81,60,0.57,105,-0.24,-0.1509,-0.55253,0.57276
2024-10-19T15:00,development,0.51,281,0.58,121,0.07,0.99779,-0.39603,1.07351
2024-10-19T16:00,development,0.73,286,0.47,148,-0.26,0.95078,-0.5998,1.12416
2024-10-19T17:00,development,0.32,288,0.25,180,-0.07,0.30434,-0.34889,0.46297
2024-10-19T18:00,development,0.92,347,0.16,342,-0.76,0.15751,-0.74425,0.76074
2024-10-19T19:00,development,1.12,10,0.4,7,-0.72,-0.14574,-0.70597,0.72085
2024-10-19T20:00,development,1.35,42,0.54,56,-0.81,-0.45565,-0.70128,0.83631
2024-10-19T21:00,development,1.28,39,0.65,67,-0.63,-0.2072,-0.74077,0.7692
2024-10-19T22:00,development,1.56,50,1.3,67,-0.26,0.00163,-0.4948,0.4948
2024-10-19T23:00,development,2.33,43,2.24,80,-0.09,0.61691,-1.31508,1.45259
2024-10-20T00:00,development,1.06,49,1.88,79,0.82,1.04547,-0.3367,1.09835
2024-10-20T01:00,development,0.67,63,1.7,62,1.03,0.90404,0.49393,1.03017
2024-10-20T02:00,development,0.58,31,0.54,338,-0.04,-0.50101,0.00352,0.50102
2024-10-20T03:00,development,0.51,11,0.98,204,0.47,-0.49591,-1.3959,1.48138
2024-10-20T04:00,development,0.67,117,1.04,163,0.37,-0.29291,-0.69038,0.74995
2024-10-20T05:00,development,1.0,354,1.49,130,0.49,1.24593,-1.95228,2.31597
2024-10-20T06:00,development,1.9,87,1.77,151,-0.13,-1.03928,-1.64752,1.94793
2024-10-20T07:00,development,1.53,101,1.91,147,0.38,-0.46163,-1.30992,1.38888
2024-10-20T08:00,development,1.08,56,1.37,147,0.29,-0.14921,-1.75291,1.75925
2024-10-20T09:00,development,1.39,60,1.63,162,0.24,-0.70008,-2.24522,2.35184
2024-10-20T10:00,development,1.92,28,1.56,186,-0.36,-1.06445,-3.24671,3.41675
2024-10-20T11:00,development,1.49,20,1.57,202,0.08,-1.09774,-2.85582,3.05953
2024-10-20T12:00,development,0.81,7,1.08,214,0.27,-0.70264,-1.69932,1.83886
2024-10-20T13:00,development,0.42,45,1.43,216,1.01,-1.13752,-1.45388,1.846
2024-10-20T14:00,development,0.67,27,0.75,176,0.08,-0.25186,-1.34515,1.36852
2024-10-20T15:00,development,0.72,56,0.91,186,0.19,-0.69203,-1.30763,1.47946
2024-10-20T16:00,development,0.2,360,1.18,192,0.98,-0.24534,-1.35421,1.37626
2024-10-20T17:00,development,0.57,225,1.57,211,1.0,-0.40556,-0.9427,1.02624
2024-10-20T18:00,development,1.53,281,1.87,250,0.34,-0.25534,-0.93152,0.96588
2024-10-20T19:00,development,0.78,310,2.25,266,1.47,-1.647,-0.65833,1.7737
2024-10-20T20:00,development,2.3,268,2.4,266,0.1,-0.09555,-0.08715,0.12933
2024-10-20T21:00,development,2.69,255,1.66,265,-1.03,0.94466,0.55154,1.09388
2024-10-20T22:00,development,1.75,246,1.88,259,0.13,-0.24675,0.35307,0.43075
2024-10-20T23:00,development,1.26,198,1.77,262,0.51,-1.36341,0.95199,1.66289
2024-10-21T00:00,development,1.02,259,2.17,262,1.15,-1.14762,-0.10738,1.15263
2024-10-21T01:00,development,1.3,274,2.57,262,1.27,-1.24816,-0.44836,1.32624
2024-10-21T02:00,development,1.3,270,2.44,255,1.14,-1.05686,-0.63152,1.23116
2024-10-21T03:00,development,0.7,270,2.31,248,1.61,-1.44179,-0.86534,1.68154
2024-10-21T04:00,development,0.36,304,2.26,245,1.9,-1.7498,-1.15643,2.09741
2024-10-21T05:00,development,0.22,63,1.95,244,1.73,-1.94867,-0.9547,2.16997
2024-10-21T06:00,development,1.21,24,1.63,223,0.42,-1.60381,-2.2975,2.80191
2024-10-21T07:00,development,1.0,53,1.44,200,0.44,-1.29114,-1.95497,2.34286
2024-10-21T08:00,development,0.42,225,1.36,197,0.94,-0.10064,-1.00359,1.00862
2024-10-21T09:00,development,1.1,360,1.49,200,0.39,-0.50961,-2.50014,2.55155
2024-10-21T10:00,development,0.82,14,1.65,194,0.83,-0.59755,-2.39663,2.47
2024-10-21T11:00,development,1.79,27,2.21,193,0.42,-1.30978,-3.74826,3.97051
2024-10-21T12:00,development,1.84,29,2.07,188,0.23,-1.18014,-3.65916,3.84476
2024-10-21T13:00,development,1.96,15,2.3,176,0.34,-0.34685,-4.18761,4.20195
2024-10-21T14:00,development,1.2,180,1.66,185,0.46,-0.14468,-0.45368,0.47619
2024-10-21T15:00,development,1.68,197,1.75,193,0.07,0.09752,-0.09856,0.13865
2024-10-21T16:00,development,1.53,212,2.08,207,0.55,-0.13352,-0.55578,0.57159
2024-10-21T17:00,development,1.77,227,2.4,216,0.63,-0.11619,-0.7345,0.74364
2024-10-21T18:00,development,2.33,227,2.62,227,0.29,-0.21209,-0.19778,0.29
2024-10-21T19:00,development,2.28,232,2.68,237,0.4,-0.45097,-0.05592,0.45443
2024-10-21T20:00,development,2.28,241,2.53,245,0.25,-0.29883,0.03614,0.301
2024-10-21T21:00,development,2.15,242,1.81,242,-0.34,0.3002,0.15962,0.34
2024-10-21T22:00,development,1.58,215,1.71,232,0.13,-0.44125,0.24148,0.503
2024-10-21T23:00,development,1.63,191,2.02,228,0.39,-1.19013,0.24841,1.21578
2024-10-22T00:00,development,1.32,171,2.2,229,0.88,-1.86685,-0.13958,1.87207
2024-10-22T01:00,development,0.51,259,2.15,234,1.64,-1.23876,-1.16643,1.70149
2024-10-22T02:00,development,0.22,27,1.84,237,1.62,-1.64303,-1.19816,2.0335
2024-10-22T03:00,development,0.72,326,1.89,238,1.17,-1.20019,-1.59845,1.99888
2024-10-22T04:00,development,0.99,135,1.95,209,0.96,-1.64541,-1.00547,1.92831
2024-10-22T05:00,development,0.41,14,1.63,191,1.22,-0.41021,-1.99787,2.03955
2024-10-22T06:00,development,0.5,90,1.61,173,1.11,-0.30379,-1.598,1.62662
2024-10-22T07:00,development,0.4,90,1.42,162,1.02,0.0388,-1.3505,1.35106
2024-10-22T08:00,development,0.3,360,1.26,162,0.96,0.38936,-1.49833,1.5481
2024-10-22T09:00,development,2.06,104,1.3,148,-0.76,-1.30991,-0.6041,1.4425
2024-10-22T10:00,development,1.3,58,1.27,138,-0.03,-0.25267,-1.63269,1.65212
2024-10-22T11:00,development,1.91,43,1.76,125,-0.15,0.13909,-2.40638,2.4104
2024-10-22T12:00,development,2.95,28,1.19,118,-1.76,-0.33423,-3.16337,3.18097
2024-10-22T13:00,development,1.56,50,1.12,159,-0.44,-0.79366,-2.04836,2.19674
2024-10-22T14:00,development,0.28,135,0.46,139,0.18,0.1038,-0.14918,0.18173
2024-10-22T15:00,development,0.5,127,0.53,139,0.03,-0.05161,-0.09909,0.11172
2024-10-22T16:00,development,0.92,131,0.94,148,0.02,-0.19621,-0.19359,0.27564
2024-10-22T17:00,development,1.64,128,1.59,152,-0.05,-0.54588,-0.3942,0.67333
2024-10-22T18:00,development,3.0,150,2.2,163,-0.8,-0.85678,0.49421,0.9891
2024-10-22T19:00,development,2.82,153,2.71,175,-0.11,-1.04406,-0.18705,1.06068
2024-10-22T20:00,development,2.69,158,2.85,181,0.16,-1.05743,-0.35544,1.11557
2024-10-22T21:00,development,2.12,161,2.0,181,-0.12,-0.72511,0.0048,0.72513
2024-10-22T22:00,development,1.72,144,1.97,171,0.25,-0.70281,-0.55424,0.89506
2024-10-22T23:00,development,1.7,135,2.36,185,0.66,-1.40777,-1.14894,1.81711
2024-10-23T00:00,development,2.4,135,1.99,205,-0.41,-2.53807,-0.1065,2.5403
2024-10-23T01:00,development,1.13,135,1.57,207,0.44,-1.5118,-0.59985,1.62645
2024-10-23T02:00,development,1.36,126,2.37,162,1.01,-0.36789,-1.45462,1.50042
2024-10-23T03:00,development,1.84,202,2.41,185,0.57,0.47923,-0.69481,0.84405
2024-10-23T04:00,development,1.17,149,2.7,183,1.53,-0.7439,-1.69341,1.84961
2024-10-23T05:00,development,1.26,162,3.18,187,1.92,-0.77691,-1.95797,2.10647
2024-10-23T06:00,development,1.1,180,3.17,186,2.07,-0.33136,-2.05263,2.07921
2024-10-23T07:00,development,1.21,156,3.43,188,2.22,-0.96952,-2.29123,2.48791
2024-10-23T08:00,development,0.61,81,3.23,196,2.62,-1.4928,-3.2003,3.53134
2024-10-23T09:00,development,1.0,127,3.15,195,2.15,-1.61392,-2.44085,2.92617
2024-10-23T10:00,development,1.75,77,3.34,193,1.59,-2.45648,-3.64806,4.39803
2024-10-23T11:00,development,1.3,90,3.45,190,2.15,-1.89909,-3.39759,3.89232
2024-10-23T12:00,development,1.17,149,3.47,195,2.3,-1.5007,-2.34888,2.78735
2024-10-23T13:00,development,1.17,121,3.96,196,2.79,-2.09441,-3.204,3.82782
2024-10-23T14:00,development,4.35,203,3.81,194,-0.54,0.77796,0.30737,0.83648
2024-10-23T15:00,development,4.47,207,4.23,201,-0.24,0.51344,0.03375,0.51455
2024-10-23T16:00,development,4.56,218,4.61,217,0.05,0.03305,-0.08838,0.09436
2024-10-23T17:00,development,4.95,227,4.63,232,-0.32,-0.02829,0.52538,0.52614
2024-10-23T18:00,development,4.53,227,4.56,232,0.03,-0.2803,0.28204,0.39763
2024-10-23T19:00,development,4.94,238,4.48,239,-0.46,0.34925,0.31043,0.46727
2024-10-23T20:00,development,4.92,246,4.41,245,-0.51,0.49783,0.1374,0.51644
2024-10-23T21:00,development,5.26,261,3.86,266,-1.4,1.34464,0.55359,1.45414
2024-10-23T22:00,development,2.91,274,2.6,269,-0.31,0.30331,-0.24837,0.39202
2024-10-23T23:00,development,2.8,272,2.56,266,-0.24,0.24453,-0.2763,0.36896
2024-10-24T00:00,development,2.53,261,4.95,322,2.42,-0.54867,4.29643,4.33132
2024-10-24T01:00,development,3.05,328,3.18,277,0.13,-1.54004,-2.199,2.68465
2024-10-24T02:00,development,1.53,302,3.17,308,1.64,-1.20048,1.14087,1.65612
2024-10-24T03:00,development,2.3,304,4.09,335,1.79,0.17828,2.42066,2.42721
2024-10-24T04:00,development,2.9,316,3.67,345,0.77,1.06464,1.45886,1.80603
2024-10-24T05:00,development,2.46,333,3.46,346,1.0,0.27977,1.16535,1.19846
2024-10-24T06:00,development,1.52,293,3.24,351,1.72,0.89232,2.6062,2.75472
2024-10-24T07:00,development,2.25,249,2.49,345,0.24,1.4561,3.21148,3.52617
2024-10-24T08:00,development,2.55,259,2.57,331,0.02,1.25719,2.73434,3.0095
2024-10-24T09:00,development,2.22,262,2.65,328,0.43,0.79411,2.55629,2.6768
2024-10-24T10:00,development,1.68,253,2.51,331,0.83,0.38972,2.68648,2.7146
2024-10-24T11:00,development,0.82,284,2.38,330,1.56,-0.39436,1.86276,1.90405
2024-10-24T12:00,development,1.36,287,2.59,326,1.23,-0.14774,1.74958,1.75581
2024-10-24T13:00,development,0.64,321,2.79,324,2.15,-1.23716,1.75978,2.15114
2024-10-24T14:00,development,3.36,337,3.75,341,0.39,0.09198,0.4528,0.46205
2024-10-24T15:00,development,4.16,350,3.99,348,-0.17,-0.10719,-0.19399,0.22164
2024-10-24T16:00,development,2.06,14,3.27,341,1.21,-1.56297,1.09304,1.90725
2024-10-24T17:00,development,1.98,315,2.57,327,0.59,0.00035,0.75531,0.75531
2024-10-24T18:00,development,2.59,298,2.72,316,0.13,0.39736,0.74067,0.84053
2024-10-24T19:00,development,2.8,305,2.99,308,0.19,-0.06253,0.23481,0.243
2024-10-24T20:00,development,2.64,295,3.03,308,0.39,0.00498,0.74974,0.74976
2024-10-24T21:00,development,2.06,293,2.64,307,0.58,-0.21216,0.78389,0.81209
2024-10-24T22:00,development,1.24,284,1.1,300,-0.14,0.25054,0.25002,0.35395
2024-10-24T23:00,development,1.3,212,0.54,202,-0.76,0.48661,0.60178,0.77391
2024-10-25T00:00,development,0.14,225,0.87,167,0.73,0.2947,-0.74871,0.80462
2024-10-25T01:00,development,1.0,174,1.25,265,0.25,-1.34977,0.88558,1.61435
2024-10-25T02:00,development,0.41,256,1.05,355,0.64,0.30631,1.14519,1.18545
2024-10-25T03:00,development,0.67,243,2.95,39,2.28,2.45347,2.59675,3.57248
2024-10-25T04:00,development,0.41,166,2.26,62,1.85,1.89627,1.45883,2.39249
2024-10-25T05:00,development,0.5,53,2.12,71,1.62,1.60518,0.3893,1.65171
2024-10-25T06:00,development,0.5,37,1.45,92,0.95,1.14821,-0.44992,1.23321
2024-10-25T07:00,development,0.61,81,1.5,75,0.89,0.8464,0.2928,0.89561
2024-10-25T08:00,development,1.3,58,1.43,61,0.13,0.14824,0.00438,0.14831
2024-10-25T09:00,development,1.42,51,1.82,74,0.4,0.64595,-0.39197,0.75558
2024-10-25T10:00,development,0.81,97,1.55,86,0.74,0.74226,0.20684,0.77054
2024-10-25T11:00,development,1.14,52,1.88,112,0.74,0.84477,-1.40611,1.64037
2024-10-25T12:00,development,1.77,16,1.05,149,-0.72,0.05291,-2.60146,2.602
2024-10-25T13:00,development,1.0,360,1.64,149,0.64,0.84466,-2.40575,2.54973
2024-10-25T14:00,development,1.9,90,1.32,155,-0.58,-1.34214,-1.19633,1.79793
2024-10-25T15:00,development,2.33,155,2.07,165,-0.26,-0.44895,0.11223,0.46276
2024-10-25T16:00,development,3.01,186,3.25,183,0.24,0.14454,-0.25204,0.29054
2024-10-25T17:00,development,3.7,182,3.91,190,0.21,-0.54984,-0.15285,0.57069
2024-10-25T18:00,development,4.11,176,3.99,192,-0.12,-1.11627,0.19718,1.13355
2024-10-25T19:00,development,3.68,202,3.25,203,-0.43,0.10868,0.4204,0.43422
2024-10-25T20:00,development,3.26,227,3.34,212,0.08,0.61428,-0.60917,0.86512
2024-10-25T21:00,development,2.97,237,2.45,229,-0.52,0.64181,0.01023,0.64189
2024-10-25T22:00,development,1.64,232,1.91,237,0.27,-0.30952,-0.03058,0.31103
2024-10-25T23:00,development,1.25,241,2.3,236,1.05,-0.81351,-0.68013,1.06037
2024-10-26T00:00,development,1.3,270,2.93,247,1.63,-1.39708,-1.14484,1.80624
2024-10-26T01:00,development,0.82,284,2.65,272,1.83,-1.85274,-0.10589,1.85577
2024-10-26T02:00,development,0.98,204,2.75,268,1.77,-2.34972,0.7993,2.48195
2024-10-26T03:00,development,2.61,274,3.25,301,0.64,-0.18215,1.49181,1.50289
2024-10-26T04:00,development,1.73,260,2.79,314,1.06,-0.30324,2.23851,2.25895
2024-10-26T05:00,development,1.43,258,2.9,315,1.47,-0.65186,2.34792,2.43673
2024-10-26T06:00,development,1.66,303,2.76,316,1.1,-0.52506,1.08128,1.20202
2024-10-26T07:00,development,2.33,313,2.89,323,0.56,-0.03519,0.719,0.71986
2024-10-26T08:00,development,1.3,293,1.91,319,0.61,-0.05642,0.93354,0.93525
2024-10-26T09:00,development,1.02,259,1.77,292,0.75,-0.63986,0.85768,1.07006
2024-10-26T10:00,development,1.04,287,2.06,293,1.02,-0.90168,0.50084,1.03144
2024-10-26T11:00,development,1.61,300,2.53,308,0.92,-0.59937,0.75262,0.96212
2024-10-26T12:00,development,1.71,291,3.4,324,1.69,-0.40205,2.13785,2.17532
2024-10-26T13:00,development,2.33,317,3.49,331,1.16,-0.10293,1.34837,1.35229
2024-10-26T14:00,development,3.7,322,3.92,337,0.22,0.74628,0.69274,1.01825
2024-10-26T15:00,development,3.66,325,4.34,327,0.68,-0.26444,0.64173,0.69408
2024-10-26T16:00,development,3.4,313,4.32,317,0.92,-0.45963,0.84065,0.9581
2024-10-26T17:00,development,4.67,313,4.71,317,0.04,0.20321,0.25974,0.32979
2024-10-26T18:00,development,4.41,303,4.6,314,0.19,0.38957,0.79357,0.88404
2024-10-26T19:00,development,3.72,306,4.79,310,1.07,-0.65981,0.89239,1.10982
2024-10-26T20:00,development,4.39,317,4.75,312,0.36,-0.53597,-0.03227,0.53694
2024-10-26T21:00,development,4.72,324,4.74,318,0.02,-0.39733,-0.29605,0.4955
2024-10-26T22:00,development,3.97,319,4.26,329,0.29,0.41049,0.65534,0.77328
2024-10-26T23:00,development,4.11,334,3.85,337,-0.26,0.29739,-0.1501,0.33312
2024-10-27T00:00,development,3.27,337,3.15,333,-0.12,-0.15238,-0.20338,0.25413
2024-10-27T01:00,development,4.3,342,3.54,347,-0.76,0.53245,-0.64027,0.83274
2024-10-27T02:00,development,3.13,353,3.17,354,0.04,0.0501,0.04596,0.06799
2024-10-27T03:00,development,2.7,360,3.01,355,0.31,-0.26234,0.29855,0.39743
2024-10-27T04:00,development,1.04,343,2.95,358,1.91,0.20111,1.95365,1.96397
2024-10-27T05:00,development,0.22,297,2.6,1,2.38,0.2414,2.49973,2.51135
2024-10-27T06:00,development,0.9,180,2.45,360,1.55,-0.0,3.35,3.35
2024-10-27T07:00,development,0.73,164,2.26,5,1.53,-0.00424,2.95312,2.95312
2024-10-27T08:00,development,0.4,180,2.59,19,2.19,0.84322,2.84889,2.97106
2024-10-27T09:00,development,1.02,11,2.31,30,1.29,0.96037,0.99926,1.38594
2024-10-27T10:00,development,0.71,188,1.87,44,1.16,1.39782,2.04826,2.47977
2024-10-27T11:00,development,0.85,249,1.2,73,0.35,1.94111,0.65546,2.04879
2024-10-27T12:00,development,0.51,259,1.1,95,0.59,1.59644,0.00144,1.59644
2024-10-27T13:00,development,0.1,180,1.05,93,0.95,1.04856,0.04505,1.04953
2024-10-27T14:00,development,0.36,124,0.82,76,0.46,0.49719,0.39969,0.63792
2024-10-27T15:00,development,1.39,60,1.8,109,0.41,0.49816,-1.28102,1.37447
2024-10-27T16:00,development,2.83,82,1.97,97,-0.86,-0.84714,-0.63394,1.05808
2024-10-27T17:00,development,2.06,76,1.91,95,-0.15,-0.09608,-0.66483,0.67173
2024-10-27T18:00,development,1.58,35,1.65,92,0.07,0.74274,-1.35184,1.54245
2024-10-27T19:00,development,1.58,18,1.35,88,-0.23,0.86093,-1.45555,1.69111
2024-10-27T20:00,development,1.58,18,1.25,90,-0.33,0.76175,-1.50267,1.68472
2024-10-27T21:00,development,1.43,12,1.1,90,-0.33,0.80269,-1.39875,1.6127
2024-10-27T22:00,development,0.92,13,1.07,37,0.15,0.43699,-0.04188,0.43899
2024-10-27T23:00,development,1.12,10,1.33,13,0.21,0.1047,0.19293,0.21951
2024-10-28T00:00,development,0.82,14,2.38,22,1.56,0.69319,1.41106,1.57213
2024-10-28T01:00,development,0.41,104,2.37,35,1.96,0.96155,2.04058,2.25578
2024-10-28T02:00,development,1.34,117,2.23,56,0.89,0.65481,1.85535,1.96751
2024-10-28T03:00,development,0.51,191,2.26,77,1.75,2.29939,1.00902,2.51104
2024-10-28T04:00,development,1.41,98,1.86,95,0.45,0.45664,0.03412,0.45792
2024-10-28T05:00,development,1.26,72,1.42,72,0.16,0.15217,0.04944,0.16
2024-10-28T06:00,development,0.71,352,1.38,41,0.67,1.00417,0.33841,1.05966
2024-10-28T07:00,development,0.98,24,2.29,36,1.31,0.94743,0.95737,1.34692
2024-10-28T08:00,development,0.92,49,2.19,45,1.27,0.85423,0.94499,1.27386
2024-10-28T09:00,development,0.5,360,2.0,58,1.5,1.6961,0.55984,1.7861
2024-10-28T10:00,development,1.35,48,1.95,64,0.6,0.7494,-0.0485,0.75097
2024-10-28T11:00,development,1.1,360,1.48,66,0.38,1.35205,-0.49803,1.44086
2024-10-28T12:00,development,0.5,360,1.59,66,1.09,1.45254,0.14671,1.45993
2024-10-28T13:00,development,1.26,18,1.2,85,-0.06,0.80607,-1.09374,1.35869
2024-10-28T14:00,development,1.03,61,0.75,127,-0.28,-0.30188,-0.95072,0.99749
2024-10-28T15:00,development,1.33,77,0.89,128,-0.44,-0.59458,-0.84712,1.03496
2024-10-28T16:00,development,1.12,80,1.48,135,0.36,-0.05647,-1.241,1.24229
2024-10-28T17:00,development,1.33,103,1.66,151,0.33,-0.49113,-1.15268,1.25295
2024-10-28T18:00,development,1.53,148,2.06,162,0.53,-0.1742,-0.66166,0.68421
2024-10-28T19:00,development,2.0,177,2.44,165,0.44,0.52685,-0.3596,0.63787
2024-10-28T20:00,development,1.84,158,2.64,170,0.8,-0.23084,-0.89387,0.9232
2024-10-28T21:00,development,2.19,156,2.36,167,0.17,-0.35987,-0.29885,0.46778
2024-10-28T22:00,development,1.2,95,1.98,146,0.78,-0.08823,-1.53691,1.53944
2024-10-28T23:00,development,2.24,100,2.44,152,0.2,-1.06046,-1.76542,2.05944
2024-10-29T00:00,development,0.67,153,2.05,167,1.38,0.15698,-1.40048,1.40925
2024-10-29T01:00,development,0.57,135,2.28,161,1.71,0.33924,-1.75273,1.78526
2024-10-29T02:00,development,1.36,54,2.41,138,1.05,0.51234,-2.59037,2.64055
2024-10-29T03:00,development,1.27,45,2.34,140,1.07,0.6061,-2.69057,2.75799
2024-10-29T04:00,development,2.02,57,2.3,146,0.28,-0.40797,-3.00696,3.03451
2024-10-29T05:00,development,2.1,90,2.57,156,0.47,-1.05469,-2.34781,2.57383
2024-10-29T06:00,development,2.89,14,2.96,158,0.07,0.40968,-5.54862,5.56372
2024-10-29T07:00,development,2.41,48,3.05,157,0.64,-0.59925,-4.42014,4.46058
2024-10-29T08:00,development,3.26,40,3.04,160,-0.22,-1.05575,-5.35397,5.45707
2024-10-29T09:00,development,3.39,45,3.07,164,-0.32,-1.55089,-5.34817,5.56849
2024-10-29T10:00,development,3.2,51,3.07,168,-0.13,-1.84858,-5.01674,5.34649
2024-10-29T11:00,development,3.47,49,2.97,167,-0.5,-1.95074,-5.1704,5.52616
2024-10-29T12:00,development,3.33,49,3.02,164,-0.31,-1.68076,-5.08769,5.35813
2024-10-29T13:00,development,2.48,40,3.32,162,0.84,-0.56818,-5.0573,5.08911
2024-10-29T14:00,development,1.77,74,3.27,157,1.5,-0.42374,-3.49793,3.5235
2024-10-29T15:00,development,2.67,167,2.89,157,0.22,0.52859,-0.05869,0.53184
2024-10-29T16:00,development,3.8,182,3.3,180,-0.5,0.13262,0.49769,0.51505
2024-10-29T17:00,development,4.14,188,4.07,196,-0.07,-0.54567,0.18737,0.57694
2024-10-29T18:00,development,4.49,192,4.44,199,-0.05,-0.512,0.19378,0.54744
2024-10-29T19:00,development,5.1,206,4.81,201,-0.29,0.51194,0.09333,0.52038
2024-10-29T20:00,development,5.06,198,4.59,200,-0.47,-0.00625,0.49916,0.4992
2024-10-29T21:00,development,4.7,207,4.21,200,-0.49,0.69385,0.23162,0.73149
2024-10-29T22:00,development,3.18,204,3.79,198,0.61,0.12225,-0.69943,0.71003
2024-10-29T23:00,development,2.63,189,3.53,196,0.9,-0.56158,-0.79563,0.97386
2024-10-30T00:00,development,2.3,180,3.38,188,1.08,-0.47041,-1.04711,1.14792
2024-10-30T01:00,development,1.82,171,3.61,190,1.79,-0.91158,-1.75756,1.9799
2024-10-30T02:00,development,1.96,165,3.37,195,1.41,-1.37951,-1.36196,1.93855
2024-10-30T03:00,development,1.71,173,3.32,201,1.61,-1.39818,-1.40223,1.98019
2024-10-30T04:00,development,1.41,135,3.37,212,1.96,-2.78285,-1.8609,3.34772
2024-10-30T05:00,development,1.35,138,3.44,213,2.09,-2.77688,-1.88178,3.35443
2024-10-30T06:00,development,0.71,135,3.06,206,2.35,-1.84346,-2.24826,2.90741
2024-10-30T07:00,development,1.46,164,2.96,202,1.5,-1.51127,-1.34102,2.02046
2024-10-30T08:00,development,0.85,159,2.97,200,2.12,-1.32041,-1.99734,2.39434
2024-10-30T09:00,development,2.42,83,3.02,196,0.6,-3.23439,-3.19793,4.54841
2024-10-30T10:00,development,1.32,81,3.02,196,1.7,-2.13617,-3.1095,3.77257
2024-10-30T11:00,development,1.81,84,3.04,197,1.23,-2.68889,-3.09636,4.10093
2024-10-30T12:00,development,2.35,192,3.35,194,1.0,-0.32185,-0.95184,1.00478
2024-10-30T13:00,development,1.92,171,3.78,200,1.86,-1.59319,-1.65568,2.29772
2024-10-30T14:00,development,3.18,204,3.5,197,0.32,0.27012,-0.44199,0.518
2024-10-30T15:00,development,4.3,211,4.05,204,-0.25,0.56738,-0.01404,0.56755
2024-10-30T16:00,development,4.7,209,4.49,212,-0.21,-0.10073,0.30298,0.31928
2024-10-30T17:00,development,4.68,222,4.73,219,0.05,0.15485,-0.19798,0.25135
2024-10-30T18:00,development,5.03,221,4.67,225,-0.36,-0.00221,0.494,0.49401
2024-10-30T19:00,development,4.61,207,4.46,223,-0.15,-0.94882,0.8457,1.27101
2024-10-30T20:00,development,4.27,201,4.14,217,-0.13,-0.96128,0.68004,1.1775
2024-10-30T21:00,development,4.27,201,3.4,206,-0.87,0.03977,0.93049,0.93134
2024-10-30T22:00,development,2.25,212,2.79,201,0.54,0.19247,-0.69658,0.72268
2024-10-30T23:00,development,1.75,193,2.83,197,1.08,-0.43375,-1.00119,1.09111
2024-10-31T00:00,development,1.6,180,2.91,199,1.31,-0.9474,-1.15146,1.49112
2024-10-31T01:00,development,1.9,162,2.84,194,0.94,-1.27419,-0.94863,1.58854
2024-10-31T02:00,development,1.17,160,2.99,201,1.82,-1.47168,-1.69197,2.24245
2024-10-31T03:00,development,0.3,90,2.7,214,2.4,-1.80982,-2.2384,2.87852
2024-10-31T04:00,development,0.89,27,2.36,234,1.47,-2.31333,-2.18017,3.17878
2024-10-31T05:00,development,1.89,32,2.35,218,0.46,-2.44835,-3.45464,4.23426
2024-10-31T06:00,development,1.5,37,2.89,194,1.39,-1.60188,-4.00211,4.31079
2024-10-31T07:00,development,1.8,19,2.75,196,0.95,-1.34403,-4.3454,4.54851
2024-10-31T08:00,development,1.7,40,2.64,199,0.94,-1.95224,-3.79844,4.27076
2024-10-31T09:00,development,1.2,90,3.08,188,1.88,-1.62865,-3.05003,3.45762
2024-10-31T10:00,development,1.52,157,3.27,187,1.75,-0.99242,-1.84646,2.09626
2024-10-31T11:00,development,1.94,145,3.36,191,1.42,-1.75386,-1.70911,2.44889
2024-10-31T12:00,development,1.4,184,3.45,190,2.05,-0.50143,-2.001,2.06287
2024-10-31T13:00,development,1.13,135,4.09,207,2.96,-2.65585,-2.84519,3.89212
2024-10-31T14:00,development,4.16,207,3.4,197,-0.76,0.89454,0.45515,1.00367
2024-10-31T15:00,development,5.41,205,4.76,205,-0.65,0.2747,0.5891,0.65
2024-10-31T16:00,development,6.38,215,5.78,217,-0.6,0.18093,0.61008,0.63634
2024-10-31T17:00,development,5.98,218,6.1,215,0.12,0.18284,-0.28452,0.33821
2024-10-31T18:00,development,5.99,213,6.19,213,0.2,-0.10893,-0.16773,0.2
2024-10-31T19:00,development,5.35,213,6.24,212,0.89,-0.39288,-0.80493,0.89569
2024-10-31T20:00,development,5.34,218,7.36,226,2.02,-2.00671,-0.90471,2.20122
2024-10-31T21:00,development,5.33,210,5.27,222,-0.06,-0.86132,0.69954,1.10961
2024-10-31T22:00,development,4.19,213,4.97,219,0.78,-0.84568,-0.34839,0.91463
2024-10-31T23:00,development,2.6,203,4.35,218,1.75,-1.66223,-1.03453,1.95787
2024-11-01T00:00,holdout,3.36,210,4.43,217,1.07,-0.98604,-0.62811,1.1691
2024-11-01T01:00,holdout,2.77,193,4.23,213,1.46,-1.68071,-0.84857,1.88278
2024-11-01T02:00,holdout,2.97,225,5.08,230,2.11,-1.7914,-1.16525,2.13704
2024-11-01T03:00,holdout,3.55,238,5.76,239,2.21,-1.92671,-1.08541,2.21141
2024-11-01T04:00,holdout,6.02,255,6.16,240,0.14,0.48016,-1.52191,1.59586
2024-11-01T05:00,holdout,5.82,235,5.7,242,-0.12,-0.26534,0.66223,0.71341
2024-11-01T06:00,holdout,4.22,234,5.08,249,0.86,-1.32854,0.65994,1.48342
2024-11-01T07:00,holdout,3.68,227,4.72,244,1.04,-1.55093,0.44064,1.61231
2024-11-01T08:00,holdout,3.25,225,4.83,249,1.58,-2.2111,0.56718,2.28268
2024-11-01T09:00,holdout,4.18,228,4.76,251,0.58,-1.39432,1.24726,1.87077
2024-11-01T10:00,holdout,4.57,247,4.6,262,0.03,-0.34853,1.14544,1.19729
2024-11-01T11:00,holdout,3.81,256,4.28,256,0.47,-0.45604,-0.1137,0.47
2024-11-01T12:00,holdout,3.86,233,5.12,274,1.26,-2.02479,2.68016,3.35902
2024-11-01T13:00,holdout,5.72,251,5.5,278,-0.22,-0.03811,2.6277,2.62798
2024-11-01T14:00,holdout,6.07,261,5.35,278,-0.72,0.69733,1.69413,1.83204
2024-11-01T15:00,holdout,6.04,277,5.1,278,-0.94,0.94461,-0.02631,0.94498
2024-11-01T16:00,holdout,4.81,287,4.92,279,0.11,-0.2596,-0.63665,0.68754
2024-11-01T17:00,holdout,4.82,275,4.62,280,-0.2,0.25185,0.38216,0.45769
2024-11-01T18:00,holdout,4.73,276,4.34,282,-0.39,0.45893,0.40792,0.61401
2024-11-01T19:00,holdout,4.55,289,4.52,288,-0.03,0.00333,-0.08458,0.08464
2024-11-01T20:00,holdout,4.1,313,4.15,292,0.05,-0.84926,-1.24158,1.50425
2024-11-01T21:00,holdout,4.18,318,3.76,289,-0.42,-0.75818,-1.88221,2.02918
2024-11-01T22:00,holdout,4.33,310,2.72,290,-1.61,0.76101,-1.85298,2.00316
2024-11-01T23:00,holdout,2.41,318,2.48,312,0.07,-0.23039,-0.13154,0.2653
2024-11-02T00:00,holdout,1.78,308,2.44,337,0.66,0.44928,1.15015,1.23479
2024-11-02T01:00,holdout,0.81,240,1.67,311,0.86,-0.55888,1.50062,1.60131
2024-11-02T02:00,holdout,1.06,229,0.91,276,-0.15,-0.10502,0.79054,0.79749
2024-11-02T03:00,holdout,0.89,243,1.35,248,0.46,-0.4587,-0.10167,0.46983
2024-11-02T04:00,holdout,1.41,278,1.57,233,0.16,0.14242,-1.14108,1.14994
2024-11-02T05:00,holdout,0.0,270,1.67,231,1.67,-1.29783,-1.05097,1.67
2024-11-02T06:00,holdout,0.82,194,1.71,255,0.89,-1.45336,0.35306,1.49563
2024-11-02T07:00,holdout,1.04,197,2.01,284,0.97,-1.64623,1.48082,2.21425
2024-11-02T08:00,holdout,0.82,256,2.26,295,1.44,-1.25261,1.15349,1.70282
2024-11-02T09:00,holdout,0.57,315,2.15,298,1.58,-1.49529,0.60631,1.61354
2024-11-02T10:00,holdout,0.81,277,1.74,297,0.93,-0.74639,0.69123,1.0173
2024-11-02T11:00,holdout,0.72,304,1.36,306,0.64,-0.50336,0.39677,0.64093
2024-11-02T12:00,holdout,0.64,231,0.96,317,0.32,-0.15735,1.10486,1.11601
2024-11-02T13:00,holdout,1.06,131,1.42,328,0.36,-1.55248,1.89965,2.45334
2024-11-02T14:00,holdout,0.28,135,1.43,12,1.15,0.09932,1.59674,1.59983
2024-11-02T15:00,holdout,1.2,360,1.81,354,0.61,-0.1892,0.60008,0.6292
2024-11-02T16:00,holdout,1.0,307,1.49,340,0.49,0.28903,0.79833,0.84904
2024-11-02T17:00,holdout,0.71,278,1.32,335,0.61,0.14523,1.09751,1.10708
2024-11-02T18:00,holdout,1.32,351,1.21,322,-0.11,-0.53846,-0.35026,0.64235
2024-11-02T19:00,holdout,1.08,338,1.53,322,0.45,-0.53739,0.2043,0.57491
2024-11-02T20:00,holdout,2.14,349,1.78,322,-0.36,-0.68755,-0.69802,0.97977
2024-11-02T21:00,holdout,1.91,354,1.9,333,-0.01,-0.66293,-0.20662,0.69439
2024-11-02T22:00,holdout,1.82,351,1.68,350,-0.14,-0.00702,-0.14312,0.14329
2024-11-02T23:00,holdout,1.36,17,2.4,356,1.04,-0.56504,1.09358,1.23093
2024-11-03T00:00,holdout,0.89,117,2.46,6,1.57,-0.53586,2.85058,2.9005
2024-11-03T01:00,holdout,1.6,176,2.42,27,0.82,0.98705,3.75234,3.87999
2024-11-03T02:00,holdout,1.4,176,2.41,40,1.01,1.45146,3.24276,3.55277
2024-11-03T03:00,holdout,0.94,148,2.83,44,1.89,1.46776,2.8329,3.19055
2024-11-03T04:00,holdout,0.22,333,2.8,47,2.58,2.14767,1.71357,2.74751
2024-11-03T05:00,holdout,0.67,63,2.79,54,2.12,1.66018,1.33575,2.13083
2024-11-03T06:00,holdout,1.08,34,2.59,50,1.51,1.38013,0.76946,1.58013
2024-11-03T07:00,holdout,0.57,45,2.6,52,2.03,1.64578,1.19767,2.03543
2024-11-03T08:00,holdout,0.86,36,2.94,47,2.08,1.64468,1.30932,2.10221
2024-11-03T09:00,holdout,0.81,7,2.99,52,2.18,2.25744,1.03687,2.48417
2024-11-03T10:00,holdout,0.94,32,2.85,52,1.91,1.74771,0.95747,1.99279
2024-11-03T11:00,holdout,1.8,34,2.76,55,0.96,1.25431,0.0908,1.25759
2024-11-03T12:00,holdout,1.08,34,2.95,56,1.87,1.84173,0.75426,1.9902
2024-11-03T13:00,holdout,0.5,37,3.39,59,2.89,2.60489,1.34666,2.9324
2024-11-03T14:00,holdout,2.56,39,2.47,76,-0.09,0.78557,-1.39195,1.59832
2024-11-03T15:00,holdout,2.84,51,2.95,89,0.11,0.74246,-1.73579,1.88791
2024-11-03T16:00,holdout,2.91,74,3.18,98,0.27,0.35178,-1.24468,1.29343
2024-11-03T17:00,holdout,2.83,98,3.19,99,0.36,0.34827,-0.10517,0.3638
2024-11-03T18:00,holdout,3.22,97,3.24,103,0.02,-0.03904,-0.33642,0.33868
2024-11-03T19:00,holdout,3.6,88,3.36,101,-0.24,-0.29954,-0.76676,0.82319
2024-11-03T20:00,holdout,3.3,104,3.82,101,0.52,0.54784,0.06945,0.55222
2024-11-03T21:00,holdout,3.42,97,4.11,100,0.69,0.65305,-0.2969,0.71738
2024-11-03T22:00,holdout,3.04,81,3.37,96,0.33,0.34897,-0.82782,0.89837
2024-11-03T23:00,holdout,2.34,70,3.61,100,1.27,1.35628,-1.4272,1.96885
2024-11-04T00:00,holdout,2.4,73,3.72,107,1.32,1.26232,-1.78931,2.18977
2024-11-04T01:00,holdout,2.06,67,3.74,113,1.68,1.54645,-2.26624,2.7436
2024-11-04T02:00,holdout,1.89,58,3.6,119,1.71,1.54582,-2.74686,3.15195
2024-11-04T03:00,holdout,1.82,81,3.6,119,1.78,1.35104,-2.03003,2.43851
2024-11-04T04:00,holdout,2.3,2,3.37,125,1.07,2.68027,-4.23155,5.00898
2024-11-04T05:00,holdout,2.86,12,3.39,127,0.53,2.11275,-4.83766,5.27888
2024-11-04T06:00,holdout,2.77,41,3.19,131,0.42,0.59024,-4.18337,4.22481
2024-11-04T07:00,holdout,3.3,14,2.97,135,-0.33,1.30176,-5.30208,5.45955
2024-11-04T08:00,holdout,2.95,28,2.72,137,-0.23,0.47009,-4.59398,4.61797
2024-11-04T09:00,holdout,2.95,24,3.08,133,0.13,1.0527,-4.79551,4.9097
2024-11-04T10:00,holdout,2.3,34,2.79,144,0.49,0.35378,-4.16394,4.17895
2024-11-04T11:00,holdout,2.24,27,2.87,139,0.63,0.86595,-4.16187,4.251
2024-11-04T12:00,holdout,1.97,60,2.75,143,0.78,-0.05108,-3.18125,3.18166
2024-11-04T13:00,holdout,1.84,41,2.9,135,1.06,0.84346,-3.43928,3.54119
2024-11-04T14:00,holdout,2.27,131,2.62,138,0.35,0.03993,-0.45779,0.45952
2024-11-04T15:00,holdout,2.55,138,3.22,147,0.67,0.04745,-0.8055,0.8069
2024-11-04T16:00,holdout,2.77,154,3.74,157,0.97,0.24705,-0.95303,0.98453
2024-11-04T17:00,holdout,2.95,152,4.13,163,1.18,-0.17745,-1.34484,1.3565
2024-11-04T18:00,holdout,3.09,151,4.27,175,1.18,-1.12591,-1.55118,1.91672
2024-11-04T19:00,holdout,3.83,147,4.15,178,0.32,-1.94113,-0.93536,2.15474
2024-11-04T20:00,holdout,3.66,145,3.99,172,0.33,-1.54399,-0.95307,1.81446
2024-11-04T21:00,holdout,2.69,149,3.44,167,0.75,-0.61162,-1.04605,1.21174
2024-11-04T22:00,holdout,2.06,141,3.37,162,1.31,-0.25501,-1.60414,1.62428
2024-11-04T23:00,holdout,3.61,124,4.01,141,0.4,-0.46925,-1.09767,1.19376
2024-11-05T00:00,holdout,2.72,126,4.19,144,1.47,0.26229,-1.79101,1.81011
2024-11-05T01:00,holdout,1.7,118,4.05,153,2.35,0.33765,-2.81047,2.83068
2024-11-05T02:00,holdout,2.19,137,3.96,164,1.77,-0.40205,-2.20493,2.24129
2024-11-05T03:00,holdout,1.8,109,4.03,174,2.23,-1.28068,-3.4219,3.6537
2024-11-05T04:00,holdout,1.66,65,4.1,183,2.44,-1.71905,-4.79593,5.09471
2024-11-05T05:00,holdout,2.19,66,3.77,185,1.58,-2.32924,-4.64641,5.19754
2024-11-05T06:00,holdout,2.33,80,3.65,180,1.32,-2.2946,-4.0546,4.65886
2024-11-05T07:00,holdout,1.8,87,3.2,178,1.4,-1.68585,-3.29226,3.69879
2024-11-05T08:00,holdout,2.58,54,3.0,183,0.42,-2.24427,-4.51237,5.03967
2024-11-05T09:00,holdout,3.18,46,3.01,185,-0.17,-2.54984,-5.20756,5.79831
2024-11-05T10:00,holdout,3.39,45,3.11,186,-0.28,-2.72218,-5.49006,6.12788
2024-11-05T11:00,holdout,2.91,49,3.17,186,0.26,-2.52756,-5.06177,5.65774
2024-11-05T12:00,holdout,2.4,45,3.27,187,0.87,-2.09557,-4.94268,5.36857
2024-11-05T13:00,holdout,2.25,58,3.65,182,1.4,-2.03549,-4.84009,5.25069
2024-11-05T14:00,holdout,2.08,35,4.71,197,2.63,-2.57011,-6.20803,6.71901
2024-11-05T15:00,holdout,4.08,197,4.58,194,0.5,0.08487,-0.54223,0.54883
2024-11-05T16:00,holdout,5.0,200,4.8,188,-0.2,1.04207,-0.05482,1.04351
2024-11-05T17:00,holdout,5.92,202,4.86,197,-1.06,0.79674,0.84129,1.15869
2024-11-05T18:00,holdout,5.61,202,6.55,216,0.94,-1.74845,-0.09756,1.75117
2024-11-05T19:00,holdout,4.49,197,6.94,218,2.45,-2.95994,-1.17499,3.18463
2024-11-05T20:00,holdout,4.95,194,6.21,215,1.26,-2.3644,-0.28397,2.38139
2024-11-05T21:00,holdout,4.69,191,4.43,204,-0.26,-0.90695,0.55683,1.06424
2024-11-05T22:00,holdout,2.31,175,4.4,179,2.09,-0.12454,-2.09812,2.10181
2024-11-05T23:00,holdout,3.32,159,5.23,173,1.91,-0.5524,-2.09153,2.16325
2024-11-06T00:00,holdout,3.73,160,5.36,177,1.63,-0.99521,-1.8476,2.09859
2024-11-06T01:00,holdout,4.47,170,4.8,182,0.33,-0.94372,-0.39499,1.02305
2024-11-06T02:00,holdout,4.88,169,5.2,182,0.32,-1.11263,-0.40649,1.18455
2024-11-06T03:00,holdout,4.69,169,5.23,187,0.54,-1.53227,-0.58718,1.64093
2024-11-06T04:00,holdout,4.9,181,5.28,190,0.38,-0.83135,-0.30053,0.884
2024-11-06T05:00,holdout,5.32,184,5.05,196,-0.27,-1.02086,0.45267,1.11672
2024-11-06T06:00,holdout,3.77,191,4.97,201,1.2,-1.06174,-0.93916,1.4175
2024-11-06T07:00,holdout,3.65,189,4.93,203,1.28,-1.35532,-0.93303,1.64543
2024-11-06T08:00,holdout,3.96,196,4.9,205,0.94,-0.97931,-0.63431,1.16679
2024-11-06T09:00,holdout,3.04,189,4.88,203,1.84,-1.43121,-1.48949,2.06566
2024-11-06T10:00,holdout,3.48,198,4.79,209,1.31,-1.24686,-0.87975,1.52598
2024-11-06T11:00,holdout,3.7,199,4.63,213,0.93,-1.31708,-0.38463,1.37209
2024-11-06T12:00,holdout,4.7,209,4.36,217,-0.34,-0.34531,0.62866,0.71725
2024-11-06T13:00,holdout,4.91,213,4.53,229,-0.38,-0.74466,1.14593,1.36662
2024-11-06T14:00,holdout,3.1,201,4.57,222,1.47,-1.94699,-0.50207,2.01068
2024-11-06T15:00,holdout,3.62,204,3.96,224,0.34,-1.27846,0.45845,1.35817
2024-11-06T16:00,holdout,3.78,217,3.68,226,-0.1,-0.37231,0.4625,0.59373
2024-11-06T17:00,holdout,4.58,216,4.23,230,-0.35,-0.54831,0.98631,1.12847
2024-11-06T18:00,holdout,4.95,225,4.03,227,-0.92,0.55282,0.75173,0.93312
2024-11-06T19:00,holdout,4.24,223,5.25,233,1.01,-1.30116,-0.05859,1.30248
2024-11-06T20:00,holdout,4.97,230,5.82,235,0.85,-0.96022,-0.14356,0.9709
2024-11-06T21:00,holdout,4.83,236,4.49,232,-0.34,0.46608,-0.06342,0.47038
2024-11-06T22:00,holdout,3.54,241,3.44,229,-0.1,0.49995,-0.54062,0.73636
2024-11-06T23:00,holdout,2.92,232,3.02,236,0.1,-0.2027,0.10897,0.23014
2024-11-07T00:00,holdout,1.66,237,2.84,231,1.18,-0.8149,-0.88317,1.20169
2024-11-07T01:00,holdout,1.22,235,2.52,256,1.3,-1.44578,0.09012,1.44859
2024-11-07T02:00,holdout,1.46,254,2.17,247,0.71,-0.59405,-0.44546,0.74252
2024-11-07T03:00,holdout,1.3,184,2.38,278,1.08,-2.26615,1.62807,2.79035
2024-11-07T04:00,holdout,1.61,263,2.14,291,0.53,-0.39986,0.96312,1.04283
2024-11-07T05:00,holdout,0.1,360,1.63,297,1.53,-1.45234,0.64,1.5871
2024-11-07T06:00,holdout,1.1,270,1.57,287,0.47,-0.4014,0.45902,0.60977
2024-11-07T07:00,holdout,1.0,270,2.1,298,1.1,-0.85419,0.98589,1.30446
2024-11-07T08:00,holdout,1.5,307,2.38,300,0.88,-0.86319,0.28728,0.90974
2024-11-07T09:00,holdout,0.71,262,2.51,316,1.8,-1.0405,1.90436,2.17007
2024-11-07T10:00,holdout,1.06,229,2.37,318,1.31,-0.78585,2.45668,2.5793
2024-11-07T11:00,holdout,0.82,256,2.0,307,1.18,-0.80163,1.40201,1.615
2024-11-07T12:00,holdout,0.99,315,2.41,320,1.42,-0.84908,1.14613,1.42638
2024-11-07T13:00,holdout,2.37,332,1.86,324,-0.51,0.01937,-0.58781,0.58813
2024-11-07T14:00,holdout,3.0,330,2.48,326,-0.52,0.1132,-0.54206,0.55376
2024-11-07T15:00,holdout,3.11,327,3.03,329,-0.08,0.13326,-0.01105,0.13372
2024-11-07T16:00,holdout,2.76,316,3.33,319,0.57,-0.26742,0.52781,0.59169
2024-11-07T17:00,holdout,2.82,293,2.86,306,0.04,0.28204,0.5792,0.64422
2024-11-07T18:00,holdout,2.56,291,2.73,305,0.17,0.15368,0.64844,0.6664
2024-11-07T19:00,holdout,2.15,298,2.59,319,0.44,0.19914,0.94533,0.96608
2024-11-07T20:00,holdout,3.05,311,2.68,323,-0.37,0.689,0.13936,0.70295
2024-11-07T21:00,holdout,3.16,305,2.62,329,-0.54,1.23912,0.43328,1.31269
2024-11-07T22:00,holdout,2.56,329,1.7,332,-0.86,0.5204,-0.69334,0.86691
2024-11-07T23:00,holdout,1.71,353,1.78,350,0.07,-0.1007,0.0557,0.11508
2024-11-08T00:00,holdout,1.14,345,2.33,9,1.19,0.65955,1.20016,1.36945
2024-11-08T01:00,holdout,0.81,30,1.94,342,1.13,-1.00449,1.14357,1.52209
2024-11-08T02:00,holdout,1.34,243,1.87,351,0.53,0.90142,2.45532,2.61556
2024-11-08T03:00,holdout,0.85,201,2.04,335,1.19,-0.55753,2.64241,2.70059
2024-11-08T04:00,holdout,1.88,295,2.25,323,0.37,0.34977,1.00241,1.06168
2024-11-08T05:00,holdout,0.81,277,2.09,318,1.28,-0.59452,1.45446,1.57127
2024-11-08T06:00,holdout,1.39,210,1.58,305,0.19,-0.59926,2.11003,2.19347
2024-11-08T07:00,holdout,2.1,180,1.23,258,-0.87,-1.20312,1.84427,2.20201
2024-11-08T08:00,holdout,1.17,211,1.75,257,0.58,-1.10255,0.60922,1.25967
2024-11-08T09:00,holdout,0.42,225,1.78,259,1.36,-1.45031,-0.04266,1.45094
2024-11-08T10:00,holdout,0.4,180,1.81,275,1.41,-1.80311,0.55775,1.88741
2024-11-08T11:00,holdout,0.76,203,1.75,270,0.99,-1.45304,0.69958,1.61269
2024-11-08T12:00,holdout,0.5,307,1.79,252,1.29,-1.30307,-0.85405,1.55801
2024-11-08T13:00,holdout,0.76,203,2.91,254,2.15,-2.50032,-0.10252,2.50242
2024-11-08T14:00,holdout,2.97,225,2.59,260,-0.38,-0.45054,1.65036,1.71075
2024-11-08T15:00,holdout,3.08,257,2.97,264,-0.11,0.04733,0.3824,0.38532
2024-11-08T16:00,holdout,3.61,256,3.37,263,-0.24,0.15789,0.46264,0.48884
2024-11-08T17:00,holdout,4.53,239,4.28,259,-0.25,-0.3184,1.51646,1.54952
2024-11-08T18:00,holdout,5.03,249,5.41,267,0.38,-0.70668,1.51945,1.67575
2024-11-08T19:00,holdout,6.1,272,5.82,274,-0.28,0.29046,0.1931,0.34879
2024-11-08T20:00,holdout,6.0,272,5.85,281,-0.15,0.25383,0.90684,0.94169
2024-11-08T21:00,holdout,5.74,263,4.85,282,-0.89,0.9532,1.7079,1.95589
2024-11-08T22:00,holdout,3.5,272,4.21,290,0.71,-0.45824,1.31776,1.39516
2024-11-08T23:00,holdout,2.01,276,4.03,300,2.02,-1.49109,1.8049,2.34116
2024-11-09T00:00,holdout,1.99,288,3.98,320,1.99,-0.66569,2.43391,2.52331
2024-11-09T01:00,holdout,2.13,311,4.16,331,2.03,-0.40928,2.24101,2.27808
2024-11-09T02:00,holdout,2.0,323,3.26,333,1.26,-0.27638,1.30741,1.3363
2024-11-09T03:00,holdout,1.25,299,3.79,352,2.54,0.56581,3.1471,3.19756
2024-11-09T04:00,holdout,2.09,343,3.45,360,1.36,0.61106,1.45132,1.57472
2024-11-09T05:00,holdout,1.93,339,2.65,357,0.72,0.55296,0.84456,1.00948
2024-11-09T06:00,holdout,1.17,340,2.45,1,1.28,0.44292,1.35019,1.42098
2024-11-09T07:00,holdout,1.34,333,2.55,3,1.21,0.7418,1.35256,1.54262
2024-11-09T08:00,holdout,0.94,328,2.55,3,1.61,0.63158,1.74934,1.85986
2024-11-09T09:00,holdout,0.91,6,2.69,10,1.78,0.37199,1.74412,1.78335
2024-11-09T10:00,holdout,0.45,117,2.48,28,2.03,0.76334,2.39401,2.51276
2024-11-09T11:00,holdout,1.22,189,2.33,47,1.11,1.8949,2.79404,3.37599
2024-11-09T12:00,holdout,0.41,166,2.58,58,2.17,2.08878,1.76501,2.73464
2024-11-09T13:00,holdout,1.25,61,2.93,67,1.68,1.6038,0.53883,1.6919
2024-11-09T14:00,holdout,2.95,66,3.24,70,0.29,0.34964,-0.09173,0.36148
2024-11-09T15:00,holdout,3.61,71,3.43,74,-0.18,-0.11619,-0.22986,0.25756
2024-11-09T16:00,holdout,3.23,68,3.03,77,-0.2,-0.04246,-0.52838,0.53008
2024-11-09T17:00,holdout,3.22,60,3.19,76,-0.03,0.30664,-0.83827,0.89259
2024-11-09T18:00,holdout,3.18,62,3.37,78,0.19,0.48858,-0.79226,0.9308
2024-11-09T19:00,holdout,2.59,62,2.52,82,-0.07,0.20864,-0.86522,0.89002
2024-11-09T20:00,holdout,2.24,63,2.48,81,0.24,0.45361,-0.62898,0.77549
2024-11-09T21:00,holdout,2.25,69,1.93,80,-0.32,-0.19988,-0.47119,0.51183
2024-11-09T22:00,holdout,1.91,47,2.22,59,0.31,0.50603,-0.15923,0.53049
2024-11-09T23:00,holdout,2.01,27,3.11,66,1.1,1.92861,-0.52597,1.99904
2024-11-10T00:00,holdout,1.61,30,3.32,84,1.71,2.49681,-1.04727,2.70755
2024-11-10T01:00,holdout,1.04,73,2.93,98,1.89,1.90693,-0.71184,2.03546
2024-11-10T02:00,holdout,1.66,65,2.96,109,1.3,1.29426,-1.66523,2.10905
2024-11-10T03:00,holdout,1.94,35,3.18,114,1.24,1.79234,-2.88258,3.39437
2024-11-10T04:00,holdout,0.71,82,2.89,120,2.18,1.79972,-1.54381,2.37115
2024-11-10T05:00,holdout,1.36,54,2.43,127,1.07,0.84042,-2.2618,2.41289
2024-11-10T06:00,holdout,2.02,33,2.62,125,0.6,1.04601,-3.19688,3.36366
2024-11-10T07:00,holdout,2.2,51,2.69,133,0.49,0.25762,-3.21908,3.22937
2024-11-10T08:00,holdout,2.97,33,2.02,134,-0.95,-0.16451,-3.89406,3.89753
2024-11-10T09:00,holdout,2.7,39,1.66,151,-1.04,-0.89438,-3.55016,3.66109
2024-11-10T10:00,holdout,2.92,38,2.55,152,-0.37,-0.60058,-4.55251,4.59195
2024-11-10T11:00,holdout,3.05,32,2.79,165,-0.26,-0.89415,-5.28148,5.35663
2024-11-10T12:00,holdout,3.64,37,3.48,164,-0.16,-1.23139,-6.25222,6.37233
2024-11-10T13:00,holdout,3.09,25,3.42,165,0.33,-0.42073,-6.10396,6.11844
2024-11-10T14:00,holdout,1.92,39,3.08,160,1.16,-0.15487,-4.38637,4.38911
2024-11-10T15:00,holdout,2.95,66,3.59,148,0.64,-0.79255,-4.24437,4.31773
2024-11-10T16:00,holdout,2.85,162,4.07,174,1.22,-0.45527,-1.33719,1.41257
2024-11-10T17:00,holdout,2.86,155,4.3,180,1.44,-1.20869,-1.70796,2.09238
2024-11-10T18:00,holdout,2.48,133,4.01,190,1.53,-2.51009,-2.25772,3.37607
2024-11-10T19:00,holdout,2.16,193,3.71,190,1.55,-0.15834,-1.549,1.55707
2024-11-10T20:00,holdout,2.5,178,3.86,190,1.36,-0.75753,-1.30288,1.5071
2024-11-10T21:00,holdout,2.5,178,3.56,185,1.06,-0.39752,-1.04798,1.12084
2024-11-10T22:00,holdout,2.04,169,3.8,181,1.76,-0.45557,-1.7969,1.85375
2024-11-10T23:00,holdout,0.6,90,3.37,198,2.77,-1.64139,-3.20506,3.60091
2024-11-11T00:00,holdout,0.51,169,3.73,198,3.22,-1.24995,-3.04681,3.29324
2024-11-11T01:00,holdout,4.27,201,5.84,212,1.57,-1.5645,-0.96621,1.83881
2024-11-11T02:00,holdout,2.73,208,5.32,221,2.59,-2.20858,-1.60461,2.72994
2024-11-11T03:00,holdout,3.5,211,4.36,222,0.86,-1.11478,-0.24003,1.14032
2024-11-11T04:00,holdout,3.86,201,5.74,229,1.88,-2.94873,-0.16216,2.95319
2024-11-11T05:00,holdout,2.95,208,5.45,235,2.5,-3.07944,-0.5213,3.12325
2024-11-11T06:00,holdout,4.25,204,5.89,240,1.64,-3.37226,0.93757,3.50017
2024-11-11T07:00,holdout,5.69,231,4.75,248,-0.94,0.01784,1.80145,1.80154
2024-11-11T08:00,holdout,4.5,270,4.83,277,0.33,-0.294,0.58863,0.65797
2024-11-11T09:00,holdout,3.14,261,4.8,271,1.66,-1.69793,0.57498,1.79264
2024-11-11T10:00,holdout,2.56,249,4.16,275,1.6,-1.7542,1.27999,2.17154
2024-11-11T11:00,holdout,2.33,245,3.46,266,1.13,-1.33987,0.74334,1.53226
2024-11-11T12:00,holdout,2.19,227,3.21,259,1.02,-1.54936,0.88108,1.78236
2024-11-11T13:00,holdout,2.26,225,3.67,255,1.41,-1.94689,0.6482,2.05196
2024-11-11T14:00,holdout,3.85,242,3.63,255,-0.22,-0.10696,0.86795,0.87452
2024-11-11T15:00,holdout,4.35,247,4.23,259,-0.12,-0.14809,0.89256,0.90476
2024-11-11T16:00,holdout,4.85,238,5.83,256,0.98,-1.54379,1.1597,1.93086
2024-11-11T17:00,holdout,5.27,237,6.4,256,1.13,-1.7901,1.32195,2.22531
2024-11-11T18:00,holdout,5.52,238,6.65,258,1.13,-1.82346,1.54254,2.38839
2024-11-11T19:00,holdout,6.09,240,6.15,252,0.06,-0.5749,1.14455,1.28082
2024-11-11T20:00,holdout,6.49,245,5.85,252,-0.64,0.31826,0.93504,0.98772
2024-11-11T21:00,holdout,5.52,238,5.54,255,0.02,-0.67,1.4913,1.63489
2024-11-11T22:00,holdout,5.14,243,4.3,258,-0.84,0.37374,1.43949,1.48722
2024-11-11T23:00,holdout,4.49,258,3.94,252,-0.55,0.64472,-0.284,0.7045
2024-11-12T00:00,holdout,4.5,269,4.71,261,0.21,-0.1527,-0.65827,0.67575
2024-11-12T01:00,holdout,3.9,247,3.91,274,0.01,-0.31051,1.7966,1.82323
2024-11-12T02:00,holdout,1.36,197,4.02,264,2.66,-3.60035,0.88037,3.70643
2024-11-12T03:00,holdout,3.26,259,4.71,274,1.45,-1.49842,0.95059,1.77451
2024-11-12T04:00,holdout,5.1,298,4.74,308,-0.36,0.76786,0.52393,0.92958
2024-11-12T05:00,holdout,4.41,303,4.82,323,0.41,0.79779,1.44757,1.65285
2024-11-12T06:00,holdout,4.12,309,4.07,318,-0.05,0.47848,0.4318,0.64451
2024-11-12T07:00,holdout,3.72,306,4.21,318,0.49,0.1925,0.94208,0.96155
2024-11-12T08:00,holdout,3.54,317,3.68,316,0.14,-0.14207,0.05818,0.15352
2024-11-12T09:00,holdout,2.08,305,3.54,313,1.46,-0.88516,1.22124,1.50828
2024-11-12T10:00,holdout,1.97,294,3.18,303,1.21,-0.86729,0.93068,1.27215
2024-11-12T11:00,holdout,2.61,274,3.96,331,1.35,0.6838,3.28143,3.35192
2024-11-12T12:00,holdout,3.28,322,4.3,348,1.02,1.12535,1.62136,1.97363
2024-11-12T13:00,holdout,3.48,342,4.22,354,0.74,0.63427,0.88721,1.09061
2024-11-12T14:00,holdout,4.24,345,4.1,357,-0.14,0.88282,-0.00114,0.88282
2024-11-12T15:00,holdout,4.4,343,3.95,358,-0.45,1.14858,-0.26015,1.17767
2024-11-12T16:00,holdout,4.24,352,3.5,1,-0.74,0.65118,-0.69927,0.95552
2024-11-12T17:00,holdout,3.7,358,3.49,8,-0.21,0.61484,-0.24171,0.66065
2024-11-12T18:00,holdout,4.0,357,3.31,4,-0.69,0.44024,-0.69258,0.82066
2024-11-12T19:00,holdout,3.5,360,3.11,356,-0.39,-0.21694,-0.39758,0.45291
2024-11-12T20:00,holdout,3.62,6,2.9,3,-0.72,-0.22662,-0.70414,0.73971
2024-11-12T21:00,holdout,3.31,5,2.68,14,-0.63,0.35987,-0.69701,0.78443
2024-11-12T22:00,holdout,2.75,10,1.93,21,-0.82,0.21412,-0.90641,0.93136
2024-11-12T23:00,holdout,1.77,16,1.85,19,0.08,0.11442,0.04778,0.124
2024-11-13T00:00,holdout,1.4,4,1.87,16,0.47,0.41778,0.40097,0.57907
2024-11-13T01:00,holdout,1.13,45,2.33,31,1.2,0.40101,1.19817,1.26349
2024-11-13T02:00,holdout,1.49,48,2.87,40,1.38,0.73751,1.20154,1.40983
2024-11-13T03:00,holdout,1.66,57,3.01,47,1.35,0.80918,1.14871,1.4051
2024-11-13T04:00,holdout,1.43,65,3.22,57,1.79,1.4045,1.14939,1.81486
2024-11-13T05:00,holdout,1.17,70,3.4,70,2.23,2.09551,0.7627,2.23
2024-11-13T06:00,holdout,1.75,66,3.23,74,1.48,1.50617,0.17852,1.51671
2024-11-13T07:00,holdout,1.3,58,3.23,74,1.93,2.00241,0.20141,2.01252
2024-11-13T08:00,holdout,0.71,45,2.93,76,2.22,2.34092,0.20679,2.35004
2024-11-13T09:00,holdout,0.73,254,2.91,78,2.18,3.54813,0.80624,3.63858
2024-11-13T10:00,holdout,1.44,56,2.68,76,1.24,1.40658,-0.15689,1.4153
2024-11-13T11:00,holdout,0.58,31,2.2,69,1.62,1.75515,0.29125,1.77916
2024-11-13T12:00,holdout,1.21,24,2.91,71,1.7,2.25931,-0.15799,2.26482
2024-11-13T13:00,holdout,0.72,34,3.23,74,2.51,2.70226,0.2934,2.71814
2024-11-13T14:00,holdout,2.72,54,2.12,75,-0.6,-0.15276,-1.05008,1.06113
2024-11-13T15:00,holdout,2.47,76,2.35,92,-0.12,-0.04806,-0.67956,0.68126
2024-11-13T16:00,holdout,2.47,76,2.46,95,-0.01,0.05401,-0.81195,0.81374
2024-11-13T17:00,holdout,3.31,87,2.97,103,-0.34,-0.41158,-0.84134,0.93662
2024-11-13T18:00,holdout,3.63,98,3.24,103,-0.39,-0.43771,-0.22364,0.49154
2024-11-13T19:00,holdout,4.03,83,3.3,104,-0.73,-0.79799,-1.28948,1.51642
2024-11-13T20:00,holdout,4.0,77,3.35,99,-0.65,-0.58872,-1.42386,1.54077
2024-11-13T21:00,holdout,3.74,74,3.26,94,-0.48,-0.34306,-1.25829,1.30422
2024-11-13T22:00,holdout,2.73,66,3.64,99,0.91,1.10121,-1.67981,2.00859
2024-11-13T23:00,holdout,3.28,78,3.88,102,0.6,0.58689,-1.48865,1.60016
2024-11-14T00:00,holdout,2.96,78,3.8,103,0.84,0.80729,-1.47023,1.67729
2024-11-14T01:00,holdout,3.32,83,3.73,110,0.41,0.2098,-1.68034,1.69339
2024-11-14T02:00,holdout,3.8,90,4.02,109,0.22,0.00098,-1.30878,1.30878
2024-11-14T03:00,holdout,2.12,71,3.44,118,1.32,1.03284,-2.30519,2.52599
2024-11-14T04:00,holdout,2.33,59,3.13,115,0.8,0.83954,-2.52283,2.65886
2024-11-14T05:00,holdout,3.35,73,2.87,119,-0.48,-0.69346,-2.37085,2.47019
2024-11-14T06:00,holdout,3.75,46,3.05,111,-0.7,0.1499,-3.69799,3.70103
2024-11-14T07:00,holdout,3.64,53,3.13,115,-0.51,-0.07029,-3.5134,3.5141
2024-11-14T08:00,holdout,3.06,52,3.29,114,0.23,0.59425,-3.22209,3.27643
2024-11-14T09:00,holdout,3.88,55,3.37,111,-0.51,-0.03214,-3.43318,3.43333
2024-11-14T10:00,holdout,3.9,89,3.58,117,-0.32,-0.7096,-1.69335,1.83602
2024-11-14T11:00,holdout,3.16,79,3.41,125,0.25,-0.30863,-2.55885,2.5774
2024-11-14T12:00,holdout,3.47,78,3.54,123,0.07,-0.42528,-2.64948,2.68339
2024-11-14T13:00,holdout,4.52,115,4.18,127,-0.34,-0.75821,-0.60535,0.97023
2024-11-14T14:00,holdout,3.96,106,4.48,129,0.52,-0.32498,-1.72783,1.75813
2024-11-14T15:00,holdout,3.42,105,4.49,134,1.07,-0.07363,-2.23385,2.23507
2024-11-14T16:00,holdout,4.42,95,4.38,134,-0.04,-1.25247,-2.65738,2.93774
2024-11-14T17:00,holdout,3.2,90,3.75,132,0.55,-0.41321,-2.50924,2.54303
2024-11-14T18:00,holdout,3.93,97,3.68,133,-0.25,-1.20932,-2.03081,2.36361
2024-11-14T19:00,holdout,3.26,101,3.47,133,0.21,-0.66231,-1.7445,1.86599
2024-11-14T20:00,holdout,2.4,88,3.68,133,1.28,0.29284,-2.59351,2.60999
2024-11-14T21:00,holdout,2.89,104,3.97,132,1.08,0.14613,-1.95729,1.96274
2024-11-14T22:00,holdout,2.25,111,3.44,130,1.19,0.53464,-1.40486,1.50315
2024-11-14T23:00,holdout,1.99,108,3.1,128,1.11,0.55023,-1.29361,1.40576
2024-11-15T00:00,holdout,1.94,102,3.29,133,1.35,0.50855,-1.84043,1.90939
2024-11-15T01:00,holdout,2.42,142,2.83,138,0.41,0.40374,-0.19611,0.44885
2024-11-15T02:00,holdout,1.71,97,2.99,142,1.28,0.14357,-2.14776,2.15255
2024-11-15T03:00,holdout,1.34,117,2.75,147,1.41,0.30381,-1.698,1.72496
2024-11-15T04:00,holdout,1.03,61,2.51,157,1.48,0.07988,-2.80982,2.81096
2024-11-15T05:00,holdout,1.66,57,2.12,161,0.46,-0.70199,-2.9086,2.99211
2024-11-15T06:00,holdout,0.92,77,1.46,158,0.54,-0.34949,-1.56064,1.5993
2024-11-15T07:00,holdout,1.43,65,0.9,183,-0.53,-1.34312,-1.50311,2.01577
2024-11-15T08:00,holdout,2.02,351,0.72,146,-1.3,0.71862,-2.59204,2.68981
2024-11-15T09:00,holdout,0.63,342,1.35,141,0.72,1.04426,-1.64831,1.95126
2024-11-15T10:00,holdout,0.76,67,1.29,167,0.53,-0.4094,-1.55389,1.60692
2024-11-15T11:00,holdout,0.41,104,0.71,188,0.3,-0.49663,-0.6039,0.78188
2024-11-15T12:00,holdout,0.41,346,1.13,193,0.72,-0.15501,-1.49886,1.50685
2024-11-15T13:00,holdout,0.22,297,1.97,234,1.75,-1.39774,-1.25781,1.88037
2024-11-15T14:00,holdout,2.06,241,2.07,255,0.01,-0.19775,0.46295,0.50342
2024-11-15T15:00,holdout,2.65,259,2.73,284,0.08,-0.0476,1.16609,1.16706
2024-11-15T16:00,holdout,2.41,265,3.11,296,0.7,-0.39442,1.57338,1.62206
2024-11-15T17:00,holdout,2.24,280,3.15,297,0.91,-0.6007,1.0411,1.20197
2024-11-15T18:00,holdout,3.31,275,3.62,296,0.31,0.04377,1.29842,1.29916
2024-11-15T19:00,holdout,2.69,301,3.78,299,1.09,-1.00028,0.44713,1.09567
2024-11-15T20:00,holdout,3.31,273,3.15,297,-0.16,0.49879,1.25684,1.3522
2024-11-15T21:00,holdout,2.57,283,2.94,291,0.37,-0.2406,0.47548,0.53288
2024-11-15T22:00,holdout,1.88,295,3.24,290,1.36,-1.34075,0.31362,1.37694
2024-11-15T23:00,holdout,1.7,270,3.2,295,1.5,-1.20018,1.35238,1.80814
2024-11-16T00:00,holdout,2.0,273,3.15,303,1.15,-0.64455,1.61094,1.7351
2024-11-16T01:00,holdout,2.5,270,3.24,295,0.74,-0.43644,1.36928,1.43715
2024-11-16T02:00,holdout,2.1,273,3.1,291,1.0,-0.79698,1.00104,1.27955
2024-11-16T03:00,holdout,1.8,273,3.09,293,1.29,-1.04683,1.11315,1.52806
2024-11-16T04:00,holdout,2.16,257,2.98,293,0.82,-0.63847,1.65027,1.76947
2024-11-16T05:00,holdout,2.11,265,3.07,292,0.96,-0.74448,1.33394,1.52763
2024-11-16T06:00,holdout,2.8,272,3.36,298,0.56,-0.16841,1.47971,1.48926
2024-11-16T07:00,holdout,2.24,280,3.52,309,1.28,-0.52958,1.82624,1.90147
2024-11-16T08:00,holdout,2.16,283,3.39,316,1.23,-0.25025,1.95267,1.96864
2024-11-16T09:00,holdout,2.14,281,3.41,320,1.27,-0.09122,2.20388,2.20577
2024-11-16T10:00,holdout,2.34,290,3.14,329,0.8,0.58166,1.89118,1.97861
2024-11-16T11:00,holdout,2.12,315,2.91,325,0.79,-0.17004,0.88467,0.90086
2024-11-16T12:00,holdout,3.19,328,2.98,335,-0.21,0.43104,-0.00448,0.43106
2024-11-16T13:00,holdout,1.44,304,3.0,334,1.56,-0.1213,1.89114,1.89503
2024-11-16T14:00,holdout,1.53,302,3.82,338,2.29,-0.13348,2.73107,2.73433
2024-11-16T15:00,holdout,2.42,322,4.12,337,1.7,-0.11991,1.88549,1.8893
2024-11-16T16:00,holdout,1.93,339,3.91,335,1.98,-0.96079,1.74185,1.98926
2024-11-16T17:00,holdout,3.19,328,3.71,333,0.52,0.00614,0.60036,0.60039
2024-11-16T18:00,holdout,2.38,338,3.42,331,1.04,-0.76649,0.7845,1.09679
2024-11-16T19:00,holdout,1.78,322,3.22,327,1.44,-0.65786,1.29786,1.45507
2024-11-16T20:00,holdout,1.86,306,3.22,327,1.36,-0.24897,1.60724,1.62641
2024-11-16T21:00,holdout,1.39,291,2.36,328,0.97,0.04707,1.50326,1.504
2024-11-16T22:00,holdout,1.51,278,1.42,328,-0.09,0.74282,0.99408,1.24096
2024-11-16T23:00,holdout,0.14,225,1.38,347,1.24,-0.21144,1.44363,1.45903
2024-11-17T00:00,holdout,0.54,338,1.21,353,0.67,0.05483,0.7003,0.70244
2024-11-17T01:00,holdout,0.61,81,0.82,308,0.21,-1.24866,0.40942,1.31407
2024-11-17T02:00,holdout,0.36,146,0.6,318,0.24,-0.60279,0.74434,0.95781
2024-11-17T03:00,holdout,0.92,167,0.3,9,-0.62,-0.16002,1.19273,1.20341
2024-11-17T04:00,holdout,0.42,315,0.11,153,-0.31,0.34692,-0.395,0.52572
2024-11-17T05:00,holdout,0.72,34,0.68,144,-0.04,-0.00292,-1.14704,1.14704
2024-11-17T06:00,holdout,0.86,144,1.0,127,0.14,0.29314,0.09394,0.30782
2024-11-17T07:00,holdout,0.22,117,1.04,107,0.82,0.79854,-0.20419,0.82423
2024-11-17T08:00,holdout,0.41,194,1.06,98,0.65,1.14887,0.2503,1.17582
2024-11-17T09:00,holdout,0.54,338,1.14,105,0.6,1.30344,-0.79573,1.52714
2024-11-17T10:00,holdout,0.64,51,1.14,128,0.5,0.40096,-1.10462,1.17514
2024-11-17T11:00,holdout,0.78,40,0.43,126,-0.35,-0.1535,-0.85026,0.86401
2024-11-17T12:00,holdout,0.54,338,0.38,67,-0.16,0.55208,-0.3522,0.65486
2024-11-17T13:00,holdout,0.92,319,0.22,117,-0.7,0.7996,-0.79421,1.127
2024-11-17T14:00,holdout,0.1,270,0.51,169,0.41,0.19731,-0.50063,0.53811
2024-11-17T15:00,holdout,0.71,278,0.58,211,-0.13,0.40437,-0.59597,0.7202
2024-11-17T16:00,holdout,1.3,180,1.15,185,-0.15,-0.10023,0.15438,0.18406
2024-11-17T17:00,holdout,1.43,155,1.48,192,0.05,-0.91205,-0.15164,0.92457
2024-11-17T18:00,holdout,2.24,153,1.85,180,-0.39,-1.01694,0.14585,1.02735
2024-11-17T19:00,holdout,2.53,162,2.35,182,-0.18,-0.86383,0.0576,0.86575
2024-11-17T20:00,holdout,2.71,184,2.55,183,-0.16,0.05558,0.15689,0.16645
2024-11-17T21:00,holdout,1.28,141,1.9,178,0.62,-0.73922,-0.9041,1.16783
2024-11-17T22:00,holdout,1.66,147,1.86,186,0.2,-1.09852,-0.45762,1.19003
2024-11-17T23:00,holdout,1.34,117,2.27,194,0.93,-1.74311,-1.59422,2.3622
2024-11-18T00:00,holdout,1.33,347,1.86,239,0.53,-1.29515,-2.25388,2.5995
2024-11-18T01:00,holdout,0.28,315,1.55,255,1.27,-1.2992,-0.59916,1.4307
2024-11-18T02:00,holdout,0.71,225,2.27,221,1.56,-0.98721,-1.21114,1.56251
2024-11-18T03:00,holdout,0.78,140,2.26,223,1.48,-2.04269,-1.05534,2.2992
2024-11-18T04:00,holdout,1.53,169,2.66,206,1.13,-1.45801,-0.8889,1.70761
2024-11-18T05:00,holdout,0.22,63,2.44,223,2.22,-1.8601,-1.88438,2.6478
2024-11-18T06:00,holdout,1.43,25,1.83,253,0.4,-2.35438,-1.83106,2.9826
2024-11-18T07:00,holdout,1.8,360,1.8,257,0.0,-1.75387,-2.20491,2.81739
2024-11-18T08:00,holdout,1.28,39,1.33,236,0.05,-1.90815,-1.73847,2.58134
2024-11-18T09:00,holdout,1.2,132,1.61,240,0.41,-2.28607,-0.00204,2.28608
2024-11-18T10:00,holdout,0.92,221,1.82,238,0.9,-0.93987,-0.27012,0.97792
2024-11-18T11:00,holdout,1.02,191,2.02,230,1.0,-1.35278,-0.29717,1.38504
2024-11-18T12:00,holdout,0.64,219,2.04,239,1.4,-1.34586,-0.5533,1.45515
2024-11-18T13:00,holdout,1.58,215,2.06,256,0.48,-1.09256,0.7959,1.35172
2024-11-18T14:00,holdout,0.78,230,1.7,256,0.92,-1.05199,0.09011,1.05584
2024-11-18T15:00,holdout,1.91,264,1.55,266,-0.36,0.35331,0.09153,0.36498
2024-11-18T16:00,holdout,1.3,266,1.61,265,0.31,-0.30704,-0.04964,0.31103
2024-11-18T17:00,holdout,1.61,277,2.3,266,0.69,-0.6964,-0.35665,0.78241
2024-11-18T18:00,holdout,1.24,284,2.96,275,1.72,-1.74557,-0.042,1.74607
2024-11-18T19:00,holdout,1.55,345,2.83,287,1.28,-2.30517,-0.66977,2.4005
2024-11-18T20:00,holdout,0.82,346,2.01,305,1.19,-1.44812,0.35725,1.49153
2024-11-18T21:00,holdout,0.7,360,1.35,321,0.65,-0.84958,0.34915,0.91853
2024-11-18T22:00,holdout,1.66,33,1.9,342,0.24,-1.49123,0.41481,1.54785
2024-11-18T23:00,holdout,0.94,32,1.8,357,0.86,-0.59233,1.00037,1.16258
2024-11-19T00:00,holdout,1.46,74,1.37,10,-0.09,-1.16554,0.94676,1.50161
2024-11-19T01:00,holdout,1.1,85,0.85,28,-0.25,-0.69676,0.65463,0.95605
2024-11-19T02:00,holdout,1.06,139,0.46,347,-0.6,-0.7989,1.2482,1.48198
2024-11-19T03:00,holdout,1.68,73,1.18,54,-0.5,-0.65195,0.2024,0.68265
2024-11-19T04:00,holdout,0.32,72,1.31,72,0.99,0.94155,0.30593,0.99
2024-11-19T05:00,holdout,0.61,189,1.3,92,0.69,1.39463,0.55712,1.50179
2024-11-19T06:00,holdout,0.32,108,1.75,77,1.43,1.40081,0.49255,1.48488
2024-11-19T07:00,holdout,1.42,51,1.85,71,0.43,0.64566,-0.29133,0.70835
2024-11-19T08:00,holdout,1.8,56,2.36,73,0.56,0.76461,-0.31655,0.82755
2024-11-19T09:00,holdout,1.49,70,2.46,77,0.97,0.99681,0.04377,0.99777
2024-11-19T10:00,holdout,1.42,51,2.2,69,0.78,0.95033,-0.10523,0.95614
2024-11-19T11:00,holdout,1.08,22,2.31,68,1.23,1.73722,-0.13602,1.74254
2024-11-19T12:00,holdout,1.9,18,2.06,76,0.16,1.41168,-1.30865,1.92494
2024-11-19T13:00,holdout,2.64,37,1.97,63,-0.67,0.16649,-1.21404,1.2254
2024-11-19T14:00,holdout,1.25,29,1.92,75,0.67,1.24857,-0.59634,1.38367
2024-11-19T15:00,holdout,2.31,85,2.75,127,0.44,-0.10496,-1.85632,1.85929
2024-11-19T16:00,holdout,2.02,123,2.62,149,0.6,-0.34471,-1.14561,1.19635
2024-11-19T17:00,holdout,2.05,137,2.89,162,0.84,-0.50504,-1.24928,1.3475
2024-11-19T18:00,holdout,1.8,177,2.71,155,0.91,1.05109,-0.65856,1.24036
2024-11-19T19:00,holdout,1.84,131,2.69,170,0.85,-0.92155,-1.44198,1.71131
2024-11-19T20:00,holdout,1.49,160,1.8,161,0.31,0.07641,-0.30179,0.31131
2024-11-19T21:00,holdout,1.17,121,1.85,177,0.68,-0.90606,-1.24487,1.53969
2024-11-19T22:00,holdout,1.3,122,2.36,193,1.06,-1.63335,-1.61062,2.29389
2024-11-19T23:00,holdout,1.22,99,2.66,185,1.44,-1.43681,-2.45903,2.84803
2024-11-20T00:00,holdout,0.58,59,2.65,177,2.07,-0.35847,-2.94509,2.96683
2024-11-20T01:00,holdout,0.57,45,2.34,214,1.77,-1.71156,-2.343,2.90157
2024-11-20T02:00,holdout,0.42,45,2.3,228,1.88,-2.00622,-1.83599,2.71951
2024-11-20T03:00,holdout,0.5,90,2.4,234,1.9,-2.44164,-1.41068,2.81987
2024-11-20T04:00,holdout,0.73,74,2.7,214,1.97,-2.21154,-2.43962,3.29282
2024-11-20T05:00,holdout,0.76,67,3.05,215,2.29,-2.44899,-2.79537,3.7164
2024-11-20T06:00,holdout,0.67,243,2.23,230,1.56,-1.1113,-1.12924,1.58436
2024-11-20T07:00,holdout,0.7,270,0.98,255,0.28,-0.24661,-0.25364,0.35377
2024-11-20T08:00,holdout,1.14,285,0.85,225,-0.29,0.50011,-0.89609,1.02621
2024-11-20T09:00,holdout,1.66,237,1.4,270,-0.26,-0.00781,0.9041,0.90413
2024-11-20T10:00,holdout,1.35,222,1.98,236,0.63,-0.73817,-0.10396,0.74545
2024-11-20T11:00,holdout,0.85,339,1.24,223,0.39,-0.54107,-1.70042,1.78443
2024-11-20T12:00,holdout,0.7,180,0.54,214,-0.16,-0.30196,0.25232,0.39351
2024-11-20T13:00,holdout,0.51,11,1.98,74,1.47,1.80599,0.04513,1.80655
2024-11-20T14:00,holdout,1.91,84,1.99,102,0.08,0.04698,-0.61339,0.61519
2024-11-20T15:00,holdout,2.05,133,2.54,144,0.49,-0.0063,-0.65681,0.65684
2024-11-20T16:00,holdout,1.8,146,2.72,173,0.92,-0.67506,-1.20746,1.38335
2024-11-20T17:00,holdout,2.56,149,3.11,174,0.55,-0.99341,-0.89861,1.33954
2024-11-20T18:00,holdout,2.0,177,2.96,176,0.96,0.10181,-0.95553,0.96094
2024-11-20T19:00,holdout,2.1,205,2.21,167,0.11,1.38464,-0.25011,1.40705
2024-11-20T20:00,holdout,1.87,106,2.45,221,0.58,-3.4049,-1.3336,3.65675
2024-11-20T21:00,holdout,1.58,215,3.29,213,1.71,-0.88561,-1.46497,1.71185
2024-11-20T22:00,holdout,7.57,282,7.29,257,-0.28,0.30142,-3.21378,3.22789
2024-11-20T23:00,holdout,6.15,277,6.61,286,0.46,-0.24978,1.07247,1.10117
2024-11-21T00:00,holdout,6.14,251,5.92,279,-0.22,-0.04163,2.92508,2.92538
2024-11-21T01:00,holdout,4.2,245,5.47,265,1.27,-1.64269,1.29825,2.09378
2024-11-21T02:00,holdout,4.34,255,4.29,263,-0.05,-0.0659,0.60046,0.60406
2024-11-21T03:00,holdout,2.41,222,3.12,254,0.71,-1.38653,0.93099,1.67009
2024-11-21T04:00,holdout,2.36,234,2.95,242,0.59,-0.69542,0.00223,0.69542
2024-11-21T05:00,holdout,1.79,207,2.98,230,1.19,-1.47017,-0.32061,1.50472
2024-11-21T06:00,holdout,1.08,214,2.97,225,1.89,-1.49618,-1.20475,1.92093
2024-11-21T07:00,holdout,2.82,203,2.81,231,-0.01,-1.08192,0.82743,1.36205
2024-11-21T08:00,holdout,2.51,209,2.68,237,0.17,-1.03076,0.73566,1.26636
2024-11-21T09:00,holdout,1.6,180,2.48,236,0.88,-2.05601,0.2132,2.06704
2024-11-21T10:00,holdout,1.49,200,3.47,245,1.98,-2.63528,-0.06634,2.63611
2024-11-21T11:00,holdout,1.77,196,3.23,254,1.46,-2.617,0.81112,2.73982
2024-11-21T12:00,holdout,1.46,196,2.98,261,1.52,-2.54088,0.93727,2.70824
2024-11-21T13:00,holdout,2.06,219,2.6,247,0.54,-1.09691,0.58502,1.24317
2024-11-21T14:00,holdout,2.16,236,2.39,237,0.23,-0.2137,-0.09383,0.23339
2024-11-21T15:00,holdout,4.0,233,2.8,229,-1.2,1.08136,0.57029,1.22252
2024-11-21T16:00,holdout,2.88,236,2.95,236,0.07,-0.05803,-0.03914,0.07
2024-11-21T17:00,holdout,3.08,216,3.15,245,0.07,-1.04449,1.16052,1.56134
2024-11-21T18:00,holdout,2.36,234,2.84,246,0.48,-0.68519,0.23204,0.72341
2024-11-21T19:00,holdout,2.44,251,2.92,257,0.48,-0.5381,0.13753,0.55539
2024-11-21T20:00,holdout,3.26,259,3.56,275,0.3,-0.34635,0.93231,0.99457
2024-11-21T21:00,holdout,4.1,267,3.34,287,-0.76,0.90032,1.1911,1.49308
2024-11-21T22:00,holdout,4.94,249,3.64,288,-1.3,1.15004,2.89516,3.11521
2024-11-21T23:00,holdout,3.77,259,4.26,286,0.49,-0.39424,1.89357,1.93417
2024-11-22T00:00,holdout,3.4,242,3.09,279,-0.31,-0.04994,2.07959,2.08019
2024-11-22T01:00,holdout,3.22,277,3.15,268,-0.07,0.04792,-0.50235,0.50463
2024-11-22T02:00,holdout,4.32,257,3.0,271,-1.32,1.20974,1.02415,1.58503
2024-11-22T03:00,holdout,2.9,268,3.2,269,0.3,-0.30128,0.04536,0.30467
2024-11-22T04:00,holdout,2.64,241,3.75,269,1.11,-1.44043,1.21445,1.88407
2024-11-22T05:00,holdout,2.86,245,3.85,269,0.99,-1.25737,1.1415,1.69823
2024-11-22T06:00,holdout,3.32,249,4.1,270,0.78,-1.00051,1.18978,1.55454
2024-11-22T07:00,holdout,3.01,266,3.75,271,0.74,-0.74676,0.27541,0.79593
2024-11-22T08:00,holdout,3.28,258,3.87,275,0.59,-0.64695,1.01924,1.20723
2024-11-22T09:00,holdout,3.79,252,4.0,269,0.21,-0.39489,1.10136,1.17002
2024-11-22T10:00,holdout,3.7,251,4.4,272,0.7,-0.8989,1.35816,1.62869
2024-11-22T11:00,holdout,3.94,246,3.87,265,-0.07,-0.2559,1.26525,1.29087
2024-11-22T12:00,holdout,3.49,246,3.65,247,0.16,-0.17157,-0.00666,0.1717
2024-11-22T13:00,holdout,4.81,253,4.55,262,-0.26,0.09411,0.77307,0.77878
2024-11-22T14:00,holdout,5.41,251,4.88,264,-0.53,0.26199,1.25122,1.27836
2024-11-22T15:00,holdout,5.95,253,5.96,267,0.01,-0.26182,1.42769,1.4515
2024-11-22T16:00,holdout,6.51,252,6.52,274,0.01,-0.31274,2.46651,2.48626
2024-11-22T17:00,holdout,6.81,260,6.55,271,-0.26,0.15754,1.29686,1.30639
2024-11-22T18:00,holdout,6.77,262,6.82,274,0.05,-0.09927,1.41794,1.42141
2024-11-22T19:00,holdout,6.4,268,7.79,279,1.39,-1.29799,1.44198,1.94013
2024-11-22T20:00,holdout,5.61,273,7.32,278,1.71,-1.64645,0.72514,1.79906
2024-11-22T21:00,holdout,5.5,268,7.08,279,1.58,-1.49618,1.2995,1.98174
2024-11-22T22:00,holdout,5.65,257,6.44,280,0.79,-0.83697,2.38927,2.53162
2024-11-22T23:00,holdout,4.9,272,5.58,288,0.68,-0.40988,1.55331,1.60648
2024-11-23T00:00,holdout,4.34,285,6.13,305,1.79,-0.82928,2.39275,2.53238
2024-11-23T01:00,holdout,3.98,282,4.95,322,0.97,0.8455,3.07316,3.18735
2024-11-23T02:00,holdout,4.25,297,4.95,313,0.7,0.16658,1.44643,1.45599
2024-11-23T03:00,holdout,4.09,292,4.75,311,0.66,0.20731,1.58414,1.59765
2024-11-23T04:00,holdout,4.18,291,4.44,306,0.26,0.31033,1.11179,1.15429
2024-11-23T05:00,holdout,3.4,294,4.42,301,1.02,-0.68262,0.89356,1.12447
2024-11-23T06:00,holdout,2.43,279,4.2,305,1.77,-1.04036,2.02889,2.28007
2024-11-23T07:00,holdout,2.85,288,3.76,306,0.91,-0.33139,1.32937,1.37006
2024-11-23T08:00,holdout,3.5,307,3.47,306,-0.03,-0.01206,-0.06674,0.06782
2024-11-23T09:00,holdout,3.05,311,3.58,311,0.53,-0.4,0.34771,0.53
2024-11-23T10:00,holdout,2.69,285,3.12,310,0.43,0.20828,1.30927,1.32574
2024-11-23T11:00,holdout,1.32,279,2.65,306,1.33,-0.84015,1.35114,1.59104
2024-11-23T12:00,holdout,1.22,279,2.55,305,1.33,-0.88386,1.27177,1.54874
2024-11-23T13:00,holdout,0.2,270,2.66,304,2.46,-2.00524,1.48745,2.4967
2024-11-23T14:00,holdout,2.0,273,3.67,290,1.67,-1.45141,1.15054,1.85212
2024-11-23T15:00,holdout,2.95,246,5.32,292,2.37,-2.23766,3.19278,3.89884
2024-11-23T16:00,holdout,4.52,265,5.18,285,0.66,-0.5007,1.73463,1.80544
2024-11-23T17:00,holdout,4.0,271,5.65,292,1.65,-1.2392,2.04672,2.39263
2024-11-23T18:00,holdout,3.7,268,4.93,290,1.23,-0.93494,1.81529,2.04191
2024-11-23T19:00,holdout,3.77,259,5.51,291,1.74,-1.44329,2.69396,3.05622
2024-11-23T20:00,holdout,3.77,259,4.26,283,0.49,-0.45008,1.67764,1.73697
2024-11-23T21:00,holdout,3.95,261,3.81,281,-0.14,0.16137,1.3449,1.35454
2024-11-23T22:00,holdout,3.71,265,3.83,277,0.12,-0.10557,0.79011,0.79713
2024-11-23T23:00,holdout,2.68,243,3.95,279,1.27,-1.51347,1.83461,2.37832
2024-11-24T00:00,holdout,3.32,254,3.26,274,-0.06,-0.06067,1.14252,1.14413
2024-11-24T01:00,holdout,3.52,255,3.72,275,0.2,-0.30579,1.23526,1.27255
2024-11-24T02:00,holdout,2.18,254,3.83,277,1.65,-1.7059,1.06765,2.01245
2024-11-24T03:00,holdout,2.77,244,3.67,276,0.9,-1.16024,1.59791,1.9747
2024-11-24T04:00,holdout,3.86,253,3.51,266,-0.35,0.18989,0.88371,0.90388
2024-11-24T05:00,holdout,3.7,251,3.77,259,0.07,-0.20232,0.48525,0.52574
2024-11-24T06:00,holdout,2.97,250,4.06,260,1.09,-1.20743,0.31079,1.24679
2024-11-24T07:00,holdout,3.04,253,3.8,257,0.76,-0.79544,0.034,0.79617
2024-11-24T08:00,holdout,4.09,248,3.7,254,-0.39,0.23551,0.51228,0.56383
2024-11-24T09:00,holdout,3.14,239,3.65,247,0.51,-0.66834,0.19105,0.69511
2024-11-24T10:00,holdout,3.4,242,3.49,245,0.09,-0.16099,0.12127,0.20155
2024-11-24T11:00,holdout,2.3,236,3.42,245,1.12,-1.19279,-0.15921,1.20336
2024-11-24T12:00,holdout,2.55,228,3.4,244,0.85,-1.16088,0.21582,1.18077
2024-11-24T13:00,holdout,3.08,234,3.48,254,0.4,-0.85342,0.85116,1.20532
2024-11-24T14:00,holdout,3.31,245,3.87,253,0.56,-0.70102,0.26739,0.75028
2024-11-24T15:00,holdout,3.47,237,3.92,253,0.45,-0.83853,0.7438,1.12088
2024-11-24T16:00,holdout,3.58,234,4.3,250,0.72,-1.1444,0.63358,1.30808
2024-11-24T17:00,holdout,3.76,230,4.14,247,0.38,-0.93056,0.79925,1.22668
2024-11-24T18:00,holdout,3.69,237,4.36,245,0.67,-0.85681,0.1671,0.87295
2024-11-24T19:00,holdout,4.03,240,4.24,249,0.21,-0.4683,0.49552,0.68179
2024-11-24T20:00,holdout,3.36,247,3.93,258,0.57,-0.75122,0.49576,0.90007
2024-11-24T21:00,holdout,2.44,251,2.36,264,-0.08,-0.04001,0.5477,0.54916
2024-11-24T22:00,holdout,0.81,300,1.26,252,0.45,-0.49685,-0.79436,0.93695
2024-11-24T23:00,holdout,1.24,14,1.2,265,-0.04,-1.49542,-1.30775,1.98658
2024-11-25T00:00,holdout,0.86,54,0.92,299,0.06,-1.5004,-0.05947,1.50158
2024-11-25T01:00,holdout,0.58,121,0.96,28,0.38,-0.04646,1.14635,1.14729
2024-11-25T02:00,holdout,0.71,172,1.03,61,0.32,0.80205,1.20244,1.44539
2024-11-25T03:00,holdout,1.39,111,1.12,80,-0.27,-0.19469,0.69262,0.71946
2024-11-25T04:00,holdout,1.0,53,1.35,94,0.35,0.54808,-0.69599,0.88588
2024-11-25T05:00,holdout,1.39,69,1.32,115,-0.07,-0.10135,-1.05599,1.06084
2024-11-25T06:00,holdout,0.67,63,1.18,126,0.51,0.35767,-0.99776,1.05993
2024-11-25T07:00,holdout,1.35,42,1.74,108,0.39,0.75151,-1.54094,1.71442
2024-11-25T08:00,holdout,1.64,38,1.68,113,0.04,0.53676,-1.94877,2.02134
2024-11-25T09:00,holdout,1.92,39,1.73,112,-0.19,0.39573,-2.14019,2.17647
2024-11-25T10:00,holdout,1.58,18,1.9,117,0.32,1.20467,-2.36525,2.65436
2024-11-25T11:00,holdout,2.57,13,1.9,125,-0.67,0.97826,-3.59393,3.72469
2024-11-25T12:00,holdout,2.75,19,1.77,137,-0.98,0.31182,-3.89467,3.90714
2024-11-25T13:00,holdout,2.72,17,2.39,169,-0.33,-0.33922,-4.94724,4.95885
2024-11-25T14:00,holdout,1.53,79,2.77,160,1.24,-0.55449,-2.89489,2.94751
2024-11-25T15:00,holdout,1.17,110,2.31,162,1.14,-0.38561,-1.79678,1.83769
2024-11-25T16:00,holdout,1.41,172,1.97,156,0.56,0.60504,-0.40341,0.72719
2024-11-25T17:00,holdout,1.73,190,2.38,190,0.65,-0.11287,-0.64013,0.65
2024-11-25T18:00,holdout,0.81,240,2.51,193,1.7,0.13685,-2.04067,2.04525
2024-11-25T19:00,holdout,1.2,180,1.46,142,0.26,0.89887,0.0495,0.90023
2024-11-25T20:00,holdout,0.5,127,2.29,164,1.79,0.23189,-1.90038,1.91448
2024-11-25T21:00,holdout,0.92,103,2.33,170,1.41,-0.49182,-2.08765,2.1448
2024-11-25T22:00,holdout,1.08,112,2.75,170,1.67,-0.52383,-2.30365,2.36245
2024-11-25T23:00,holdout,1.97,66,2.73,172,0.76,-1.41974,-3.5047,3.78135
2024-11-26T00:00,holdout,1.84,29,2.55,178,0.71,-0.80306,-4.15775,4.23459
2024-11-26T01:00,holdout,1.53,79,1.28,201,-0.25,-1.9606,-1.48692,2.46067
2024-11-26T02:00,holdout,1.71,69,2.62,188,0.91,-1.96106,-3.20731,3.75933
2024-11-26T03:00,holdout,2.28,61,1.97,173,-0.31,-1.75405,-3.06068,3.52767
2024-11-26T04:00,holdout,2.06,51,3.17,186,1.11,-1.93228,-4.44903,4.85053
2024-11-26T05:00,holdout,2.73,82,3.28,201,0.55,-3.87888,-3.44209,5.18591
2024-11-26T06:00,holdout,1.41,172,3.42,218,2.01,-2.3018,-1.29872,2.6429
2024-11-26T07:00,holdout,3.66,235,3.6,241,-0.06,-0.15053,0.35398,0.38465
2024-11-26T08:00,holdout,2.31,252,3.58,263,1.27,-1.35637,0.27754,1.38448
2024-11-26T09:00,holdout,2.19,246,4.93,290,2.74,-2.63202,2.57691,3.68348
2024-11-26T10:00,holdout,5.26,284,5.12,299,-0.14,0.6257,1.20972,1.36195
2024-11-26T11:00,holdout,4.21,266,5.0,293,0.79,-0.40278,2.24733,2.28314
2024-11-26T12:00,holdout,5.5,271,4.98,288,-0.52,0.7629,1.44292,1.63218
2024-11-26T13:00,holdout,5.0,282,5.23,283,0.23,-0.20522,0.13694,0.24671
2024-11-26T14:00,holdout,4.8,268,5.66,284,0.86,-0.6948,1.5368,1.68656
2024-11-26T15:00,holdout,5.77,261,5.47,279,-0.3,0.29631,1.75832,1.78311
2024-11-26T16:00,holdout,5.23,263,5.09,277,-0.14,0.13896,1.25769,1.26534
2024-11-26T17:00,holdout,5.73,254,4.97,275,-0.76,0.55694,2.01257,2.08821
2024-11-26T18:00,holdout,5.51,254,5.16,273,-0.35,0.14362,1.78882,1.79457
2024-11-26T19:00,holdout,5.44,253,4.6,270,-0.84,0.6023,1.5905,1.70072
2024-11-26T20:00,holdout,4.84,252,4.31,266,-0.53,0.30361,1.19499,1.23296
2024-11-26T21:00,holdout,3.77,248,3.73,263,-0.04,-0.20671,0.95769,0.97975
2024-11-26T22:00,holdout,2.73,242,3.0,259,0.27,-0.53443,0.70923,0.88805
2024-11-26T23:00,holdout,2.44,215,3.1,252,0.66,-1.54875,1.04078,1.86597
2024-11-27T00:00,holdout,2.76,224,3.07,254,0.31,-1.03382,1.13917,1.53834
2024-11-27T01:00,holdout,1.72,216,3.32,252,1.6,-2.14652,0.36557,2.17742
2024-11-27T02:00,holdout,2.2,240,3.13,253,0.93,-1.08798,0.18488,1.10357
2024-11-27T03:00,holdout,2.3,236,2.95,255,0.65,-0.94269,0.52263,1.07787
2024-11-27T04:00,holdout,2.36,216,2.89,256,0.53,-1.41698,1.21013,1.8634
2024-11-27T05:00,holdout,2.16,214,2.82,253,0.66,-1.48892,0.96623,1.77496
2024-11-27T06:00,holdout,2.02,213,2.39,254,0.37,-1.19724,1.03534,1.58282
2024-11-27T07:00,holdout,1.56,225,2.02,247,0.46,-0.75633,0.31381,0.81885
2024-11-27T08:00,holdout,1.43,192,1.79,243,0.36,-1.29759,0.58611,1.42382
2024-11-27T09:00,holdout,0.63,198,1.89,233,1.26,-1.31474,-0.53826,1.42066
2024-11-27T10:00,holdout,0.32,162,1.84,237,1.52,-1.64204,-0.6978,1.78416
2024-11-27T11:00,holdout,0.5,180,1.68,233,1.18,-1.34171,-0.51105,1.43574
2024-11-27T12:00,holdout,0.72,146,1.2,222,0.48,-1.20558,-0.29487,1.24111
2024-11-27T13:00,holdout,1.5,94,1.7,204,0.2,-2.1878,-1.44839,2.6238
2024-11-27T14:00,holdout,0.67,207,1.1,204,0.43,-0.14324,-0.40793,0.43234
2024-11-27T15:00,holdout,0.2,90,1.29,216,1.09,-0.95824,-1.04363,1.41683
2024-11-27T16:00,holdout,0.94,212,1.38,193,0.44,0.18769,-0.54747,0.57875
2024-11-27T17:00,holdout,1.12,170,1.36,174,0.24,-0.05233,-0.24957,0.25499
2024-11-27T18:00,holdout,1.22,81,0.74,152,-0.48,-0.85757,-0.84423,1.20339
2024-11-27T19:00,holdout,1.62,112,0.92,112,-0.7,-0.64903,0.26222,0.7
2024-11-27T20:00,holdout,1.22,99,1.47,100,0.25,0.24269,-0.06441,0.25109
2024-11-27T21:00,holdout,1.6,90,1.55,94,-0.05,-0.05378,-0.10812,0.12076
2024-11-27T22:00,holdout,1.66,57,1.6,86,-0.06,0.20391,-0.79249,0.8183
2024-11-27T23:00,holdout,2.13,41,1.84,57,-0.29,0.14575,-0.6054,0.62269
2024-11-28T00:00,holdout,1.75,77,1.72,82,-0.03,-0.00189,-0.15429,0.1543
2024-11-28T01:00,holdout,1.08,214,0.92,139,-0.16,1.2075,0.20103,1.22412
2024-11-28T02:00,holdout,1.12,153,1.36,186,0.24,-0.65063,-0.35462,0.741
2024-11-28T03:00,holdout,0.5,90,1.69,168,1.19,-0.14863,-1.65307,1.65974
2024-11-28T04:00,holdout,0.22,27,1.21,114,0.99,1.00551,-0.68817,1.21846
2024-11-28T05:00,holdout,2.64,61,1.93,69,-0.71,-0.50719,-0.58825,0.77671
2024-11-28T06:00,holdout,2.16,77,2.35,66,0.19,0.04219,0.46994,0.47183
2024-11-28T07:00,holdout,2.06,61,2.92,59,0.86,0.70121,0.5052,0.86425
2024-11-28T08:00,holdout,1.92,39,3.04,70,1.12,1.64837,-0.45238,1.70932
2024-11-28T09:00,holdout,1.91,43,2.4,67,0.49,0.90659,-0.45913,1.01623
2024-11-28T10:00,holdout,1.43,25,2.12,43,0.69,0.84149,0.25445,0.87912
2024-11-28T11:00,holdout,2.42,336,2.02,7,-0.4,1.23048,-0.20584,1.24758
2024-11-28T12:00,holdout,1.87,344,2.34,340,0.47,-0.28489,0.40132,0.49216
2024-11-28T13:00,holdout,2.42,322,3.19,328,0.77,-0.20054,0.79829,0.82309
2024-11-28T14:00,holdout,2.72,306,3.57,313,0.85,-0.41041,0.83596,0.93127
2024-11-28T15:00,holdout,3.73,278,3.72,311,-0.01,0.88618,1.92142,2.11594
2024-11-28T16:00,holdout,3.71,284,4.88,303,1.17,-0.49292,1.76031,1.82802
2024-11-28T17:00,holdout,4.0,273,5.34,304,1.34,-0.43254,2.77675,2.81023
2024-11-28T18:00,holdout,3.28,282,5.42,311,2.14,-0.8822,2.87389,3.00625
2024-11-28T19:00,holdout,3.79,288,4.39,307,0.6,0.09849,1.47079,1.47409
2024-11-28T20:00,holdout,3.71,275,3.72,301,0.01,0.50722,1.59259,1.67141
2024-11-28T21:00,holdout,2.32,277,3.32,301,1.0,-0.54309,1.42719,1.52703
2024-11-28T22:00,holdout,2.38,285,3.7,305,1.32,-0.73196,1.50624,1.67467
2024-11-28T23:00,holdout,3.0,272,4.21,300,1.21,-0.64779,2.0003,2.10258
2024-11-29T00:00,holdout,3.71,273,4.94,296,1.23,-0.73513,1.97139,2.10399
2024-11-29T01:00,holdout,2.7,272,4.52,280,1.82,-1.75298,0.69066,1.88413
2024-11-29T02:00,holdout,2.85,252,3.95,270,1.1,-1.23949,0.8807,1.52051
2024-11-29T03:00,holdout,3.35,253,4.25,272,0.9,-1.04379,1.12777,1.53667
2024-11-29T04:00,holdout,1.56,230,3.27,276,1.71,-2.05706,1.34456,2.4575
2024-11-29T05:00,holdout,2.26,225,2.63,256,0.37,-0.95382,0.96181,1.35456
2024-11-29T06:00,holdout,1.41,225,2.69,248,1.28,-1.4971,-0.01067,1.49714
2024-11-29T07:00,holdout,1.72,216,2.11,248,0.39,-0.94537,0.60109,1.12028
2024-11-29T08:00,holdout,2.06,247,2.25,258,0.19,-0.30459,0.3371,0.45433
2024-11-29T09:00,holdout,2.9,224,3.41,259,0.51,-1.33284,1.43543,1.9588
2024-11-29T10:00,holdout,4.02,243,3.45,270,-0.57,0.13185,1.82504,1.8298
2024-11-29T11:00,holdout,4.48,241,3.95,269,-0.53,-0.0311,2.10301,2.10324
2024-11-29T12:00,holdout,5.92,248,4.75,268,-1.17,0.74182,2.0519,2.18188
2024-11-29T13:00,holdout,4.85,256,5.05,271,0.2,-0.3433,1.26146,1.30733
2024-11-29T14:00,holdout,4.59,250,5.35,268,0.76,-1.03355,1.38316,1.72666
2024-11-29T15:00,holdout,5.59,243,5.75,268,0.16,-0.76577,2.33713,2.45939
2024-11-29T16:00,holdout,5.16,238,5.24,263,0.08,-0.82501,2.09579,2.25233
2024-11-29T17:00,holdout,5.3,238,5.23,260,-0.07,-0.65589,1.90039,2.01039
2024-11-29T18:00,holdout,5.37,243,5.72,256,0.35,-0.76539,1.05414,1.3027
2024-11-29T19:00,holdout,4.94,238,5.49,260,0.55,-1.21724,1.66447,2.06207
2024-11-29T20:00,holdout,5.11,230,5.45,262,0.34,-1.48247,2.52615,2.92902
2024-11-29T21:00,holdout,3.86,239,5.28,263,1.42,-1.93198,1.34458,2.35381
2024-11-29T22:00,holdout,4.22,239,4.87,265,0.65,-1.23422,1.74901,2.14064
2024-11-29T23:00,holdout,5.39,248,4.99,263,-0.4,0.04472,1.411,1.41171
2024-11-30T00:00,holdout,5.99,242,4.31,267,-1.68,0.98476,2.58657,2.76769
2024-11-30T01:00,holdout,5.5,245,4.35,257,-1.15,0.74618,1.34586,1.53888
2024-11-30T02:00,holdout,6.01,252,4.46,266,-1.55,1.26671,1.54608,1.99873
2024-11-30T03:00,holdout,5.02,257,4.41,275,-0.61,0.49812,1.51361,1.59347
2024-11-30T04:00,holdout,4.36,261,4.22,275,-0.14,0.10238,1.04985,1.05483
2024-11-30T05:00,holdout,4.39,246,3.4,270,-0.99,0.61046,1.78557,1.88705
2024-11-30T06:00,holdout,4.81,249,4.89,277,0.08,-0.36303,2.31969,2.34793
2024-11-30T07:00,holdout,3.35,253,4.72,275,1.37,-1.49842,1.39082,2.04442
2024-11-30T08:00,holdout,3.26,243,4.45,273,1.19,-1.53922,1.7129,2.30288
2024-11-30T09:00,holdout,3.5,233,4.31,265,0.81,-1.49837,1.73071,2.28921
2024-11-30T10:00,holdout,4.28,233,4.46,261,0.18,-0.98693,1.87807,2.1216
2024-11-30T11:00,holdout,5.08,234,4.55,262,-0.53,-0.39591,2.35271,2.38579
2024-11-30T12:00,holdout,4.42,232,5.01,261,0.59,-1.46531,1.93749,2.4292
2024-11-30T13:00,holdout,4.55,230,4.83,249,0.28,-1.02369,1.19377,1.57258
2024-11-30T14:00,holdout,5.3,226,4.87,243,-0.43,-0.5267,1.47076,1.56222
2024-11-30T15:00,holdout,5.25,230,4.83,243,-0.42,-0.28183,1.18186,1.215
2024-11-30T16:00,holdout,5.98,232,5.14,245,-0.84,0.05388,1.5094,1.51036
2024-11-30T17:00,holdout,5.52,235,5.04,246,-0.48,-0.08255,1.11619,1.11924
2024-11-30T18:00,holdout,5.11,230,5.06,245,-0.05,-0.67143,1.1462,1.32838
2024-11-30T19:00,holdout,4.92,232,5.19,245,0.27,-0.82672,0.83567,1.1755
2024-11-30T20:00,holdout,4.55,237,5.34,244,0.79,-0.98361,0.13721,0.99313
2024-11-30T21:00,holdout,4.53,248,5.48,245,0.95,-0.76642,-0.61898,0.98516
2024-11-30T22:00,holdout,4.25,246,4.41,242,0.16,-0.01123,-0.34174,0.34192
2024-11-30T23:00,holdout,2.75,237,3.45,240,0.7,-0.68144,-0.22724,0.71833
2024-12-01T00:00,holdout,2.02,237,3.49,243,1.47,-1.4155,-0.48426,1.49604
2024-12-01T01:00,holdout,1.84,229,2.73,244,0.89,-1.06504,0.0104,1.06509
2024-12-01T02:00,holdout,2.36,216,2.76,235,0.4,-0.87369,0.32621,0.9326
2024-12-01T03:00,holdout,1.92,208,3.0,237,1.08,-1.61463,0.06134,1.61579
2024-12-01T04:00,holdout,1.46,196,3.29,237,1.83,-2.3568,-0.38842,2.38859
2024-12-01T05:00,holdout,1.92,208,3.58,237,1.66,-2.10106,-0.25455,2.11642
2024-12-01T06:00,holdout,2.39,213,3.87,245,1.48,-2.20572,0.36889,2.23636
2024-12-01T07:00,holdout,3.19,229,3.84,249,0.65,-1.17743,0.7167,1.3784
2024-12-01T08:00,holdout,2.69,239,3.63,255,0.94,-1.20053,0.44594,1.28068
2024-12-01T09:00,holdout,2.64,241,3.37,255,0.73,-0.94617,0.40768,1.03026
2024-12-01T10:00,holdout,1.94,258,3.27,259,1.33,-1.31231,-0.2206,1.33073
2024-12-01T11:00,holdout,1.58,252,3.29,257,1.71,-1.70301,-0.25184,1.72153
2024-12-01T12:00,holdout,1.39,240,3.12,258,1.73,-1.84805,0.04632,1.84863
2024-12-01T13:00,holdout,2.12,251,3.0,270,0.88,-0.9955,0.6902,1.21136
2024-12-01T14:00,holdout,2.94,260,3.15,270,0.21,-0.25467,0.51053,0.57052
2024-12-01T15:00,holdout,3.42,249,4.15,267,0.73,-0.95147,1.00842,1.38644
2024-12-01T16:00,holdout,4.32,257,4.52,264,0.2,-0.28596,0.49932,0.57541
2024-12-01T17:00,holdout,4.52,252,4.68,264,0.16,-0.35559,0.90756,0.97474
2024-12-01T18:00,holdout,4.68,254,4.46,266,-0.22,0.04957,0.97887,0.98012
2024-12-01T19:00,holdout,3.79,252,4.1,268,0.31,-0.493,1.02809,1.14018
2024-12-01T20:00,holdout,4.0,270,3.96,274,-0.04,0.04965,0.27624,0.28066
2024-12-01T21:00,holdout,3.37,258,3.74,286,0.37,-0.29876,1.73155,1.75713
2024-12-01T22:00,holdout,3.54,262,3.15,290,-0.39,0.54552,1.57004,1.66211
2024-12-01T23:00,holdout,3.61,273,3.06,285,-0.55,0.64932,0.60305,0.88617
2024-12-02T00:00,holdout,3.22,263,3.16,275,-0.06,0.04802,0.66783,0.66956
2024-12-02T01:00,holdout,3.77,259,2.85,273,-0.92,0.85464,0.86851,1.21849
2024-12-02T02:00,holdout,3.61,251,2.76,275,-0.85,0.66382,1.41585,1.56374
2024-12-02T03:00,holdout,3.38,251,2.66,274,-0.72,0.54233,1.28597,1.39565
2024-12-02T04:00,holdout,4.02,243,2.65,268,-1.37,0.93346,1.73256,1.96802
2024-12-02T05:00,holdout,2.44,235,2.75,267,0.31,-0.7475,1.2556,1.46126
2024-12-02T06:00,holdout,2.66,236,2.87,263,0.21,-0.64337,1.13769,1.307
2024-12-02T07:00,holdout,2.91,229,2.84,260,-0.07,-0.60065,1.41597,1.5381
2024-12-02T08:00,holdout,2.78,232,2.74,261,-0.04,-0.5156,1.28291,1.38264
2024-12-02T09:00,holdout,3.14,239,2.6,259,-0.54,0.13927,1.12112,1.12973
2024-12-02T10:00,holdout,3.53,245,2.89,260,-0.64,0.35317,0.99,1.05111
2024-12-02T11:00,holdout,2.37,242,3.36,265,0.99,-1.25463,0.8198,1.49872
2024-12-02T12:00,holdout,2.75,237,3.19,256,0.44,-0.7889,0.72603,1.07214
2024-12-02T13:00,holdout,3.41,238,3.17,264,-0.24,-0.26079,1.47567,1.49854
2024-12-02T14:00,holdout,3.24,236,3.15,260,-0.09,-0.41606,1.26479,1.33147
2024-12-02T15:00,holdout,3.38,236,3.67,265,0.29,-0.85389,1.57021,1.78737
2024-12-02T16:00,holdout,3.55,238,3.59,262,0.04,-0.54449,1.38158,1.485
2024-12-02T17:00,holdout,3.98,242,3.55,260,-0.43,0.01806,1.25205,1.25218
2024-12-02T18:00,holdout,3.8,243,3.64,261,-0.16,-0.20936,1.15574,1.17455
2024-12-02T19:00,holdout,3.2,250,3.81,266,0.61,-0.7937,0.82869,1.14747
2024-12-02T20:00,holdout,3.31,265,3.6,271,0.29,-0.30205,0.35131,0.46331
2024-12-02T21:00,holdout,2.34,250,2.7,271,0.36,-0.50071,0.84745,0.98432
2024-12-02T22:00,holdout,2.8,235,1.95,269,-0.85,0.34392,1.57198,1.60916
2024-12-02T23:00,holdout,2.64,241,2.15,267,-0.49,0.16194,1.16738,1.17855
2024-12-03T00:00,holdout,2.69,239,2.45,269,-0.24,-0.14385,1.34269,1.35038
2024-12-03T01:00,holdout,3.2,250,3.32,258,0.12,-0.24043,0.4042,0.4703
2024-12-03T02:00,holdout,3.06,259,3.15,260,0.09,-0.09837,0.03688,0.10505
2024-12-03T03:00,holdout,3.0,240,3.02,258,0.02,-0.35593,0.87211,0.94194
2024-12-03T04:00,holdout,2.97,250,2.99,260,0.02,-0.15369,0.49659,0.51983
2024-12-03T05:00,holdout,3.16,252,2.26,252,-0.9,0.85595,0.27812,0.9
2024-12-03T06:00,holdout,3.05,247,2.8,260,-0.25,0.05008,0.70552,0.70729
2024-12-03T07:00,holdout,3.85,261,3.05,272,-0.8,0.75446,0.70872,1.03513
2024-12-03T08:00,holdout,4.0,257,3.0,269,-1.0,0.89794,0.84745,1.23469
2024-12-03T09:00,holdout,3.98,258,2.91,266,-1.07,0.99012,0.6245,1.17061
2024-12-03T10:00,holdout,3.2,256,2.72,264,-0.48,0.39985,0.48983,0.63231
2024-12-03T11:00,holdout,3.71,256,2.52,256,-1.19,1.15465,0.28789,1.19
2024-12-03T12:00,holdout,3.96,249,2.75,254,-1.21,1.05351,0.66113,1.24378
2024-12-03T13:00,holdout,3.98,245,3.22,264,-0.76,0.40474,1.34544,1.405
2024-12-03T14:00,holdout,4.52,242,3.64,261,-0.88,0.39574,1.55259,1.60223
2024-12-03T15:00,holdout,4.03,247,3.96,266,-0.07,-0.24072,1.29841,1.32054
2024-12-03T16:00,holdout,4.1,257,3.34,257,-0.76,0.74052,0.17096,0.76
2024-12-03T17:00,holdout,4.07,242,3.26,255,-0.81,0.44468,1.067,1.15595
2024-12-03T18:00,holdout,4.79,244,3.63,258,-1.16,0.75455,1.34508,1.54226
2024-12-03T19:00,holdout,4.79,247,4.31,267,-0.48,0.10512,1.64603,1.64939
2024-12-03T20:00,holdout,4.97,240,4.15,267,-0.82,0.15983,2.26781,2.27343
2024-12-03T21:00,holdout,4.7,241,3.56,266,-1.14,0.55938,2.03027,2.10592
2024-12-03T22:00,holdout,3.94,234,2.99,260,-0.95,0.24295,1.79667,1.81302
2024-12-03T23:00,holdout,3.36,240,3.32,254,-0.04,-0.28154,0.76488,0.81505
2024-12-04T00:00,holdout,3.33,237,3.95,257,0.62,-1.05599,0.92509,1.40389
2024-12-04T01:00,holdout,3.47,224,3.97,239,0.5,-0.99249,0.45141,1.09032
2024-12-04T02:00,holdout,3.55,230,3.86,233,0.31,-0.36328,-0.04111,0.36559
2024-12-04T03:00,holdout,3.42,232,3.95,232,0.53,-0.41765,-0.3263,0.53
2024-12-04T04:00,holdout,3.75,222,3.65,228,-0.1,-0.20324,0.34447,0.39995
2024-12-04T05:00,holdout,3.69,221,3.36,222,-0.33,0.17258,0.28791,0.33567
2024-12-04T06:00,holdout,2.78,210,3.36,217,0.58,-0.6321,-0.27586,0.68967
2024-12-04T07:00,holdout,1.57,207,3.37,212,1.8,-1.07306,-1.45904,1.81115
2024-12-04T08:00,holdout,1.82,171,3.22,208,1.4,-1.79641,-1.0455,2.0785
2024-12-04T09:00,holdout,1.1,180,3.11,206,2.01,-1.36333,-1.69525,2.17544
2024-12-04T10:00,holdout,1.9,183,3.2,203,1.3,-1.1509,-1.04822,1.55671
2024-12-04T11:00,holdout,2.7,180,3.38,193,0.68,-0.76033,-0.59337,0.96447
2024-12-04T12:00,holdout,2.38,165,3.46,184,1.08,-0.85735,-1.15267,1.43655
2024-12-04T13:00,holdout,2.63,171,4.18,187,1.55,-0.92084,-1.55122,1.80395
2024-12-04T14:00,holdout,4.1,179,5.09,191,0.99,-1.04277,-0.89711,1.37556
2024-12-04T15:00,holdout,5.0,180,5.19,191,0.19,-0.9903,-0.09465,0.99481
2024-12-04T16:00,holdout,5.5,180,5.28,193,-0.22,-1.18774,0.35533,1.23975
2024-12-04T17:00,holdout,5.33,186,4.9,194,-0.43,-0.62828,0.54635,0.83261
2024-12-04T18:00,holdout,5.15,198,4.89,191,-0.26,0.65838,0.09778,0.6656
2024-12-04T19:00,holdout,5.07,195,4.78,186,-0.29,0.81257,0.14343,0.82513
2024-12-04T20:00,holdout,5.2,203,5.85,198,0.65,0.22405,-0.77706,0.80871
2024-12-04T21:00,holdout,4.44,188,5.65,211,1.21,-2.29204,-0.44621,2.33507
2024-12-04T22:00,holdout,1.86,216,5.2,213,3.34,-1.73884,-2.85632,3.34397
2024-12-04T23:00,holdout,2.28,195,5.46,215,3.18,-2.54162,-2.27026,3.40792
2024-12-05T00:00,holdout,2.47,194,6.09,218,3.62,-3.15183,-2.40236,3.963
2024-12-05T01:00,holdout,3.98,205,6.31,229,2.33,-3.0802,-0.53263,3.12591
2024-12-05T02:00,holdout,4.92,207,6.42,230,1.5,-2.68437,0.25706,2.69665
2024-12-05T03:00,holdout,5.39,211,6.05,225,0.66,-1.50194,0.34214,1.54042
2024-12-05T04:00,holdout,4.57,203,6.09,228,1.52,-2.74011,0.1317,2.74327
2024-12-05T05:00,holdout,4.92,275,6.47,249,1.55,-1.13899,-2.74745,2.97418
2024-12-05T06:00,holdout,5.28,251,6.05,262,0.77,-0.99878,0.877,1.32917
2024-12-05T07:00,holdout,4.88,224,5.06,245,0.18,-1.19598,1.37193,1.82005
2024-12-05T08:00,holdout,4.94,238,6.9,270,1.96,-2.71064,2.6178,3.76835
2024-12-05T09:00,holdout,6.43,255,5.68,276,-0.75,0.56202,2.25793,2.32682
2024-12-05T10:00,holdout,7.54,264,6.66,273,-0.88,0.84782,1.1367,1.41806
2024-12-05T11:00,holdout,8.72,266,6.56,267,-2.16,2.14775,0.26495,2.16403
2024-12-05T12:00,holdout,8.41,267,6.38,264,-2.03,2.05342,-0.22675,2.06591
2024-12-05T13:00,holdout,7.91,254,7.1,271,-0.81,0.50466,2.3042,2.35882
2024-12-05T14:00,holdout,7.91,257,7.76,273,-0.15,-0.0421,2.18549,2.1859
2024-12-05T15:00,holdout,8.43,260,8.9,276,0.47,-0.54932,2.39416,2.45637
2024-12-05T16:00,holdout,7.92,260,8.14,276,0.22,-0.29573,2.22616,2.24571
2024-12-05T17:00,holdout,8.16,263,8.42,282,0.26,-0.13683,2.74507,2.74848
2024-12-05T18:00,holdout,7.74,264,7.37,274,-0.37,0.34555,1.32316,1.36753
2024-12-05T19:00,holdout,6.92,259,7.12,274,0.2,-0.3098,1.81706,1.84328
2024-12-05T20:00,holdout,6.91,256,7.72,274,0.81,-0.99645,2.2102,2.42444
2024-12-05T21:00,holdout,6.89,251,6.55,272,-0.34,-0.03139,2.47176,2.47196
2024-12-05T22:00,holdout,6.58,242,6.21,268,-0.37,-0.39642,2.8724,2.89962
2024-12-05T23:00,holdout,5.91,242,5.11,261,-0.8,0.17113,1.9752,1.9826
2024-12-06T00:00,holdout,5.24,241,5.49,263,0.25,-0.86607,1.87134,2.06204
2024-12-06T01:00,holdout,4.66,255,4.2,258,-0.46,0.39299,0.33287,0.51502
2024-12-06T02:00,holdout,4.27,249,3.32,249,-0.95,0.8869,0.34045,0.95
2024-12-06T03:00,holdout,5.51,258,3.76,251,-1.75,1.83444,-0.07854,1.83612
2024-12-06T04:00,holdout,4.08,253,5.02,276,0.94,-1.09078,1.71761,2.03469
2024-12-06T05:00,holdout,3.32,254,4.4,273,1.08,-1.20258,1.14539,1.66076
2024-12-06T06:00,holdout,4.65,261,4.48,281,-0.17,0.19506,1.58224,1.59422
2024-12-06T07:00,holdout,4.2,258,2.9,270,-1.3,1.20822,0.87323,1.49075
2024-12-06T08:00,holdout,3.67,259,2.93,279,-0.74,0.70864,1.15862,1.35815
2024-12-06T09:00,holdout,4.75,255,2.98,293,-1.77,1.84504,2.39377,3.0223
2024-12-06T10:00,holdout,4.24,255,3.43,283,-0.81,0.75344,1.86897,2.01513
2024-12-06T11:00,holdout,4.23,263,3.55,272,-0.68,0.65063,0.6394,0.91223
2024-12-06T12:00,holdout,4.22,256,3.81,266,-0.41,0.29393,0.75514,0.81033
2024-12-06T13:00,holdout,5.07,248,4.28,263,-0.79,0.45272,1.37765,1.45014
2024-12-06T14:00,holdout,5.02,257,4.07,264,-0.95,0.84363,0.70382,1.09867
2024-12-06T15:00,holdout,4.54,256,3.71,266,-0.83,0.70418,0.83953,1.09575
2024-12-06T16:00,holdout,4.32,257,3.81,265,-0.51,0.41378,0.63973,0.76188
2024-12-06T17:00,holdout,5.0,254,4.92,280,-0.08,-0.03895,2.23254,2.23288
2024-12-06T18:00,holdout,4.95,262,5.15,281,0.2,-0.15355,1.67157,1.67861
2024-12-06T19:00,holdout,4.75,255,4.7,278,-0.05,-0.06611,1.8835,1.88466
2024-12-06T20:00,holdout,4.62,248,4.8,271,0.18,-0.51568,1.81445,1.88631
2024-12-06T21:00,holdout,4.66,247,3.89,262,-0.77,0.43741,1.27942,1.35213
2024-12-06T22:00,holdout,4.07,245,3.43,254,-0.64,0.39155,0.77462,0.86795
2024-12-06T23:00,holdout,3.69,229,3.36,247,-0.33,-0.30802,1.108,1.15002
2024-12-07T00:00,holdout,3.11,225,3.59,249,0.48,-1.15245,0.91256,1.47
2024-12-07T01:00,holdout,3.3,235,4.18,242,0.88,-0.98752,-0.06959,0.98997
2024-12-07T02:00,holdout,5.37,225,4.41,242,-0.96,-0.09664,1.72679,1.7295
2024-12-07T03:00,holdout,5.27,237,4.43,246,-0.84,0.37279,1.0684,1.13157
2024-12-07T04:00,holdout,5.19,236,4.21,246,-0.98,0.45668,1.18985,1.27448
2024-12-07T05:00,holdout,4.94,238,4.21,250,-0.73,0.23325,1.1779,1.20077
2024-12-07T06:00,holdout,5.33,240,4.16,250,-1.17,0.70679,1.2422,1.4292
2024-12-07T07:00,holdout,5.33,236,4.03,250,-1.3,0.63181,1.60216,1.72223
2024-12-07T08:00,holdout,4.77,237,3.94,250,-0.83,0.29807,1.25037,1.28541
2024-12-07T09:00,holdout,4.49,238,3.99,246,-0.5,0.16269,0.75646,0.77376
2024-12-07T10:00,holdout,4.53,239,3.96,245,-0.57,0.29399,0.65955,0.72211
2024-12-07T11:00,holdout,4.91,237,3.76,241,-1.15,0.8293,0.85129,1.18846
2024-12-07T12:00,holdout,3.83,229,3.81,236,-0.02,-0.2681,0.38218,0.46684
2024-12-07T13:00,holdout,4.0,233,3.73,238,-0.27,0.03132,0.43066,0.4318
2024-12-07T14:00,holdout,4.1,223,3.82,233,-0.28,-0.25459,0.69962,0.7445
2024-12-07T15:00,holdout,4.06,232,3.78,233,-0.28,0.18048,0.22472,0.28823
2024-12-07T16:00,holdout,4.26,219,3.7,232,-0.56,-0.23473,1.03269,1.05904
2024-12-07T17:00,holdout,4.1,225,3.86,229,-0.24,-0.01404,0.36675,0.36702
2024-12-07T18:00,holdout,5.12,219,4.24,223,-0.88,0.33045,0.87805,0.93817
2024-12-07T19:00,holdout,5.33,220,4.67,222,-0.66,0.30122,0.61253,0.68259
2024-12-07T20:00,holdout,4.36,217,4.79,220,0.43,-0.45504,-0.1873,0.49208
2024-12-07T21:00,holdout,4.09,202,4.24,214,0.15,-0.83884,0.27706,0.88341
2024-12-07T22:00,holdout,3.14,202,4.14,217,1.0,-1.31525,-0.39499,1.37328
2024-12-07T23:00,holdout,2.5,196,4.42,214,1.92,-1.78254,-1.26119,2.18359
2024-12-08T00:00,holdout,2.45,192,4.7,215,2.25,-2.18643,-1.45355,2.6255
2024-12-08T01:00,holdout,1.84,167,5.09,213,3.25,-3.18612,-2.47599,4.03509
2024-12-08T02:00,holdout,2.47,194,5.3,216,2.83,-2.51771,-1.89116,3.14887
2024-12-08T03:00,holdout,1.75,103,5.56,218,3.81,-5.12823,-3.98768,6.49617
2024-12-08T04:00,holdout,3.14,68,6.16,222,3.02,-7.0332,-5.75404,9.08707
2024-12-08T05:00,holdout,3.28,59,6.16,228,2.88,-7.38928,-5.81117,9.40059
2024-12-08T06:00,holdout,1.08,68,6.45,229,5.37,-5.86924,-4.63616,7.47943
2024-12-08T07:00,holdout,1.2,222,6.14,233,4.94,-4.10067,-2.80337,4.96733
2024-12-08T08:00,holdout,3.64,212,5.97,234,2.33,-2.90093,-0.42218,2.93149
2024-12-08T09:00,holdout,6.16,216,6.09,232,-0.07,-1.17823,1.23417,1.70628
2024-12-08T10:00,holdout,6.22,224,6.07,235,-0.15,-0.65148,0.99268,1.18737
2024-12-08T11:00,holdout,4.24,227,5.85,235,1.61,-1.6911,-0.46375,1.75353
2024-12-08T12:00,holdout,2.7,219,5.58,236,2.88,-2.92686,-1.022,3.10017
2024-12-08T13:00,holdout,1.14,255,5.01,245,3.87,-3.43945,-1.82226,3.89236
2024-12-08T14:00,holdout,3.62,231,4.9,245,1.28,-1.62764,0.20731,1.64079
2024-12-08T15:00,holdout,5.28,243,3.94,240,-1.34,1.29237,0.42707,1.36111
2024-12-08T16:00,holdout,5.66,249,4.68,245,-0.98,1.04254,0.05051,1.04377
2024-12-08T17:00,holdout,5.5,251,4.73,252,-0.77,0.70185,0.32897,0.77513
2024-12-08T18:00,holdout,4.43,242,4.68,256,0.25,-0.62953,0.94756,1.13762
2024-12-08T19:00,holdout,4.58,234,4.41,257,-0.17,-0.59167,1.70002,1.80004
2024-12-08T20:00,holdout,4.7,241,3.78,255,-0.92,0.45951,1.30027,1.37908
2024-12-08T21:00,holdout,4.1,236,2.7,251,-1.4,0.84615,1.41366,1.64754
2024-12-08T22:00,holdout,2.62,230,1.95,241,-0.67,0.30153,0.73872,0.79789
2024-12-08T23:00,holdout,1.66,213,2.37,224,0.71,-0.74224,-0.31264,0.8054
2024-12-09T00:00,holdout,1.84,209,2.8,220,0.96,-0.90776,-0.53562,1.054
2024-12-09T01:00,holdout,0.64,219,2.3,221,1.66,-1.10617,-1.23846,1.66054
2024-12-09T02:00,holdout,1.39,159,2.53,210,1.14,-1.76313,-0.89337,1.97655
2024-12-09T03:00,holdout,0.85,111,2.56,184,1.71,-0.97212,-2.24915,2.45024
2024-12-09T04:00,holdout,1.4,94,3.01,169,1.61,-0.82225,-2.85704,2.97301
2024-12-09T05:00,holdout,1.68,73,3.05,182,1.37,-1.71304,-3.53933,3.93209
2024-12-09T06:00,holdout,2.27,49,2.86,184,0.59,-1.91269,-4.34229,4.74488
2024-12-09T07:00,holdout,1.93,21,2.65,178,0.72,-0.59917,-4.4502,4.49035
2024-12-09T08:00,holdout,2.64,65,2.72,160,0.08,-1.46236,-3.67168,3.95218
2024-12-09T09:00,holdout,2.61,32,3.02,161,0.41,-0.39987,-5.06887,5.08462
2024-12-09T10:00,holdout,1.88,65,3.57,162,1.69,-0.60067,-4.18979,4.23263
2024-12-09T11:00,holdout,2.0,90,3.72,186,1.72,-2.38885,-3.69962,4.40384
2024-12-09T12:00,holdout,2.15,22,3.92,194,1.77,-1.75374,-5.797,6.05647
2024-12-09T13:00,holdout,1.21,204,4.26,202,3.05,-1.10367,-2.84441,3.05103
2024-12-09T14:00,holdout,1.75,204,4.94,214,3.19,-2.05062,-2.49674,3.23091
2024-12-09T15:00,holdout,3.58,207,5.03,222,1.45,-1.74044,-0.54822,1.82474
2024-12-09T16:00,holdout,4.48,204,5.07,221,0.59,-1.50404,0.26631,1.52743
2024-12-09T17:00,holdout,4.5,217,5.83,225,1.33,-1.41426,-0.52857,1.50981
2024-12-09T18:00,holdout,3.91,220,5.85,229,1.94,-1.90175,-0.84271,2.0801
2024-12-09T19:00,holdout,4.74,222,4.99,228,0.25,-0.53661,0.18354,0.56714
2024-12-09T20:00,holdout,3.28,218,4.34,232,1.06,-1.4006,-0.0873,1.40331
2024-12-09T21:00,holdout,3.97,229,4.23,246,0.26,-0.8681,0.88406,1.23901
2024-12-09T22:00,holdout,1.12,207,3.42,249,2.3,-2.68438,-0.22769,2.69401
2024-12-09T23:00,holdout,2.44,199,3.05,247,0.61,-2.01315,1.11534,2.30147
2024-12-10T00:00,holdout,2.61,212,2.29,238,-0.32,-0.55894,0.99989,1.14551
2024-12-10T01:00,holdout,2.19,227,3.58,250,1.39,-1.76243,0.26914,1.78287
2024-12-10T02:00,holdout,0.54,202,3.27,251,2.73,-2.88956,-0.56393,2.94407
2024-12-10T03:00,holdout,1.92,219,2.72,253,0.8,-1.39285,0.69687,1.55746
2024-12-10T04:00,holdout,1.72,234,2.35,243,0.63,-0.70236,-0.05589,0.70458
2024-12-10T05:00,holdout,1.22,235,2.06,203,0.84,0.19446,-1.19648,1.21218
2024-12-10T06:00,holdout,1.41,172,1.5,195,0.09,-0.58446,-0.05261,0.58683
2024-12-10T07:00,holdout,1.22,171,1.38,193,0.16,-0.50128,-0.13965,0.52037
2024-12-10T08:00,holdout,0.51,259,2.06,198,1.55,-0.13595,-1.86186,1.86682
2024-12-10T09:00,holdout,0.4,360,1.72,206,1.32,-0.754,-1.94593,2.0869
2024-12-10T10:00,holdout,0.22,243,1.27,189,1.05,-0.00265,-1.15449,1.15449
2024-12-10T11:00,holdout,0.86,126,1.16,173,0.3,-0.55439,-0.64586,0.85116
2024-12-10T12:00,holdout,1.33,77,0.85,135,-0.48,-0.69487,-0.90023,1.13721
2024-12-10T13:00,holdout,0.71,98,2.04,118,1.33,1.09812,-0.85891,1.39413
2024-12-10T14:00,holdout,0.89,63,1.88,132,0.99,0.60412,-1.66202,1.76841
2024-12-10T15:00,holdout,1.93,111,2.52,159,0.59,-0.89872,-1.66097,1.88853
2024-12-10T16:00,holdout,1.84,135,3.6,178,1.76,-1.17544,-2.29673,2.58004
2024-12-10T17:00,holdout,2.2,141,3.61,185,1.41,-1.69914,-1.88654,2.53892
2024-12-10T18:00,holdout,2.28,142,1.9,157,-0.38,-0.66132,0.04771,0.66304
2024-12-10T19:00,holdout,2.28,142,3.18,158,0.9,-0.21246,-1.15178,1.17121
2024-12-10T20:00,holdout,2.33,155,1.92,165,-0.41,-0.48777,0.25712,0.55139
2024-12-10T21:00,holdout,2.66,146,1.55,176,-1.11,-1.37933,0.65902,1.52868
2024-12-10T22:00,holdout,3.19,148,2.05,135,-1.14,-0.24087,1.2557,1.2786
2024-12-10T23:00,holdout,2.12,109,2.61,163,0.49,-1.24141,-1.80575,2.19131
2024-12-11T00:00,holdout,1.6,176,3.59,188,1.99,-0.61124,-1.95896,2.05211
2024-12-11T01:00,holdout,4.03,194,4.31,232,0.28,-2.42138,1.25679,2.72811
2024-12-11T02:00,holdout,2.97,222,3.58,250,0.61,-1.37678,0.98271,1.69152
2024-12-11T03:00,holdout,3.67,287,1.92,279,-1.75,1.61328,-0.77265,1.78876
2024-12-11T04:00,holdout,2.38,292,1.98,291,-0.4,0.35821,-0.182,0.40179
2024-12-11T05:00,holdout,2.43,279,2.26,288,-0.17,0.25069,0.31824,0.40513
2024-12-11T06:00,holdout,1.75,239,2.5,296,0.75,-0.74694,1.99724,2.13235
2024-12-11T07:00,holdout,0.78,220,2.11,301,1.33,-1.30725,1.68425,2.13204
2024-12-11T08:00,holdout,1.5,270,2.31,309,0.81,-0.29521,1.45373,1.4834
2024-12-11T09:00,holdout,2.0,270,2.74,301,0.74,-0.34864,1.4112,1.45363
2024-12-11T10:00,holdout,1.84,283,3.15,303,1.31,-0.84897,1.3017,1.55409
2024-12-11T11:00,holdout,1.75,283,2.94,302,1.19,-0.78811,1.1643,1.40596
2024-12-11T12:00,holdout,0.95,288,3.6,322,2.65,-1.31288,2.54327,2.86215
2024-12-11T13:00,holdout,1.92,279,3.17,322,1.25,-0.05529,2.19764,2.19834
2024-12-11T14:00,holdout,3.64,302,2.97,318,-0.67,1.09958,0.27823,1.13423
2024-12-11T15:00,holdout,4.18,291,4.41,303,0.23,0.20383,0.90388,0.92658
2024-12-11T16:00,holdout,4.44,293,4.73,301,0.29,0.03264,0.70128,0.70204
2024-12-11T17:00,holdout,4.51,274,4.37,303,-0.14,0.83402,2.06547,2.2275
2024-12-11T18:00,holdout,4.52,275,4.34,291,-0.18,0.45106,1.16137,1.24589
2024-12-11T19:00,holdout,4.11,274,4.46,286,0.35,-0.18724,0.94264,0.96106
2024-12-11T20:00,holdout,4.77,260,4.52,276,-0.25,0.20229,1.30077,1.31641
2024-12-11T21:00,holdout,4.08,253,4.3,272,0.22,-0.39566,1.34294,1.40002
2024-12-11T22:00,holdout,4.24,251,4.55,271,0.31,-0.54031,1.45982,1.5566
2024-12-11T23:00,holdout,5.36,256,4.82,265,-0.54,0.39913,0.87661,0.9632
2024-12-12T00:00,holdout,5.25,252,5.3,268,0.05,-0.30372,1.43737,1.46911
2024-12-12T01:00,holdout,4.51,257,6.3,270,1.79,-1.90559,1.01453,2.15883
2024-12-12T02:00,holdout,4.55,230,4.75,246,0.2,-0.85384,0.99268,1.30938
2024-12-12T03:00,holdout,4.4,219,5.17,240,0.77,-1.70834,0.83444,1.90124
2024-12-12T04:00,holdout,4.88,224,5.46,242,0.58,-1.43096,0.94706,1.71598
2024-12-12T05:00,holdout,5.02,224,5.39,244,0.37,-1.35731,1.24827,1.84404
2024-12-12T06:00,holdout,4.98,232,5.73,245,0.75,-1.26885,0.64439,1.4231
2024-12-12T07:00,holdout,5.95,243,6.34,260,0.39,-0.94219,1.60031,1.85708
2024-12-12T08:00,holdout,8.32,231,7.11,262,-1.21,-0.57495,4.24642,4.28517
2024-12-12T09:00,holdout,8.35,253,6.77,259,-1.58,1.33953,1.14953,1.76515
2024-12-12T10:00,holdout,7.28,249,6.16,259,-1.12,0.74964,1.43354,1.61771
2024-12-12T11:00,holdout,4.46,228,5.27,248,0.81,-1.57183,1.01015,1.86844
2024-12-12T12:00,holdout,5.27,213,5.68,244,0.41,-2.2349,1.92985,2.95281
2024-12-12T13:00,holdout,6.11,230,5.88,248,-0.23,-0.77131,1.72475,1.88936
2024-12-12T14:00,holdout,6.4,243,7.05,255,0.65,-1.10734,1.08086,1.5474
2024-12-12T15:00,holdout,7.45,248,7.21,262,-0.24,-0.23231,1.78738,1.80242
2024-12-12T16:00,holdout,6.65,254,6.88,265,0.23,-0.46143,1.23336,1.31685
2024-12-12T17:00,holdout,7.2,256,6.15,269,-1.05,0.83707,1.63451,1.83638
2024-12-12T18:00,holdout,6.65,254,6.01,272,-0.64,0.38605,2.04273,2.07889
2024-12-12T19:00,holdout,6.62,266,5.06,273,-1.56,1.55081,0.72661,1.71259
2024-12-12T20:00,holdout,5.32,258,4.3,272,-1.02,0.90636,1.25616,1.54901
2024-12-12T21:00,holdout,4.88,259,3.46,266,-1.42,1.33877,0.68979,1.50603
2024-12-12T22:00,holdout,4.03,256,2.87,264,-1.16,1.05601,0.67495,1.25328
2024-12-12T23:00,holdout,2.84,260,2.3,266,-0.54,0.50246,0.33272,0.60263
2024-12-13T00:00,holdout,0.54,292,2.38,260,1.84,-1.84316,-0.61557,1.94324
2024-12-13T01:00,holdout,0.45,333,2.27,284,1.82,-1.99828,0.14821,2.00376
2024-12-13T02:00,holdout,1.9,267,1.88,292,-0.02,0.15429,0.8037,0.81837
2024-12-13T03:00,holdout,2.0,273,2.45,287,0.45,-0.34569,0.61164,0.70257
2024-12-13T04:00,holdout,2.65,281,2.56,282,-0.09,0.09725,0.02661,0.10083
2024-12-13T05:00,holdout,1.93,291,2.7,289,0.77,-0.75109,0.18738,0.77411
2024-12-13T06:00,holdout,1.7,298,1.92,298,0.22,-0.19425,0.10328,0.22
2024-12-13T07:00,holdout,1.87,286,1.72,300,-0.15,0.308,0.34456,0.46215
2024-12-13T08:00,holdout,1.81,276,1.85,308,0.04,0.34226,0.94978,1.00957
2024-12-13T09:00,holdout,1.4,266,1.85,308,0.45,-0.06123,1.23663,1.23815
2024-12-13T10:00,holdout,0.99,315,1.45,311,0.46,-0.39429,0.25125,0.46754
2024-12-13T11:00,holdout,1.0,323,0.96,313,-0.04,-0.10028,-0.14392,0.17541
2024-12-13T12:00,holdout,0.63,342,0.94,328,0.31,-0.30344,0.198,0.36233
2024-12-13T13:00,holdout,0.92,347,0.6,5,-0.32,0.25925,-0.2987,0.39552
2024-12-13T14:00,holdout,0.63,162,0.56,27,-0.07,0.05955,1.09813,1.09974
2024-12-13T15:00,holdout,0.41,166,0.35,45,-0.06,0.1483,0.64531,0.66213
2024-12-13T16:00,holdout,1.14,38,0.43,21,-0.71,-0.54776,-0.49689,0.73955
2024-12-13T17:00,holdout,0.63,72,0.15,360,-0.48,-0.59917,-0.04468,0.60083
2024-12-13T18:00,holdout,1.03,61,0.25,11,-0.78,-0.85316,-0.25395,0.89015
2024-12-13T19:00,holdout,0.78,50,0.18,326,-0.6,-0.69817,-0.35215,0.78195
2024-12-13T20:00,holdout,1.36,107,0.11,333,-1.25,-1.35051,0.49564,1.43859
2024-12-13T21:00,holdout,0.92,131,0.15,360,-0.77,-0.69433,0.75357,1.02468
2024-12-13T22:00,holdout,0.99,45,0.5,354,-0.49,-0.7523,-0.20277,0.77915
2024-12-13T23:00,holdout,0.92,49,1.66,5,0.74,-0.54965,1.05011,1.18526
2024-12-14T00:00,holdout,1.66,33,1.79,18,0.13,-0.35096,0.3102,0.4684
2024-12-14T01:00,holdout,1.84,22,1.59,28,-0.25,0.05718,-0.30213,0.3075
2024-12-14T02:00,holdout,2.15,22,1.78,38,-0.37,0.29047,-0.59079,0.65833
2024-12-14T03:00,holdout,1.71,7,1.84,45,0.13,1.09268,-0.39618,1.16228
2024-12-14T04:00,holdout,2.06,346,1.97,54,-0.09,2.09212,-0.84087,2.25478
2024-12-14T05:00,holdout,2.31,18,2.01,55,-0.3,0.93267,-1.04405,1.39997
2024-12-14T06:00,holdout,1.77,16,2.09,46,0.32,1.01554,-0.2496,1.04577
2024-12-14T07:00,holdout,1.92,28,2.12,47,0.2,0.64908,-0.24942,0.69536
2024-12-14T08:00,holdout,1.84,45,2.13,51,0.29,0.35424,0.03938,0.35643
2024-12-14T09:00,holdout,1.12,27,2.16,46,1.04,1.0453,0.50253,1.15983
2024-12-14T10:00,holdout,0.42,45,2.45,49,2.03,1.55205,1.31036,2.03123
2024-12-14T11:00,holdout,0.5,360,2.46,52,1.96,1.93851,1.01453,2.18794
2024-12-14T12:00,holdout,0.85,45,2.48,56,1.63,1.45497,0.78576,1.65359
2024-12-14T13:00,holdout,0.5,53,2.39,61,1.89,1.69102,0.85779,1.89614
2024-12-14T14:00,holdout,2.52,56,2.01,63,-0.51,-0.29825,-0.49665,0.57932
2024-12-14T15:00,holdout,2.48,47,2.14,79,-0.34,0.28692,-1.28302,1.31472
2024-12-14T16:00,holdout,1.94,55,2.0,89,0.06,0.41054,-1.07783,1.15337
2024-12-14T17:00,holdout,2.94,80,2.0,91,-0.94,-0.89564,-0.54543,1.04865
2024-12-14T18:00,holdout,2.96,78,2.46,95,-0.5,-0.44468,-0.82982,0.94146
2024-12-14T19:00,holdout,3.21,86,2.41,95,-0.8,-0.80135,-0.43396,0.91131
2024-12-14T20:00,holdout,3.18,77,2.4,92,-0.78,-0.69996,-0.7991,1.06231
2024-12-14T21:00,holdout,2.85,72,2.01,86,-0.84,-0.70541,-0.74049,1.0227
2024-12-14T22:00,holdout,2.34,50,2.37,83,0.03,0.55979,-1.21529,1.33802
2024-12-14T23:00,holdout,2.14,53,2.97,83,0.83,1.23878,-0.92593,1.54659
2024-12-15T00:00,holdout,2.41,48,3.0,93,0.59,1.20491,-1.76961,2.14087
2024-12-15T01:00,holdout,2.19,43,3.36,94,1.17,1.85824,-1.83605,2.6123
2024-12-15T02:00,holdout,2.42,60,3.29,99,0.87,1.15371,-1.72467,2.07498
2024-12-15T03:00,holdout,2.42,38,3.26,101,0.84,1.7102,-2.52902,3.05299
2024-12-15T04:00,holdout,2.62,43,3.34,112,0.72,1.30996,-3.16733,3.42753
2024-12-15T05:00,holdout,2.4,45,3.4,107,1.0,1.55438,-2.69112,3.10777
2024-12-15T06:00,holdout,2.95,62,3.01,105,0.06,0.30274,-2.16399,2.18506
2024-12-15T07:00,holdout,2.61,58,3.23,103,0.62,0.93381,-2.10968,2.30711
2024-12-15T08:00,holdout,2.26,45,3.13,107,0.87,1.39517,-2.51318,2.87447
2024-12-15T09:00,holdout,2.76,46,3.14,112,0.38,0.92598,-3.09352,3.22914
2024-12-15T10:00,holdout,2.26,45,3.13,117,0.87,1.19079,-3.01905,3.2454
2024-12-15T11:00,holdout,2.19,47,2.93,120,0.74,0.93579,-2.95858,3.10304
2024-12-15T12:00,holdout,1.98,49,2.71,120,0.73,0.8526,-2.654,2.78759
2024-12-15T13:00,holdout,2.39,33,3.49,128,1.1,1.44847,-4.15308,4.39843
2024-12-15T14:00,holdout,3.05,58,4.02,125,0.97,0.70644,-3.92203,3.98515
2024-12-15T15:00,holdout,3.69,103,4.17,124,0.48,-0.13834,-1.50177,1.50812
2024-12-15T16:00,holdout,3.2,104,4.0,139,0.8,-0.48071,-2.24469,2.29558
2024-12-15T17:00,holdout,1.81,96,3.55,141,1.74,0.434,-2.56967,2.60606
2024-12-15T18:00,holdout,2.4,88,3.75,138,1.35,0.1107,-2.87055,2.87269
2024-12-15T19:00,holdout,2.21,95,4.2,142,1.99,0.38419,-3.11703,3.14062
2024-12-15T20:00,holdout,1.7,62,4.23,145,2.53,0.92522,-4.26311,4.36236
2024-12-15T21:00,holdout,2.21,108,4.02,145,1.81,0.20394,-2.61006,2.61802
2024-12-15T22:00,holdout,2.57,103,3.76,147,1.19,-0.45629,-2.57528,2.61539
2024-12-15T23:00,holdout,1.53,79,3.51,139,1.98,0.80088,-2.94097,3.04806
2024-12-16T00:00,holdout,1.58,72,3.4,139,1.82,0.72793,-3.05426,3.13981
2024-12-16T01:00,holdout,1.64,52,3.07,156,1.43,-0.04366,-3.81427,3.81452
2024-12-16T02:00,holdout,1.27,135,3.34,161,2.07,0.18937,-2.26001,2.26793
2024-12-16T03:00,holdout,1.88,115,3.21,162,1.33,-0.71191,-2.25837,2.36792
2024-12-16T04:00,holdout,1.12,10,2.63,159,1.51,0.74802,-3.5583,3.63608
2024-12-16T05:00,holdout,1.56,40,2.15,152,0.59,0.00662,-3.09337,3.09337
2024-12-16T06:00,holdout,1.49,70,2.2,141,0.71,-0.01564,-2.21933,2.21939
2024-12-16T07:00,holdout,2.39,57,2.13,141,-0.26,-0.66397,-2.95701,3.03064
2024-12-16T08:00,holdout,1.56,45,1.87,134,0.31,0.24208,-2.4021,2.41427
2024-12-16T09:00,holdout,1.63,43,1.76,125,0.13,0.33005,-2.2016,2.2262
2024-12-16T10:00,holdout,1.72,36,2.13,139,0.41,0.38642,-2.99904,3.02383
2024-12-16T11:00,holdout,1.77,47,2.36,144,0.59,0.09268,-3.11642,3.11779
2024-12-16T12:00,holdout,1.7,50,2.29,144,0.59,0.04375,-2.94539,2.94571
2024-12-16T13:00,holdout,1.17,70,2.71,155,1.54,0.04586,-2.85626,2.85663
2024-12-16T14:00,holdout,0.91,84,2.89,162,1.98,-0.01196,-2.84367,2.8437
2024-12-16T15:00,holdout,1.9,108,3.16,151,1.26,-0.27501,-2.17667,2.19397
2024-12-16T16:00,holdout,2.75,123,3.18,152,0.43,-0.81342,-1.31002,1.54201
2024-12-16T17:00,holdout,2.69,135,2.37,145,-0.32,-0.54274,-0.03927,0.54416
2024-12-16T18:00,holdout,2.83,148,2.91,139,0.08,0.40946,0.20377,0.45736
2024-12-16T19:00,holdout,2.42,150,3.64,167,1.22,-0.39118,-1.45093,1.50273
2024-12-16T20:00,holdout,2.41,138,4.07,174,1.66,-1.18717,-2.25673,2.54994
2024-12-16T21:00,holdout,1.94,102,4.5,179,2.56,-1.81907,-4.09597,4.48174
2024-12-16T22:00,holdout,0.14,315,5.17,185,5.03,-0.3516,-5.24932,5.26108
2024-12-16T23:00,holdout,3.32,159,5.24,190,1.92,-2.0997,-2.06091,2.94212
2024-12-17T00:00,holdout,4.54,172,5.55,197,1.01,-2.25451,-0.81167,2.39617
2024-12-17T01:00,holdout,3.0,210,5.37,208,2.37,-1.02106,-2.14335,2.37414
2024-12-17T02:00,holdout,2.86,205,5.89,213,3.03,-1.99924,-2.34773,3.08363
2024-12-17T03:00,holdout,4.43,208,6.25,220,1.82,-1.93766,-0.87632,2.12661
2024-12-17T04:00,holdout,4.8,211,6.32,220,1.52,-1.59023,-0.727,1.74853
2024-12-17T05:00,holdout,4.74,222,7.16,241,2.42,-3.0906,0.05127,3.09102
2024-12-17T06:00,holdout,4.55,230,6.75,258,2.2,-3.11699,1.52128,3.46842
2024-12-17T07:00,holdout,4.22,234,4.86,261,0.64,-1.38611,1.72018,2.20915
2024-12-17T08:00,holdout,5.2,232,4.17,260,-1.03,-0.00899,2.47733,2.47734
2024-12-17T09:00,holdout,2.98,256,3.76,267,0.78,-0.86337,0.52414,1.01001
2024-12-17T10:00,holdout,3.73,250,3.35,272,-0.38,0.15709,1.39265,1.40148
2024-12-17T11:00,holdout,3.19,229,3.16,265,-0.03,-0.74045,1.81742,1.96247
2024-12-17T12:00,holdout,2.48,223,3.49,257,1.01,-1.7092,1.02868,1.99488
2024-12-17T13:00,holdout,2.06,241,3.3,260,1.24,-1.44815,0.42567,1.50941
2024-12-17T14:00,holdout,3.7,232,3.69,257,-0.01,-0.67979,1.44788,1.59952
2024-12-17T15:00,holdout,4.3,245,3.81,259,-0.49,0.15712,1.09028,1.10154
2024-12-17T16:00,holdout,5.41,242,4.04,258,-1.37,0.82503,1.69988,1.88951
2024-12-17T17:00,holdout,4.63,237,3.88,248,-0.75,0.28557,1.06821,1.10572
2024-12-17T18:00,holdout,5.39,230,4.0,244,-1.39,0.5338,1.71114,1.79247
2024-12-17T19:00,holdout,4.72,234,4.2,248,-0.52,-0.07561,1.201,1.20338
2024-12-17T20:00,holdout,4.79,247,4.0,257,-0.79,0.51174,0.9718,1.0983
2024-12-17T21:00,holdout,4.27,249,2.97,257,-1.3,1.09251,0.86213,1.3917
2024-12-17T22:00,holdout,3.14,233,2.25,253,-0.89,0.35603,1.23186,1.28228
2024-12-17T23:00,holdout,1.42,231,2.44,247,1.02,-1.14248,-0.05975,1.14405
2024-12-18T00:00,holdout,0.45,153,2.42,248,1.97,-2.44808,-0.5056,2.49975
2024-12-18T01:00,holdout,1.44,124,2.43,261,0.99,-3.5939,0.4251,3.61895
2024-12-18T02:00,holdout,0.76,157,2.14,254,1.38,-2.35406,0.10972,2.35661
2024-12-18T03:00,holdout,1.08,214,1.83,244,0.75,-1.04086,0.09314,1.04502
2024-12-18T04:00,holdout,0.64,231,1.82,249,1.18,-1.20174,-0.24946,1.22736
2024-12-18T05:00,holdout,1.2,222,1.52,253,0.32,-0.65063,0.44737,0.78959
2024-12-18T06:00,holdout,1.51,278,1.14,232,-0.37,0.59697,-0.91201,1.09001
2024-12-18T07:00,holdout,0.5,323,0.6,175,0.1,0.3532,-0.99703,1.05775
2024-12-18T08:00,holdout,0.41,104,0.95,180,0.54,-0.39782,-0.85081,0.93922
2024-12-18T09:00,holdout,2.18,16,1.52,153,-0.66,0.08918,-3.44988,3.45103
2024-12-18T10:00,holdout,1.8,19,1.0,174,-0.8,-0.48149,-2.69646,2.73911
2024-12-18T11:00,holdout,2.34,40,0.36,124,-1.98,-1.20567,-1.99385,2.33004
2024-12-18T12:00,holdout,1.0,53,0.74,118,-0.26,-0.14525,-0.94922,0.96027
2024-12-18T13:00,holdout,1.1,355,0.72,115,-0.38,0.74841,-1.4001,1.58758
2024-12-18T14:00,holdout,1.63,47,1.15,92,-0.48,-0.04281,-1.15179,1.15259
2024-12-18T15:00,holdout,1.36,73,1.41,73,0.05,0.04782,0.01462,0.05
2024-12-18T16:00,holdout,1.51,352,1.3,16,-0.21,0.56848,-0.24566,0.61929
2024-12-18T17:00,holdout,2.02,9,2.22,337,0.2,-1.18342,0.04839,1.18441
2024-12-18T18:00,holdout,2.11,355,3.1,360,0.99,0.1839,0.99803,1.01483
2024-12-18T19:00,holdout,2.6,337,3.44,8,0.84,1.49466,1.01321,1.80571
2024-12-18T20:00,holdout,4.02,325,3.59,347,-0.43,1.4982,0.205,1.51216
2024-12-18T21:00,holdout,2.69,329,2.83,347,0.14,0.74884,0.45169,0.87452
2024-12-18T22:00,holdout,1.53,302,2.61,328,1.08,-0.08558,1.40263,1.40524
2024-12-18T23:00,holdout,1.99,288,2.65,316,0.66,0.05176,1.29131,1.29234
2024-12-19T00:00,holdout,2.59,298,3.3,305,0.71,-0.41637,0.67687,0.79468
2024-12-19T01:00,holdout,3.04,297,3.61,304,0.57,-0.28417,0.63856,0.69893
2024-12-19T02:00,holdout,1.8,267,3.49,297,1.69,-1.31208,1.67863,2.13058
2024-12-19T03:00,holdout,3.04,287,2.98,284,-0.06,0.01569,-0.16788,0.16861
2024-12-19T04:00,holdout,2.33,260,3.36,275,1.03,-1.05261,0.69744,1.2627
2024-12-19T05:00,holdout,2.52,263,3.44,279,0.92,-0.89643,0.84525,1.23208
2024-12-19T06:00,holdout,2.71,274,3.73,288,1.02,-0.84404,0.96359,1.28098
2024-12-19T07:00,holdout,3.51,290,3.49,289,-0.02,-0.00154,-0.06426,0.06428
2024-12-19T08:00,holdout,2.14,281,3.03,292,0.89,-0.70868,0.72673,1.01507
2024-12-19T09:00,holdout,1.82,279,2.64,297,0.82,-0.55466,0.91382,1.06898
2024-12-19T10:00,holdout,1.33,257,1.87,290,0.54,-0.46131,0.93876,1.04599
2024-12-19T11:00,holdout,1.36,234,1.49,290,0.13,-0.29988,1.309,1.34291
2024-12-19T12:00,holdout,1.49,250,1.69,289,0.2,-0.19778,1.05982,1.07812
2024-12-19T13:00,holdout,1.12,260,2.13,279,1.01,-1.00079,0.52769,1.13139
2024-12-19T14:00,holdout,1.84,241,1.43,282,-0.41,0.21055,1.18936,1.20786
2024-12-19T15:00,holdout,0.92,221,0.59,290,-0.33,0.04916,0.89612,0.89747
2024-12-19T16:00,holdout,1.17,239,1.07,349,-0.1,0.79872,1.65294,1.8358
2024-12-19T17:00,holdout,0.61,279,1.2,360,0.59,0.60249,1.10457,1.25821
2024-12-19T18:00,holdout,0.0,270,1.25,2,1.25,0.04362,1.24924,1.25
2024-12-19T19:00,holdout,0.71,82,0.87,24,0.16,-0.34923,0.69597,0.77868
2024-12-19T20:00,holdout,0.28,225,0.43,21,0.15,0.35209,0.59943,0.69518
2024-12-19T21:00,holdout,1.77,137,0.94,115,-0.83,-0.35521,0.89723,0.96499
2024-12-19T22:00,holdout,0.73,106,0.56,100,-0.17,-0.15023,0.10397,0.1827
2024-12-19T23:00,holdout,1.6,86,1.15,85,-0.45,-0.45048,-0.01138,0.45062
2024-12-20T00:00,holdout,1.4,94,2.24,100,0.84,0.80938,-0.29131,0.86021
2024-12-20T01:00,holdout,1.66,65,0.98,75,-0.68,-0.55786,-0.4479,0.71542
2024-12-20T02:00,holdout,0.81,60,1.69,78,0.88,0.95159,-0.05363,0.9531
2024-12-20T03:00,holdout,1.81,84,1.97,97,0.16,0.15523,-0.42928,0.45648
2024-12-20T04:00,holdout,1.26,72,1.65,90,0.39,0.45167,-0.38936,0.59633
2024-12-20T05:00,holdout,1.65,76,1.6,86,-0.05,-0.00489,-0.28756,0.2876
2024-12-20T06:00,holdout,1.49,48,1.91,95,0.42,0.79545,-1.16347,1.4094
2024-12-20T07:00,holdout,1.3,23,1.55,94,0.25,1.03827,-1.30478,1.66747
2024-12-20T08:00,holdout,0.81,30,0.9,90,0.09,0.495,-0.70148,0.85855
2024-12-20T09:00,holdout,1.0,6,0.61,81,-0.39,0.49796,-0.8991,1.02778
2024-12-20T10:00,holdout,0.6,360,0.35,45,-0.25,0.24749,-0.35251,0.43071
2024-12-20T11:00,holdout,0.71,82,0.05,360,-0.66,-0.70309,-0.04881,0.70478
2024-12-20T12:00,holdout,0.89,297,0.72,78,-0.17,1.49726,-0.25436,1.51871
2024-12-20T13:00,holdout,0.98,294,0.56,207,-0.42,0.64104,-0.89757,1.10298
2024-12-20T14:00,holdout,0.92,49,0.85,220,-0.07,-1.2407,-1.25471,1.76455
2024-12-20T15:00,holdout,0.81,353,0.46,229,-0.35,-0.24845,-1.10575,1.13332
2024-12-20T16:00,holdout,0.63,162,0.9,251,0.27,-1.04565,0.30615,1.08955
2024-12-20T17:00,holdout,0.5,90,1.2,270,0.7,-1.7,-0.0,1.7
2024-12-20T18:00,holdout,0.85,291,1.57,301,0.72,-0.55221,0.504,0.74763
2024-12-20T19:00,holdout,1.72,306,1.88,312,0.16,-0.0056,0.24697,0.24704
2024-12-20T20:00,holdout,1.2,312,1.79,324,0.59,-0.16036,0.64518,0.66481
2024-12-20T21:00,holdout,1.7,315,1.88,318,0.18,-0.05588,0.19503,0.20288
2024-12-20T22:00,holdout,1.57,333,2.34,320,0.77,-0.79136,0.39366,0.88387
2024-12-20T23:00,holdout,1.7,310,2.58,328,0.88,-0.06492,1.09523,1.09715
2024-12-21T00:00,holdout,1.56,320,2.8,333,1.24,-0.26842,1.29979,1.32722
2024-12-21T01:00,holdout,1.79,297,3.1,322,1.31,-0.31365,1.63019,1.66009
2024-12-21T02:00,holdout,1.46,286,3.29,327,1.83,-0.38842,2.3568,2.38859
2024-12-21T03:00,holdout,1.53,302,3.65,331,2.12,-0.47204,2.38159,2.42792
2024-12-21T04:00,holdout,2.41,312,4.14,333,1.73,-0.08854,2.07616,2.07805
2024-12-21T05:00,holdout,3.64,323,3.98,333,0.34,0.38372,0.63917,0.74551
2024-12-21T06:00,holdout,4.26,321,4.67,333,0.41,0.56077,0.85036,1.01861
2024-12-21T07:00,holdout,4.72,324,4.34,331,-0.38,0.67027,-0.02271,0.67066
2024-12-21T08:00,holdout,4.46,316,4.31,328,-0.15,0.81422,0.44683,0.92877
2024-12-21T09:00,holdout,4.68,318,4.69,329,0.01,0.716,0.5422,0.89813
2024-12-21T10:00,holdout,4.68,312,4.27,325,-0.41,1.02875,0.36625,1.092
2024-12-21T11:00,holdout,4.1,317,3.82,317,-0.28,0.19096,-0.20478,0.28
2024-12-21T12:00,holdout,3.91,320,3.26,311,-0.65,0.05295,-0.85648,0.85812
2024-12-21T13:00,holdout,3.44,306,3.27,309,-0.17,0.24175,0.0359,0.2444
2024-12-21T14:00,holdout,2.44,305,3.71,323,1.27,-0.234,1.56341,1.58083
2024-12-21T15:00,holdout,3.58,300,4.26,321,0.68,0.41947,1.52064,1.57744
2024-12-21T16:00,holdout,4.1,315,4.7,314,0.6,-0.48176,0.36576,0.60487
2024-12-21T17:00,holdout,4.43,298,4.6,313,0.17,0.54723,1.05743,1.19064
2024-12-21T18:00,holdout,4.4,291,4.67,315,0.27,0.80557,1.72537,1.90416
2024-12-21T19:00,holdout,3.66,305,4.38,315,0.72,-0.09903,0.99784,1.00274
2024-12-21T20:00,holdout,2.41,312,4.21,315,1.8,-1.18594,1.36431,1.80771
2024-12-21T21:00,holdout,1.84,311,3.92,314,2.08,-1.43115,1.51591,2.08475
2024-12-21T22:00,holdout,3.33,311,3.86,313,0.53,-0.30984,0.44784,0.54457
2024-12-21T23:00,holdout,3.05,293,3.75,312,0.7,0.02075,1.31751,1.31767
2024-12-22T00:00,holdout,1.27,315,4.35,314,3.08,-2.2311,2.12374,3.08027
2024-12-22T01:00,holdout,1.55,255,4.74,314,3.19,-1.91249,3.69385,4.15958
2024-12-22T02:00,holdout,2.14,281,4.99,313,2.85,-1.54877,2.99484,3.37161
2024-12-22T03:00,holdout,1.12,260,4.35,314,3.23,-2.02614,3.21625,3.80125
2024-12-22T04:00,holdout,1.87,254,3.5,317,1.63,-0.58943,3.07518,3.13116
2024-12-22T05:00,holdout,1.49,290,2.93,316,1.44,-0.63521,1.59806,1.71967
2024-12-22T06:00,holdout,1.51,278,3.01,316,1.5,-0.59562,1.95506,2.04378
2024-12-22T07:00,holdout,1.87,286,3.04,318,1.17,-0.2366,1.74372,1.7597
2024-12-22T08:00,holdout,1.7,298,2.87,311,1.17,-0.66501,1.08479,1.2724
2024-12-22T09:00,holdout,2.19,294,3.09,304,0.9,-0.56106,0.83715,1.00778
2024-12-22T10:00,holdout,1.84,283,2.98,299,1.14,-0.81353,1.03082,1.31317
2024-12-22T11:00,holdout,1.14,285,2.85,301,1.71,-1.34177,1.1728,1.78208
2024-12-22T12:00,holdout,1.84,299,2.75,299,0.91,-0.7959,0.44118,0.91
2024-12-22T13:00,holdout,1.24,346,1.85,19,0.61,0.90228,0.54604,1.05465
2024-12-22T14:00,holdout,2.28,345,1.59,28,-0.69,1.33657,-0.79842,1.55689
2024-12-22T15:00,holdout,1.06,311,1.16,7,0.1,0.94136,0.45593,1.04596
2024-12-22T16:00,holdout,1.88,335,1.45,316,-0.43,-0.21273,-0.66082,0.69421
2024-12-22T17:00,holdout,1.94,325,1.7,313,-0.24,-0.13056,-0.42976,0.44915
2024-12-22T18:00,holdout,1.84,331,1.63,317,-0.21,-0.21961,-0.41719,0.47146
2024-12-22T19:00,holdout,1.17,340,1.39,322,0.22,-0.45561,-0.00411,0.45562
2024-12-22T20:00,holdout,2.1,3,1.14,331,-0.96,-0.66259,-1.10006,1.28419
2024-12-22T21:00,holdout,1.21,24,1.0,354,-0.21,-0.59668,-0.11087,0.60689
2024-12-22T22:00,holdout,1.52,67,1.07,11,-0.45,-1.195,0.45643,1.2792
2024-12-22T23:00,holdout,1.6,94,1.7,28,0.1,-0.798,1.61262,1.79926
2024-12-23T00:00,holdout,1.9,108,1.96,52,0.06,-0.26251,1.79383,1.81293
2024-12-23T01:00,holdout,1.32,99,1.63,67,0.31,0.19667,0.84339,0.86601
2024-12-23T02:00,holdout,1.84,77,1.7,87,-0.14,-0.09517,-0.32494,0.33859
2024-12-23T03:00,holdout,2.16,77,2.05,103,-0.11,-0.10718,-0.94704,0.95309
2024-12-23T04:00,holdout,1.21,66,1.95,116,0.74,0.64726,-1.34698,1.49442
2024-12-23T05:00,holdout,1.77,74,2.13,120,0.36,0.1432,-1.55288,1.55947
2024-12-23T06:00,holdout,0.85,69,1.84,119,0.99,0.81576,-1.19666,1.44826
2024-12-23T07:00,holdout,1.35,48,1.5,105,0.15,0.44564,-1.29155,1.36628
2024-12-23T08:00,holdout,1.42,51,1.74,108,0.32,0.55129,-1.43132,1.53382
2024-12-23T09:00,holdout,1.63,79,1.8,109,0.17,0.10188,-0.89704,0.90281
2024-12-23T10:00,holdout,1.48,28,1.0,96,-0.48,0.2997,-1.41129,1.44276
2024-12-23T11:00,holdout,1.78,38,1.35,105,-0.43,0.20812,-1.75206,1.76438
2024-12-23T12:00,holdout,1.13,45,1.69,109,0.56,0.7989,-1.34924,1.56802
2024-12-23T13:00,holdout,0.28,45,2.2,150,1.92,0.90201,-2.10325,2.28851
2024-12-23T14:00,holdout,1.22,99,2.58,148,1.36,0.16221,-1.99711,2.00369
2024-12-23T15:00,holdout,1.7,130,2.06,157,0.36,-0.49737,-0.8035,0.94498
2024-12-23T16:00,holdout,1.64,142,2.31,162,0.67,-0.29586,-0.9046,0.95175
2024-12-23T17:00,holdout,2.12,172,2.9,178,0.78,-0.19384,-0.79887,0.82205
2024-12-23T18:00,holdout,2.83,172,3.4,180,0.57,-0.39386,-0.59754,0.71567
2024-12-23T19:00,holdout,2.73,156,3.45,182,0.72,-1.23079,-0.95392,1.55718
2024-12-23T20:00,holdout,2.33,155,3.45,179,1.12,-0.92449,-1.33778,1.62614
2024-12-23T21:00,holdout,2.42,150,3.11,176,0.69,-0.99306,-1.00664,1.41403
2024-12-23T22:00,holdout,2.97,132,3.62,174,0.65,-1.82875,-1.61285,2.43836
2024-12-23T23:00,holdout,2.25,111,4.51,176,2.26,-1.78595,-3.69269,4.1019
2024-12-24T00:00,holdout,2.83,42,3.47,192,0.64,-2.61509,-5.49727,6.08759
2024-12-24T01:00,holdout,3.7,52,4.24,187,0.54,-3.43237,-6.48634,7.33851
2024-12-24T02:00,holdout,3.23,22,4.37,193,1.14,-2.19302,-7.2528,7.5771
2024-12-24T03:00,holdout,2.86,54,4.07,196,1.21,-3.43563,-5.5934,6.56427
2024-12-24T04:00,holdout,2.92,52,3.12,221,0.2,-4.3479,-4.15243,6.01222
2024-12-24T05:00,holdout,0.91,96,3.08,227,2.17,-3.15758,-2.00543,3.7406
2024-12-24T06:00,holdout,0.54,338,3.37,229,2.83,-2.34108,-2.7116,3.58238
2024-12-24T07:00,holdout,1.84,135,2.95,231,1.11,-3.59366,-0.55542,3.63633
2024-12-24T08:00,holdout,1.92,208,2.91,221,0.99,-1.00775,-0.50095,1.12539
2024-12-24T09:00,holdout,3.4,208,3.27,219,-0.13,-0.46167,0.46075,0.65226
2024-12-24T10:00,holdout,3.02,214,3.36,223,0.34,-0.60275,0.04635,0.60453
2024-12-24T11:00,holdout,1.14,142,3.36,227,2.22,-3.1592,-1.39318,3.45276
2024-12-24T12:00,holdout,1.4,184,3.51,229,2.11,-2.55137,-0.90618,2.70752
2024-12-24T13:00,holdout,0.71,135,3.55,230,2.84,-3.2215,-1.77985,3.68048
2024-12-24T14:00,holdout,1.49,200,3.36,237,1.87,-2.30832,-0.42985,2.348
2024-12-24T15:00,holdout,1.57,207,3.15,243,1.58,-2.09391,-0.03119,2.09414
2024-12-24T16:00,holdout,2.52,236,3.0,246,0.48,-0.65146,0.18896,0.67831
2024-12-24T17:00,holdout,3.08,234,2.67,249,-0.41,-0.00089,0.85354,0.85354
2024-12-24T18:00,holdout,2.47,249,2.28,251,-0.19,0.15016,0.14287,0.20727
2024-12-24T19:00,holdout,1.92,279,2.12,262,0.2,-0.20301,-0.5954,0.62906
2024-12-24T20:00,holdout,1.14,285,1.97,294,0.83,-0.69853,0.50622,0.86267
2024-12-24T21:00,holdout,1.44,326,1.77,310,0.33,-0.55066,-0.05608,0.55351
2024-12-24T22:00,holdout,0.81,330,1.74,319,0.93,-0.73654,0.61171,0.95744
2024-12-24T23:00,holdout,1.22,325,1.79,324,0.57,-0.35237,0.44877,0.57058
2024-12-25T00:00,holdout,0.92,347,1.75,323,0.83,-0.84622,0.50119,0.98351
2024-12-25T01:00,holdout,0.94,32,2.03,350,1.09,-0.85063,1.20199,1.47254
2024-12-25T02:00,holdout,1.65,14,1.87,351,0.22,-0.6917,0.24599,0.73414
2024-12-25T03:00,holdout,0.41,346,2.01,4,1.6,0.2394,1.60728,1.62501
2024-12-25T04:00,holdout,0.4,360,1.77,29,1.37,0.85811,1.14808,1.43333
2024-12-25T05:00,holdout,0.85,201,0.81,353,-0.04,0.2059,1.59751,1.61072
2024-12-25T06:00,holdout,0.42,135,1.27,26,0.85,0.25975,1.43845,1.46172
2024-12-25T07:00,holdout,0.3,270,1.38,46,1.08,1.29269,0.95863,1.60935
2024-12-25T08:00,holdout,0.36,214,0.8,90,0.44,1.00131,0.29845,1.04484
2024-12-25T09:00,holdout,0.41,14,0.94,122,0.53,0.69798,-0.89595,1.13573
2024-12-25T10:00,holdout,0.86,54,0.64,135,-0.22,-0.24321,-0.95804,0.98843
2024-12-25T11:00,holdout,0.36,34,0.16,72,-0.2,-0.04914,-0.24901,0.25381
2024-12-25T12:00,holdout,0.4,90,0.6,24,0.2,-0.15596,0.54813,0.56988
2024-12-25T13:00,holdout,0.7,90,1.15,34,0.45,-0.05693,0.95339,0.95509
2024-12-25T14:00,holdout,1.26,72,1.66,85,0.4,0.45535,-0.24468,0.51693
2024-12-25T15:00,holdout,1.43,78,1.69,78,0.26,0.25432,0.05406,0.26
2024-12-25T16:00,holdout,1.91,84,1.82,81,-0.09,-0.10194,0.08506,0.13277
2024-12-25T17:00,holdout,2.1,93,1.3,90,-0.8,-0.79712,0.10991,0.80466
2024-12-25T18:00,holdout,2.11,85,1.27,99,-0.84,-0.84761,-0.38257,0.92994
2024-12-25T19:00,holdout,1.5,53,1.28,111,-0.22,-0.00297,-1.36143,1.36144
2024-12-25T20:00,holdout,1.06,49,1.09,106,0.03,0.24778,-0.99587,1.02623
2024-12-25T21:00,holdout,1.22,55,0.72,115,-0.5,-0.34682,-1.00405,1.06226
2024-12-25T22:00,holdout,1.71,69,1.25,119,-0.46,-0.50315,-1.21882,1.31859
2024-12-25T23:00,holdout,1.6,86,1.3,94,-0.3,-0.29927,-0.20229,0.36123
2024-12-26T00:00,holdout,1.82,81,1.58,79,-0.24,-0.24662,0.01677,0.24719
2024-12-26T01:00,holdout,1.63,43,1.65,92,0.02,0.53734,-1.24969,1.36032
2024-12-26T02:00,holdout,1.34,63,1.75,87,0.41,0.55365,-0.51676,0.75735
2024-12-26T03:00,holdout,1.39,60,1.87,81,0.48,0.6432,-0.40247,0.75874
2024-12-26T04:00,holdout,0.86,36,1.9,93,1.04,1.3919,-0.79519,1.60303
2024-12-26T05:00,holdout,0.41,104,1.82,99,1.41,1.39977,-0.18552,1.41201
2024-12-26T06:00,holdout,0.36,34,1.54,103,1.18,1.29922,-0.64488,1.45046
2024-12-26T07:00,holdout,0.5,53,1.61,85,1.11,1.20456,-0.16059,1.21521
2024-12-26T08:00,holdout,1.48,28,1.91,70,0.43,1.09999,-0.6535,1.27948
2024-12-26T09:00,holdout,0.81,60,1.96,58,1.15,0.96069,0.63364,1.15084
2024-12-26T10:00,holdout,1.5,37,2.18,58,0.68,0.94602,-0.04273,0.94699
2024-12-26T11:00,holdout,0.81,60,2.32,76,1.51,1.54961,0.15626,1.55746
2024-12-26T12:00,holdout,0.76,23,2.8,80,2.04,2.46051,-0.21337,2.46974
2024-12-26T13:00,holdout,1.06,49,2.53,72,1.47,1.60618,0.08639,1.6085
2024-12-26T14:00,holdout,1.56,50,2.06,72,0.5,0.76415,-0.36617,0.84735
2024-12-26T15:00,holdout,2.14,79,1.52,73,-0.62,-0.6471,0.03607,0.6481
2024-12-26T16:00,holdout,2.11,85,1.56,84,-0.55,-0.55052,-0.02083,0.55091
2024-12-26T17:00,holdout,1.91,84,0.75,90,-1.16,-1.14954,-0.19965,1.16675
2024-12-26T18:00,holdout,1.5,37,0.36,34,-1.14,-0.70141,-0.8995,1.14065
2024-12-26T19:00,holdout,2.08,35,1.1,43,-0.98,-0.44284,-0.89935,1.00246
2024-12-26T20:00,holdout,1.98,45,1.43,54,-0.55,-0.24318,-0.55954,0.6101
2024-12-26T21:00,holdout,2.08,35,1.27,48,-0.81,-0.24925,-0.85404,0.88967
2024-12-26T22:00,holdout,1.28,39,1.99,39,0.71,0.44682,0.55177,0.71
2024-12-26T23:00,holdout,1.66,25,2.23,50,0.57,1.00673,-0.07105,1.00924
2024-12-27T00:00,holdout,1.26,18,2.5,64,1.24,1.85762,-0.1024,1.86044
2024-12-27T01:00,holdout,0.32,288,2.91,71,2.59,3.0558,0.84852,3.17142
2024-12-27T02:00,holdout,2.1,25,2.64,80,0.54,1.71239,-1.44482,2.24049
2024-12-27T03:00,holdout,1.66,25,2.79,81,1.13,2.0541,-1.06802,2.31517
2024-12-27T04:00,holdout,0.86,36,2.93,81,2.07,2.38843,-0.2374,2.4002
2024-12-27T05:00,holdout,1.33,13,2.3,92,0.97,1.99941,-1.37618,2.42725
2024-12-27T06:00,holdout,1.0,6,2.25,89,1.25,2.14513,-0.95525,2.34821
2024-12-27T07:00,holdout,1.63,43,2.25,94,0.62,1.13286,-1.34906,1.76163
2024-12-27T08:00,holdout,1.41,45,2.27,98,0.86,1.25089,-1.31294,1.81343
2024-12-27T09:00,holdout,2.52,7,1.71,95,-0.81,1.39638,-2.65025,2.99562
2024-12-27T10:00,holdout,2.2,39,1.65,87,-0.55,0.26323,-1.62337,1.64457
2024-12-27T11:00,holdout,1.98,49,2.13,81,0.15,0.60945,-0.96579,1.14201
2024-12-27T12:00,holdout,2.08,35,2.12,82,0.04,0.90633,-1.40879,1.67515
2024-12-27T13:00,holdout,2.28,29,1.87,106,-0.41,0.69219,-2.50957,2.60329
2024-12-27T14:00,holdout,1.94,35,2.25,94,0.31,1.13178,-1.74611,2.08082
2024-12-27T15:00,holdout,2.36,54,1.81,95,-0.55,-0.10617,-1.54493,1.54857
2024-12-27T16:00,holdout,1.8,90,2.04,107,0.24,0.15086,-0.59644,0.61522
2024-12-27T17:00,holdout,1.8,90,2.33,115,0.53,0.3117,-0.9847,1.03286
2024-12-27T18:00,holdout,2.83,98,2.3,124,-0.53,-0.89567,-0.89228,1.26428
2024-12-27T19:00,holdout,2.5,90,2.66,118,0.16,-0.15136,-1.24879,1.25793
2024-12-27T20:00,holdout,1.93,111,2.53,117,0.6,0.45244,-0.45695,0.64304
2024-12-27T21:00,holdout,2.5,106,2.91,117,0.41,0.18967,-0.63202,0.65987
2024-12-27T22:00,holdout,2.7,90,3.0,120,0.3,-0.10192,-1.5,1.50346
2024-12-27T23:00,holdout,2.14,79,3.76,117,1.62,1.2495,-2.11534,2.45681
2024-12-28T00:00,holdout,2.84,80,3.61,132,0.77,-0.1141,-2.90872,2.91096
2024-12-28T01:00,holdout,2.95,114,4.26,149,1.31,-0.5009,-2.45166,2.50231
2024-12-28T02:00,holdout,2.56,31,3.58,157,1.02,0.08032,-5.48976,5.49034
2024-12-28T03:00,holdout,3.41,32,3.13,151,-0.28,-0.28957,-5.6294,5.63685
2024-12-28T04:00,holdout,2.92,52,3.28,159,0.36,-1.12554,-4.85988,4.98851
2024-12-28T05:00,holdout,1.53,58,3.13,163,1.6,-0.38239,-3.80401,3.82318
2024-12-28T06:00,holdout,1.71,69,3.4,166,1.69,-0.77389,-3.91181,3.98763
2024-12-28T07:00,holdout,2.31,72,3.54,167,1.23,-1.40061,-4.1631,4.39239
2024-12-28T08:00,holdout,2.4,88,3.36,169,0.96,-1.75742,-3.38203,3.81138
2024-12-28T09:00,holdout,1.33,77,3.48,173,2.15,-0.87181,-3.75325,3.85317
2024-12-28T10:00,holdout,1.26,72,3.01,184,1.75,-1.4083,-3.39203,3.67276
2024-12-28T11:00,holdout,2.14,101,2.66,185,0.52,-2.33252,-2.24155,3.23499
2024-12-28T12:00,holdout,0.73,74,2.61,184,1.88,-0.88379,-2.80486,2.9408
2024-12-28T13:00,holdout,1.17,121,3.01,201,1.84,-2.08157,-2.20748,3.03413
2024-12-28T14:00,holdout,2.38,68,3.13,205,0.75,-3.52949,-3.72831,5.13396
2024-12-28T15:00,holdout,1.04,163,3.37,212,2.33,-2.08989,-1.86337,2.79996
2024-12-28T16:00,holdout,3.05,212,4.21,208,1.16,-0.36022,-1.13066,1.18666
2024-12-28T17:00,holdout,3.26,207,4.42,211,1.16,-0.79646,-0.884,1.18987
2024-12-28T18:00,holdout,3.67,206,4.7,215,1.03,-1.08699,-0.55144,1.21886
2024-12-28T19:00,holdout,4.16,207,4.67,218,0.51,-0.98654,0.02658,0.9869
2024-12-28T20:00,holdout,3.42,218,3.87,216,0.45,-0.16917,-0.4359,0.46757
2024-12-28T21:00,holdout,2.37,208,3.2,209,0.83,-0.43874,-0.7062,0.83139
2024-12-28T22:00,holdout,1.7,208,3.34,204,1.64,-0.5604,-1.55023,1.64841
2024-12-28T23:00,holdout,1.6,180,2.35,209,0.75,-1.1393,-0.45536,1.22693
2024-12-29T00:00,holdout,1.49,138,1.92,205,0.43,-1.80843,-0.63283,1.91596
2024-12-29T01:00,holdout,2.09,107,1.91,185,-0.18,-2.16514,-1.29168,2.52117
2024-12-29T02:00,holdout,1.39,111,1.37,156,-0.02,-0.74045,-0.75343,1.05637
2024-12-29T03:00,holdout,1.39,120,2.31,150,0.92,-0.04878,-1.30552,1.30643
2024-12-29T04:00,holdout,1.68,73,2.14,159,0.46,-0.83968,-2.48905,2.62687
2024-12-29T05:00,holdout,1.8,19,1.35,141,-0.45,0.26356,-2.75108,2.76368
2024-12-29T06:00,holdout,2.47,58,1.16,97,-1.31,-0.94333,-1.45027,1.73007
2024-12-29T07:00,holdout,2.12,82,1.96,96,-0.16,-0.15011,-0.49992,0.52197
2024-12-29T08:00,holdout,1.84,77,3.02,119,1.18,0.84851,-1.87803,2.06082
2024-12-29T09:00,holdout,2.1,360,3.17,111,1.07,2.95945,-3.23603,4.38523
2024-12-29T10:00,holdout,1.12,63,3.13,110,2.01,1.94331,-1.57899,2.50393
2024-12-29T11:00,holdout,1.77,43,3.39,121,1.62,1.69866,-3.04048,3.48281
2024-12-29T12:00,holdout,3.76,40,3.87,130,0.11,0.54771,-5.36792,5.39579
2024-12-29T13:00,holdout,2.26,103,4.99,145,2.73,0.66007,-3.57918,3.63954
2024-12-29T14:00,holdout,2.61,58,4.59,147,1.98,0.28649,-5.23259,5.24042
2024-12-29T15:00,holdout,2.4,90,4.51,149,2.11,-0.07718,-3.86582,3.86659
2024-12-29T16:00,holdout,3.7,109,5.4,158,1.7,-1.47554,-3.80219,4.07847
2024-12-29T17:00,holdout,3.01,86,5.4,147,2.39,-0.06162,-4.73879,4.73919
2024-12-29T18:00,holdout,4.91,123,6.26,141,1.35,-0.17833,-2.19076,2.198
2024-12-29T19:00,holdout,4.83,124,6.89,152,2.06,-0.76959,-3.38261,3.46905
2024-12-29T20:00,holdout,4.11,229,7.41,170,3.3,4.38859,-4.60102,6.35839
2024-12-29T21:00,holdout,1.25,61,6.53,171,5.28,-0.07176,-7.05562,7.05598
2024-12-29T22:00,holdout,1.14,142,7.38,164,6.24,1.33235,-6.19578,6.33742
2024-12-29T23:00,holdout,2.02,123,7.59,174,5.57,-0.90074,-6.44825,6.51086
2024-12-30T00:00,holdout,3.8,180,7.47,188,3.67,-1.03962,-3.5973,3.74452
2024-12-30T01:00,holdout,3.41,177,8.77,209,5.36,-4.43025,-4.26509,6.14964
2024-12-30T02:00,holdout,8.91,209,7.56,216,-1.35,-0.124,1.67669,1.68127
2024-12-30T03:00,holdout,6.91,211,6.55,211,-0.36,0.18541,0.30858,0.36
2024-12-30T04:00,holdout,7.56,208,6.69,215,-0.87,-0.28802,1.19496,1.22918
2024-12-30T05:00,holdout,6.69,202,6.27,218,-0.42,-1.35408,1.26203,1.85102
2024-12-30T06:00,holdout,8.52,216,5.6,221,-2.92,1.334,2.66645,2.98153
2024-12-30T07:00,holdout,6.28,217,5.3,225,-0.98,0.03173,1.26777,1.26816
2024-12-30T08:00,holdout,6.31,221,4.77,225,-1.54,0.76683,1.38932,1.5869
2024-12-30T09:00,holdout,7.24,215,4.95,227,-2.29,0.53249,2.55477,2.60967
2024-12-30T10:00,holdout,5.66,225,5.01,234,-0.65,-0.05095,1.05742,1.05865
2024-12-30T11:00,holdout,5.66,222,5.07,239,-0.59,-0.55856,1.59496,1.68993
2024-12-30T12:00,holdout,4.78,233,5.46,245,0.68,-1.13096,0.56918,1.26611
2024-12-30T13:00,holdout,4.28,233,7.18,251,2.9,-3.37066,0.23819,3.37907
2024-12-30T14:00,holdout,5.78,240,5.75,257,-0.03,-0.597,1.59653,1.7045
2024-12-30T15:00,holdout,4.36,233,6.04,256,1.68,-2.37854,1.16271,2.64751
2024-12-30T16:00,holdout,5.94,237,6.35,260,0.41,-1.27183,2.13249,2.48295
2024-12-30T17:00,holdout,6.4,243,6.67,262,0.27,-0.90265,1.97725,2.17355
2024-12-30T18:00,holdout,5.86,243,6.51,259,0.65,-1.16909,1.41822,1.83797
2024-12-30T19:00,holdout,6.48,250,6.38,261,-0.1,-0.21224,1.21824,1.23659
2024-12-30T20:00,holdout,5.65,247,5.77,266,0.12,-0.55509,1.80514,1.88856
2024-12-30T21:00,holdout,4.68,254,3.97,265,-0.71,0.54381,0.94397,1.08941
2024-12-30T22:00,holdout,2.66,250,3.35,253,0.69,-0.70404,-0.06967,0.70748
2024-12-30T23:00,holdout,1.7,225,3.13,245,1.43,-1.63466,-0.12071,1.63911
2024-12-31T00:00,holdout,1.93,201,3.02,246,1.09,-2.06726,0.57347,2.14532
2024-12-31T01:00,holdout,1.92,219,3.39,254,1.47,-2.05038,0.55771,2.12488
2024-12-31T02:00,holdout,1.49,200,2.87,257,1.38,-2.28683,0.75453,2.40809
2024-12-31T03:00,holdout,0.63,252,2.03,260,1.4,-1.39999,-0.15783,1.40886
2024-12-31T04:00,holdout,0.67,297,1.61,234,0.94,-0.70554,-1.25051,1.43581
2024-12-31T05:00,holdout,0.81,120,1.23,192,0.42,-0.95721,-0.79812,1.2463
2024-12-31T06:00,holdout,1.84,45,1.75,156,-0.09,-0.58929,-2.89978,2.95905
2024-12-31T07:00,holdout,2.39,57,1.35,149,-1.04,-1.30912,-2.45886,2.78564
2024-12-31T08:00,holdout,1.8,56,1.27,138,-0.53,-0.64247,-1.95034,2.05344
2024-12-31T09:00,holdout,1.93,69,1.63,117,-0.3,-0.34947,-1.43165,1.47369
2024-12-31T10:00,holdout,2.41,42,2.27,82,-0.14,0.6353,-1.47506,1.60605
2024-12-31T11:00,holdout,1.92,51,3.2,90,1.28,1.70788,-1.2083,2.09209
2024-12-31T12:00,holdout,2.19,43,3.56,86,1.37,2.05775,-1.35333,2.46289
2024-12-31T13:00,holdout,1.9,3,3.3,91,1.4,3.20006,-1.95499,3.74998
2024-12-31T14:00,holdout,2.13,49,4.0,87,1.87,2.38699,-1.18806,2.66631
2024-12-31T15:00,holdout,3.63,82,3.42,84,-0.21,-0.19341,-0.14771,0.24336
2024-12-31T16:00,holdout,2.52,97,2.97,117,0.45,0.14507,-1.04124,1.0513
2024-12-31T17:00,holdout,1.84,77,3.57,149,1.73,0.04585,-3.474,3.4743
2024-12-31T18:00,holdout,0.95,18,3.58,144,2.63,1.81071,-3.79978,4.20916
2024-12-31T19:00,holdout,1.6,356,3.92,146,2.32,2.30365,-4.84593,5.36561
2024-12-31T20:00,holdout,2.06,61,3.9,144,1.84,0.49065,-4.15387,4.18275
2024-12-31T21:00,holdout,1.41,98,3.84,162,2.43,-0.20965,-3.45582,3.46218
2024-12-31T22:00,holdout,0.89,117,3.81,176,2.92,-0.52722,-3.39667,3.43734
2024-12-31T23:00,holdout,1.77,164,4.35,195,2.58,-1.61374,-2.50034,2.97588
